ISO-10303-21;
HEADER;
/* Generated by software containing ST-Developer
 * from STEP Tools, Inc. (www.steptools.com) 
 */

FILE_DESCRIPTION(
/* description */ (''),
/* implementation_level */ '2;1');

FILE_NAME(
/* name */ 'Mecanum Wheel Assembly.step',
/* time_stamp */ '2026-03-25T18:26:53Z',
/* author */ (''),
/* organization */ (''),
/* preprocessor_version */ 'ST-DEVELOPER v20.1',
/* originating_system */ 'Autodesk Translation Framework v14.24.0.0',
/* authorisation */ '');

FILE_SCHEMA (('AUTOMOTIVE_DESIGN { 1 0 10303 214 3 1 1 }'));
ENDSEC;

DATA;
#10=MECHANICAL_DESIGN_GEOMETRIC_PRESENTATION_REPRESENTATION('',(#203,#204,
#205,#206,#207),#6168);
#11=ITEM_DEFINED_TRANSFORMATION($,$,#3400,#3758);
#12=ITEM_DEFINED_TRANSFORMATION($,$,#3712,#3759);
#13=ITEM_DEFINED_TRANSFORMATION($,$,#3729,#3760);
#14=ITEM_DEFINED_TRANSFORMATION($,$,#3729,#3761);
#15=ITEM_DEFINED_TRANSFORMATION($,$,#3446,#3762);
#16=ITEM_DEFINED_TRANSFORMATION($,$,#3446,#3763);
#17=ITEM_DEFINED_TRANSFORMATION($,$,#3712,#3764);
#18=ITEM_DEFINED_TRANSFORMATION($,$,#3729,#3765);
#19=ITEM_DEFINED_TRANSFORMATION($,$,#3729,#3766);
#20=ITEM_DEFINED_TRANSFORMATION($,$,#3712,#3767);
#21=ITEM_DEFINED_TRANSFORMATION($,$,#3729,#3768);
#22=ITEM_DEFINED_TRANSFORMATION($,$,#3729,#3769);
#23=ITEM_DEFINED_TRANSFORMATION($,$,#3712,#3770);
#24=ITEM_DEFINED_TRANSFORMATION($,$,#3729,#3771);
#25=ITEM_DEFINED_TRANSFORMATION($,$,#3729,#3772);
#26=ITEM_DEFINED_TRANSFORMATION($,$,#3712,#3773);
#27=ITEM_DEFINED_TRANSFORMATION($,$,#3729,#3774);
#28=ITEM_DEFINED_TRANSFORMATION($,$,#3729,#3775);
#29=ITEM_DEFINED_TRANSFORMATION($,$,#3712,#3776);
#30=ITEM_DEFINED_TRANSFORMATION($,$,#3729,#3777);
#31=ITEM_DEFINED_TRANSFORMATION($,$,#3729,#3778);
#32=ITEM_DEFINED_TRANSFORMATION($,$,#3712,#3779);
#33=ITEM_DEFINED_TRANSFORMATION($,$,#3729,#3780);
#34=ITEM_DEFINED_TRANSFORMATION($,$,#3729,#3781);
#35=ITEM_DEFINED_TRANSFORMATION($,$,#3712,#3782);
#36=ITEM_DEFINED_TRANSFORMATION($,$,#3729,#3783);
#37=ITEM_DEFINED_TRANSFORMATION($,$,#3729,#3784);
#38=ITEM_DEFINED_TRANSFORMATION($,$,#3746,#3785);
#39=ITEM_DEFINED_TRANSFORMATION($,$,#3746,#3786);
#40=ITEM_DEFINED_TRANSFORMATION($,$,#3746,#3787);
#41=ITEM_DEFINED_TRANSFORMATION($,$,#3746,#3788);
#42=ITEM_DEFINED_TRANSFORMATION($,$,#3746,#3789);
#43=ITEM_DEFINED_TRANSFORMATION($,$,#3746,#3790);
#44=ITEM_DEFINED_TRANSFORMATION($,$,#3746,#3791);
#45=ITEM_DEFINED_TRANSFORMATION($,$,#3746,#3792);
#46=ITEM_DEFINED_TRANSFORMATION($,$,#3746,#3793);
#47=ITEM_DEFINED_TRANSFORMATION($,$,#3746,#3794);
#48=ITEM_DEFINED_TRANSFORMATION($,$,#3746,#3795);
#49=ITEM_DEFINED_TRANSFORMATION($,$,#3746,#3796);
#50=ITEM_DEFINED_TRANSFORMATION($,$,#3746,#3797);
#51=ITEM_DEFINED_TRANSFORMATION($,$,#3746,#3798);
#52=ITEM_DEFINED_TRANSFORMATION($,$,#3746,#3799);
#53=ITEM_DEFINED_TRANSFORMATION($,$,#3746,#3800);
#54=(
REPRESENTATION_RELATIONSHIP($,$,#6229,#6228)
REPRESENTATION_RELATIONSHIP_WITH_TRANSFORMATION(#11)
SHAPE_REPRESENTATION_RELATIONSHIP()
);
#55=(
REPRESENTATION_RELATIONSHIP($,$,#6231,#6228)
REPRESENTATION_RELATIONSHIP_WITH_TRANSFORMATION(#12)
SHAPE_REPRESENTATION_RELATIONSHIP()
);
#56=(
REPRESENTATION_RELATIONSHIP($,$,#6232,#6228)
REPRESENTATION_RELATIONSHIP_WITH_TRANSFORMATION(#13)
SHAPE_REPRESENTATION_RELATIONSHIP()
);
#57=(
REPRESENTATION_RELATIONSHIP($,$,#6232,#6228)
REPRESENTATION_RELATIONSHIP_WITH_TRANSFORMATION(#14)
SHAPE_REPRESENTATION_RELATIONSHIP()
);
#58=(
REPRESENTATION_RELATIONSHIP($,$,#6230,#6228)
REPRESENTATION_RELATIONSHIP_WITH_TRANSFORMATION(#15)
SHAPE_REPRESENTATION_RELATIONSHIP()
);
#59=(
REPRESENTATION_RELATIONSHIP($,$,#6230,#6228)
REPRESENTATION_RELATIONSHIP_WITH_TRANSFORMATION(#16)
SHAPE_REPRESENTATION_RELATIONSHIP()
);
#60=(
REPRESENTATION_RELATIONSHIP($,$,#6231,#6228)
REPRESENTATION_RELATIONSHIP_WITH_TRANSFORMATION(#17)
SHAPE_REPRESENTATION_RELATIONSHIP()
);
#61=(
REPRESENTATION_RELATIONSHIP($,$,#6232,#6228)
REPRESENTATION_RELATIONSHIP_WITH_TRANSFORMATION(#18)
SHAPE_REPRESENTATION_RELATIONSHIP()
);
#62=(
REPRESENTATION_RELATIONSHIP($,$,#6232,#6228)
REPRESENTATION_RELATIONSHIP_WITH_TRANSFORMATION(#19)
SHAPE_REPRESENTATION_RELATIONSHIP()
);
#63=(
REPRESENTATION_RELATIONSHIP($,$,#6231,#6228)
REPRESENTATION_RELATIONSHIP_WITH_TRANSFORMATION(#20)
SHAPE_REPRESENTATION_RELATIONSHIP()
);
#64=(
REPRESENTATION_RELATIONSHIP($,$,#6232,#6228)
REPRESENTATION_RELATIONSHIP_WITH_TRANSFORMATION(#21)
SHAPE_REPRESENTATION_RELATIONSHIP()
);
#65=(
REPRESENTATION_RELATIONSHIP($,$,#6232,#6228)
REPRESENTATION_RELATIONSHIP_WITH_TRANSFORMATION(#22)
SHAPE_REPRESENTATION_RELATIONSHIP()
);
#66=(
REPRESENTATION_RELATIONSHIP($,$,#6231,#6228)
REPRESENTATION_RELATIONSHIP_WITH_TRANSFORMATION(#23)
SHAPE_REPRESENTATION_RELATIONSHIP()
);
#67=(
REPRESENTATION_RELATIONSHIP($,$,#6232,#6228)
REPRESENTATION_RELATIONSHIP_WITH_TRANSFORMATION(#24)
SHAPE_REPRESENTATION_RELATIONSHIP()
);
#68=(
REPRESENTATION_RELATIONSHIP($,$,#6232,#6228)
REPRESENTATION_RELATIONSHIP_WITH_TRANSFORMATION(#25)
SHAPE_REPRESENTATION_RELATIONSHIP()
);
#69=(
REPRESENTATION_RELATIONSHIP($,$,#6231,#6228)
REPRESENTATION_RELATIONSHIP_WITH_TRANSFORMATION(#26)
SHAPE_REPRESENTATION_RELATIONSHIP()
);
#70=(
REPRESENTATION_RELATIONSHIP($,$,#6232,#6228)
REPRESENTATION_RELATIONSHIP_WITH_TRANSFORMATION(#27)
SHAPE_REPRESENTATION_RELATIONSHIP()
);
#71=(
REPRESENTATION_RELATIONSHIP($,$,#6232,#6228)
REPRESENTATION_RELATIONSHIP_WITH_TRANSFORMATION(#28)
SHAPE_REPRESENTATION_RELATIONSHIP()
);
#72=(
REPRESENTATION_RELATIONSHIP($,$,#6231,#6228)
REPRESENTATION_RELATIONSHIP_WITH_TRANSFORMATION(#29)
SHAPE_REPRESENTATION_RELATIONSHIP()
);
#73=(
REPRESENTATION_RELATIONSHIP($,$,#6232,#6228)
REPRESENTATION_RELATIONSHIP_WITH_TRANSFORMATION(#30)
SHAPE_REPRESENTATION_RELATIONSHIP()
);
#74=(
REPRESENTATION_RELATIONSHIP($,$,#6232,#6228)
REPRESENTATION_RELATIONSHIP_WITH_TRANSFORMATION(#31)
SHAPE_REPRESENTATION_RELATIONSHIP()
);
#75=(
REPRESENTATION_RELATIONSHIP($,$,#6231,#6228)
REPRESENTATION_RELATIONSHIP_WITH_TRANSFORMATION(#32)
SHAPE_REPRESENTATION_RELATIONSHIP()
);
#76=(
REPRESENTATION_RELATIONSHIP($,$,#6232,#6228)
REPRESENTATION_RELATIONSHIP_WITH_TRANSFORMATION(#33)
SHAPE_REPRESENTATION_RELATIONSHIP()
);
#77=(
REPRESENTATION_RELATIONSHIP($,$,#6232,#6228)
REPRESENTATION_RELATIONSHIP_WITH_TRANSFORMATION(#34)
SHAPE_REPRESENTATION_RELATIONSHIP()
);
#78=(
REPRESENTATION_RELATIONSHIP($,$,#6231,#6228)
REPRESENTATION_RELATIONSHIP_WITH_TRANSFORMATION(#35)
SHAPE_REPRESENTATION_RELATIONSHIP()
);
#79=(
REPRESENTATION_RELATIONSHIP($,$,#6232,#6228)
REPRESENTATION_RELATIONSHIP_WITH_TRANSFORMATION(#36)
SHAPE_REPRESENTATION_RELATIONSHIP()
);
#80=(
REPRESENTATION_RELATIONSHIP($,$,#6232,#6228)
REPRESENTATION_RELATIONSHIP_WITH_TRANSFORMATION(#37)
SHAPE_REPRESENTATION_RELATIONSHIP()
);
#81=(
REPRESENTATION_RELATIONSHIP($,$,#6233,#6228)
REPRESENTATION_RELATIONSHIP_WITH_TRANSFORMATION(#38)
SHAPE_REPRESENTATION_RELATIONSHIP()
);
#82=(
REPRESENTATION_RELATIONSHIP($,$,#6233,#6228)
REPRESENTATION_RELATIONSHIP_WITH_TRANSFORMATION(#39)
SHAPE_REPRESENTATION_RELATIONSHIP()
);
#83=(
REPRESENTATION_RELATIONSHIP($,$,#6233,#6228)
REPRESENTATION_RELATIONSHIP_WITH_TRANSFORMATION(#40)
SHAPE_REPRESENTATION_RELATIONSHIP()
);
#84=(
REPRESENTATION_RELATIONSHIP($,$,#6233,#6228)
REPRESENTATION_RELATIONSHIP_WITH_TRANSFORMATION(#41)
SHAPE_REPRESENTATION_RELATIONSHIP()
);
#85=(
REPRESENTATION_RELATIONSHIP($,$,#6233,#6228)
REPRESENTATION_RELATIONSHIP_WITH_TRANSFORMATION(#42)
SHAPE_REPRESENTATION_RELATIONSHIP()
);
#86=(
REPRESENTATION_RELATIONSHIP($,$,#6233,#6228)
REPRESENTATION_RELATIONSHIP_WITH_TRANSFORMATION(#43)
SHAPE_REPRESENTATION_RELATIONSHIP()
);
#87=(
REPRESENTATION_RELATIONSHIP($,$,#6233,#6228)
REPRESENTATION_RELATIONSHIP_WITH_TRANSFORMATION(#44)
SHAPE_REPRESENTATION_RELATIONSHIP()
);
#88=(
REPRESENTATION_RELATIONSHIP($,$,#6233,#6228)
REPRESENTATION_RELATIONSHIP_WITH_TRANSFORMATION(#45)
SHAPE_REPRESENTATION_RELATIONSHIP()
);
#89=(
REPRESENTATION_RELATIONSHIP($,$,#6233,#6228)
REPRESENTATION_RELATIONSHIP_WITH_TRANSFORMATION(#46)
SHAPE_REPRESENTATION_RELATIONSHIP()
);
#90=(
REPRESENTATION_RELATIONSHIP($,$,#6233,#6228)
REPRESENTATION_RELATIONSHIP_WITH_TRANSFORMATION(#47)
SHAPE_REPRESENTATION_RELATIONSHIP()
);
#91=(
REPRESENTATION_RELATIONSHIP($,$,#6233,#6228)
REPRESENTATION_RELATIONSHIP_WITH_TRANSFORMATION(#48)
SHAPE_REPRESENTATION_RELATIONSHIP()
);
#92=(
REPRESENTATION_RELATIONSHIP($,$,#6233,#6228)
REPRESENTATION_RELATIONSHIP_WITH_TRANSFORMATION(#49)
SHAPE_REPRESENTATION_RELATIONSHIP()
);
#93=(
REPRESENTATION_RELATIONSHIP($,$,#6233,#6228)
REPRESENTATION_RELATIONSHIP_WITH_TRANSFORMATION(#50)
SHAPE_REPRESENTATION_RELATIONSHIP()
);
#94=(
REPRESENTATION_RELATIONSHIP($,$,#6233,#6228)
REPRESENTATION_RELATIONSHIP_WITH_TRANSFORMATION(#51)
SHAPE_REPRESENTATION_RELATIONSHIP()
);
#95=(
REPRESENTATION_RELATIONSHIP($,$,#6233,#6228)
REPRESENTATION_RELATIONSHIP_WITH_TRANSFORMATION(#52)
SHAPE_REPRESENTATION_RELATIONSHIP()
);
#96=(
REPRESENTATION_RELATIONSHIP($,$,#6233,#6228)
REPRESENTATION_RELATIONSHIP_WITH_TRANSFORMATION(#53)
SHAPE_REPRESENTATION_RELATIONSHIP()
);
#97=CONTEXT_DEPENDENT_SHAPE_REPRESENTATION(#54,#6185);
#98=CONTEXT_DEPENDENT_SHAPE_REPRESENTATION(#55,#6186);
#99=CONTEXT_DEPENDENT_SHAPE_REPRESENTATION(#56,#6187);
#100=CONTEXT_DEPENDENT_SHAPE_REPRESENTATION(#57,#6188);
#101=CONTEXT_DEPENDENT_SHAPE_REPRESENTATION(#58,#6189);
#102=CONTEXT_DEPENDENT_SHAPE_REPRESENTATION(#59,#6190);
#103=CONTEXT_DEPENDENT_SHAPE_REPRESENTATION(#60,#6191);
#104=CONTEXT_DEPENDENT_SHAPE_REPRESENTATION(#61,#6192);
#105=CONTEXT_DEPENDENT_SHAPE_REPRESENTATION(#62,#6193);
#106=CONTEXT_DEPENDENT_SHAPE_REPRESENTATION(#63,#6194);
#107=CONTEXT_DEPENDENT_SHAPE_REPRESENTATION(#64,#6195);
#108=CONTEXT_DEPENDENT_SHAPE_REPRESENTATION(#65,#6196);
#109=CONTEXT_DEPENDENT_SHAPE_REPRESENTATION(#66,#6197);
#110=CONTEXT_DEPENDENT_SHAPE_REPRESENTATION(#67,#6198);
#111=CONTEXT_DEPENDENT_SHAPE_REPRESENTATION(#68,#6199);
#112=CONTEXT_DEPENDENT_SHAPE_REPRESENTATION(#69,#6200);
#113=CONTEXT_DEPENDENT_SHAPE_REPRESENTATION(#70,#6201);
#114=CONTEXT_DEPENDENT_SHAPE_REPRESENTATION(#71,#6202);
#115=CONTEXT_DEPENDENT_SHAPE_REPRESENTATION(#72,#6203);
#116=CONTEXT_DEPENDENT_SHAPE_REPRESENTATION(#73,#6204);
#117=CONTEXT_DEPENDENT_SHAPE_REPRESENTATION(#74,#6205);
#118=CONTEXT_DEPENDENT_SHAPE_REPRESENTATION(#75,#6206);
#119=CONTEXT_DEPENDENT_SHAPE_REPRESENTATION(#76,#6207);
#120=CONTEXT_DEPENDENT_SHAPE_REPRESENTATION(#77,#6208);
#121=CONTEXT_DEPENDENT_SHAPE_REPRESENTATION(#78,#6209);
#122=CONTEXT_DEPENDENT_SHAPE_REPRESENTATION(#79,#6210);
#123=CONTEXT_DEPENDENT_SHAPE_REPRESENTATION(#80,#6211);
#124=CONTEXT_DEPENDENT_SHAPE_REPRESENTATION(#81,#6212);
#125=CONTEXT_DEPENDENT_SHAPE_REPRESENTATION(#82,#6213);
#126=CONTEXT_DEPENDENT_SHAPE_REPRESENTATION(#83,#6214);
#127=CONTEXT_DEPENDENT_SHAPE_REPRESENTATION(#84,#6215);
#128=CONTEXT_DEPENDENT_SHAPE_REPRESENTATION(#85,#6216);
#129=CONTEXT_DEPENDENT_SHAPE_REPRESENTATION(#86,#6217);
#130=CONTEXT_DEPENDENT_SHAPE_REPRESENTATION(#87,#6218);
#131=CONTEXT_DEPENDENT_SHAPE_REPRESENTATION(#88,#6219);
#132=CONTEXT_DEPENDENT_SHAPE_REPRESENTATION(#89,#6220);
#133=CONTEXT_DEPENDENT_SHAPE_REPRESENTATION(#90,#6221);
#134=CONTEXT_DEPENDENT_SHAPE_REPRESENTATION(#91,#6222);
#135=CONTEXT_DEPENDENT_SHAPE_REPRESENTATION(#92,#6223);
#136=CONTEXT_DEPENDENT_SHAPE_REPRESENTATION(#93,#6224);
#137=CONTEXT_DEPENDENT_SHAPE_REPRESENTATION(#94,#6225);
#138=CONTEXT_DEPENDENT_SHAPE_REPRESENTATION(#95,#6226);
#139=CONTEXT_DEPENDENT_SHAPE_REPRESENTATION(#96,#6227);
#140=NEXT_ASSEMBLY_USAGE_OCCURRENCE('Internal connector v2:1',
'Internal connector v2:1','Internal connector v2:1',#6235,#6236,
'Internal connector v2:1');
#141=NEXT_ASSEMBLY_USAGE_OCCURRENCE('Roller v4:1','Roller v4:1',
'Roller v4:1',#6235,#6238,'Roller v4:1');
#142=NEXT_ASSEMBLY_USAGE_OCCURRENCE('Roller joint v3:1',
'Roller joint v3:1','Roller joint v3:1',#6235,#6239,'Roller joint v3:1');
#143=NEXT_ASSEMBLY_USAGE_OCCURRENCE('Roller joint v3:2',
'Roller joint v3:2','Roller joint v3:2',#6235,#6239,'Roller joint v3:2');
#144=NEXT_ASSEMBLY_USAGE_OCCURRENCE('Side Panel v15:1',
'Side Panel v15:1','Side Panel v15:1',#6235,#6237,'Side Panel v15:1');
#145=NEXT_ASSEMBLY_USAGE_OCCURRENCE('Side Panel v15:2',
'Side Panel v15:2','Side Panel v15:2',#6235,#6237,'Side Panel v15:2');
#146=NEXT_ASSEMBLY_USAGE_OCCURRENCE('Roller v4:2','Roller v4:2',
'Roller v4:2',#6235,#6238,'Roller v4:2');
#147=NEXT_ASSEMBLY_USAGE_OCCURRENCE('Roller joint v3:3',
'Roller joint v3:3','Roller joint v3:3',#6235,#6239,'Roller joint v3:3');
#148=NEXT_ASSEMBLY_USAGE_OCCURRENCE('Roller joint v3:4',
'Roller joint v3:4','Roller joint v3:4',#6235,#6239,'Roller joint v3:4');
#149=NEXT_ASSEMBLY_USAGE_OCCURRENCE('Roller v4:3','Roller v4:3',
'Roller v4:3',#6235,#6238,'Roller v4:3');
#150=NEXT_ASSEMBLY_USAGE_OCCURRENCE('Roller joint v3:5',
'Roller joint v3:5','Roller joint v3:5',#6235,#6239,'Roller joint v3:5');
#151=NEXT_ASSEMBLY_USAGE_OCCURRENCE('Roller joint v3:6',
'Roller joint v3:6','Roller joint v3:6',#6235,#6239,'Roller joint v3:6');
#152=NEXT_ASSEMBLY_USAGE_OCCURRENCE('Roller v4:4','Roller v4:4',
'Roller v4:4',#6235,#6238,'Roller v4:4');
#153=NEXT_ASSEMBLY_USAGE_OCCURRENCE('Roller joint v3:7',
'Roller joint v3:7','Roller joint v3:7',#6235,#6239,'Roller joint v3:7');
#154=NEXT_ASSEMBLY_USAGE_OCCURRENCE('Roller joint v3:8',
'Roller joint v3:8','Roller joint v3:8',#6235,#6239,'Roller joint v3:8');
#155=NEXT_ASSEMBLY_USAGE_OCCURRENCE('Roller v4:5','Roller v4:5',
'Roller v4:5',#6235,#6238,'Roller v4:5');
#156=NEXT_ASSEMBLY_USAGE_OCCURRENCE('Roller joint v3:9',
'Roller joint v3:9','Roller joint v3:9',#6235,#6239,'Roller joint v3:9');
#157=NEXT_ASSEMBLY_USAGE_OCCURRENCE('Roller joint v3:10',
'Roller joint v3:10','Roller joint v3:10',#6235,#6239,
'Roller joint v3:10');
#158=NEXT_ASSEMBLY_USAGE_OCCURRENCE('Roller v4:6','Roller v4:6',
'Roller v4:6',#6235,#6238,'Roller v4:6');
#159=NEXT_ASSEMBLY_USAGE_OCCURRENCE('Roller joint v3:11',
'Roller joint v3:11','Roller joint v3:11',#6235,#6239,
'Roller joint v3:11');
#160=NEXT_ASSEMBLY_USAGE_OCCURRENCE('Roller joint v3:12',
'Roller joint v3:12','Roller joint v3:12',#6235,#6239,
'Roller joint v3:12');
#161=NEXT_ASSEMBLY_USAGE_OCCURRENCE('Roller v4:7','Roller v4:7',
'Roller v4:7',#6235,#6238,'Roller v4:7');
#162=NEXT_ASSEMBLY_USAGE_OCCURRENCE('Roller joint v3:13',
'Roller joint v3:13','Roller joint v3:13',#6235,#6239,
'Roller joint v3:13');
#163=NEXT_ASSEMBLY_USAGE_OCCURRENCE('Roller joint v3:14',
'Roller joint v3:14','Roller joint v3:14',#6235,#6239,
'Roller joint v3:14');
#164=NEXT_ASSEMBLY_USAGE_OCCURRENCE('Roller v4:8','Roller v4:8',
'Roller v4:8',#6235,#6238,'Roller v4:8');
#165=NEXT_ASSEMBLY_USAGE_OCCURRENCE('Roller joint v3:15',
'Roller joint v3:15','Roller joint v3:15',#6235,#6239,
'Roller joint v3:15');
#166=NEXT_ASSEMBLY_USAGE_OCCURRENCE('Roller joint v3:16',
'Roller joint v3:16','Roller joint v3:16',#6235,#6239,
'Roller joint v3:16');
#167=NEXT_ASSEMBLY_USAGE_OCCURRENCE('miniwheel connector pin v2:1',
'miniwheel connector pin v2:1','miniwheel connector pin v2:1',#6235,#6240,
'miniwheel connector pin v2:1');
#168=NEXT_ASSEMBLY_USAGE_OCCURRENCE('miniwheel connector pin v2:2',
'miniwheel connector pin v2:2','miniwheel connector pin v2:2',#6235,#6240,
'miniwheel connector pin v2:2');
#169=NEXT_ASSEMBLY_USAGE_OCCURRENCE('miniwheel connector pin v2:4',
'miniwheel connector pin v2:4','miniwheel connector pin v2:4',#6235,#6240,
'miniwheel connector pin v2:4');
#170=NEXT_ASSEMBLY_USAGE_OCCURRENCE('miniwheel connector pin v2:3',
'miniwheel connector pin v2:3','miniwheel connector pin v2:3',#6235,#6240,
'miniwheel connector pin v2:3');
#171=NEXT_ASSEMBLY_USAGE_OCCURRENCE('miniwheel connector pin v2:6',
'miniwheel connector pin v2:6','miniwheel connector pin v2:6',#6235,#6240,
'miniwheel connector pin v2:6');
#172=NEXT_ASSEMBLY_USAGE_OCCURRENCE('miniwheel connector pin v2:5',
'miniwheel connector pin v2:5','miniwheel connector pin v2:5',#6235,#6240,
'miniwheel connector pin v2:5');
#173=NEXT_ASSEMBLY_USAGE_OCCURRENCE('miniwheel connector pin v2:8',
'miniwheel connector pin v2:8','miniwheel connector pin v2:8',#6235,#6240,
'miniwheel connector pin v2:8');
#174=NEXT_ASSEMBLY_USAGE_OCCURRENCE('miniwheel connector pin v2:7',
'miniwheel connector pin v2:7','miniwheel connector pin v2:7',#6235,#6240,
'miniwheel connector pin v2:7');
#175=NEXT_ASSEMBLY_USAGE_OCCURRENCE('miniwheel connector pin v2:10',
'miniwheel connector pin v2:10','miniwheel connector pin v2:10',#6235,#6240,
'miniwheel connector pin v2:10');
#176=NEXT_ASSEMBLY_USAGE_OCCURRENCE('miniwheel connector pin v2:9',
'miniwheel connector pin v2:9','miniwheel connector pin v2:9',#6235,#6240,
'miniwheel connector pin v2:9');
#177=NEXT_ASSEMBLY_USAGE_OCCURRENCE('miniwheel connector pin v2:12',
'miniwheel connector pin v2:12','miniwheel connector pin v2:12',#6235,#6240,
'miniwheel connector pin v2:12');
#178=NEXT_ASSEMBLY_USAGE_OCCURRENCE('miniwheel connector pin v2:11',
'miniwheel connector pin v2:11','miniwheel connector pin v2:11',#6235,#6240,
'miniwheel connector pin v2:11');
#179=NEXT_ASSEMBLY_USAGE_OCCURRENCE('miniwheel connector pin v2:14',
'miniwheel connector pin v2:14','miniwheel connector pin v2:14',#6235,#6240,
'miniwheel connector pin v2:14');
#180=NEXT_ASSEMBLY_USAGE_OCCURRENCE('miniwheel connector pin v2:13',
'miniwheel connector pin v2:13','miniwheel connector pin v2:13',#6235,#6240,
'miniwheel connector pin v2:13');
#181=NEXT_ASSEMBLY_USAGE_OCCURRENCE('miniwheel connector pin v2:16',
'miniwheel connector pin v2:16','miniwheel connector pin v2:16',#6235,#6240,
'miniwheel connector pin v2:16');
#182=NEXT_ASSEMBLY_USAGE_OCCURRENCE('miniwheel connector pin v2:15',
'miniwheel connector pin v2:15','miniwheel connector pin v2:15',#6235,#6240,
'miniwheel connector pin v2:15');
#183=(
BOUNDED_CURVE()
B_SPLINE_CURVE(5,(#5857,#5858,#5859,#5860,#5861,#5862,#5863,#5864,#5865,
#5866),.UNSPECIFIED.,.F.,.F.)
B_SPLINE_CURVE_WITH_KNOTS((6,1,1,1,1,6),(0.0656913806626969,0.2,0.4,0.6,
0.8,1.),.UNSPECIFIED.)
CURVE()
GEOMETRIC_REPRESENTATION_ITEM()
RATIONAL_B_SPLINE_CURVE((1.,1.,1.,1.,1.,1.,1.,1.,1.,1.))
REPRESENTATION_ITEM('')
);
#184=(
BOUNDED_CURVE()
B_SPLINE_CURVE(5,(#6034,#6035,#6036,#6037,#6038,#6039,#6040,#6041,#6042,
#6043),.UNSPECIFIED.,.F.,.F.)
B_SPLINE_CURVE_WITH_KNOTS((6,1,1,1,1,6),(0.0656913806626971,0.2,0.4,0.6,
0.8,1.),.UNSPECIFIED.)
CURVE()
GEOMETRIC_REPRESENTATION_ITEM()
RATIONAL_B_SPLINE_CURVE((1.,1.,1.,1.,1.,1.,1.,1.,1.,1.))
REPRESENTATION_ITEM('')
);
#185=(
BOUNDED_SURFACE()
B_SPLINE_SURFACE(5,2,((#5766,#5767,#5768,#5769,#5770,#5771,#5772,#5773,
#5774),(#5775,#5776,#5777,#5778,#5779,#5780,#5781,#5782,#5783),(#5784,#5785,
#5786,#5787,#5788,#5789,#5790,#5791,#5792),(#5793,#5794,#5795,#5796,#5797,
#5798,#5799,#5800,#5801),(#5802,#5803,#5804,#5805,#5806,#5807,#5808,#5809,
#5810),(#5811,#5812,#5813,#5814,#5815,#5816,#5817,#5818,#5819),(#5820,#5821,
#5822,#5823,#5824,#5825,#5826,#5827,#5828),(#5829,#5830,#5831,#5832,#5833,
#5834,#5835,#5836,#5837),(#5838,#5839,#5840,#5841,#5842,#5843,#5844,#5845,
#5846),(#5847,#5848,#5849,#5850,#5851,#5852,#5853,#5854,#5855)),
 .UNSPECIFIED.,.F.,.T.,.F.)
B_SPLINE_SURFACE_WITH_KNOTS((6,1,1,1,1,6),(3,2,2,2,3),(0.,0.2,0.4,0.6,0.8,
1.),(0.,1.5707963267949,3.14159265358979,4.71238898038469,6.28318530717959),
 .UNSPECIFIED.)
GEOMETRIC_REPRESENTATION_ITEM()
RATIONAL_B_SPLINE_SURFACE(((1.,0.707106781186548,1.,0.707106781186548,1.,
0.707106781186548,1.,0.707106781186548,1.),(1.,0.707106781186548,1.,0.707106781186548,
1.,0.707106781186548,1.,0.707106781186548,1.),(1.,0.707106781186548,1.,
0.707106781186548,1.,0.707106781186548,1.,0.707106781186548,1.),(1.,0.707106781186548,
1.,0.707106781186548,1.,0.707106781186548,1.,0.707106781186548,1.),(1.,
0.707106781186548,1.,0.707106781186548,1.,0.707106781186548,1.,0.707106781186548,
1.),(1.,0.707106781186548,1.,0.707106781186548,1.,0.707106781186548,1.,
0.707106781186548,1.),(1.,0.707106781186548,1.,0.707106781186548,1.,0.707106781186548,
1.,0.707106781186548,1.),(1.,0.707106781186548,1.,0.707106781186548,1.,
0.707106781186548,1.,0.707106781186548,1.),(1.,0.707106781186548,1.,0.707106781186548,
1.,0.707106781186548,1.,0.707106781186548,1.),(1.,0.707106781186548,1.,
0.707106781186548,1.,0.707106781186548,1.,0.707106781186548,1.)))
REPRESENTATION_ITEM('')
SURFACE()
);
#186=(
BOUNDED_SURFACE()
B_SPLINE_SURFACE(5,2,((#5944,#5945,#5946,#5947,#5948,#5949,#5950,#5951,
#5952),(#5953,#5954,#5955,#5956,#5957,#5958,#5959,#5960,#5961),(#5962,#5963,
#5964,#5965,#5966,#5967,#5968,#5969,#5970),(#5971,#5972,#5973,#5974,#5975,
#5976,#5977,#5978,#5979),(#5980,#5981,#5982,#5983,#5984,#5985,#5986,#5987,
#5988),(#5989,#5990,#5991,#5992,#5993,#5994,#5995,#5996,#5997),(#5998,#5999,
#6000,#6001,#6002,#6003,#6004,#6005,#6006),(#6007,#6008,#6009,#6010,#6011,
#6012,#6013,#6014,#6015),(#6016,#6017,#6018,#6019,#6020,#6021,#6022,#6023,
#6024),(#6025,#6026,#6027,#6028,#6029,#6030,#6031,#6032,#6033)),
 .UNSPECIFIED.,.F.,.T.,.F.)
B_SPLINE_SURFACE_WITH_KNOTS((6,1,1,1,1,6),(3,2,2,2,3),(-1.,-0.8,-0.6,-0.4,
-0.2,0.),(0.,1.5707963267949,3.14159265358979,4.71238898038469,6.28318530717959),
 .UNSPECIFIED.)
GEOMETRIC_REPRESENTATION_ITEM()
RATIONAL_B_SPLINE_SURFACE(((1.,0.707106781186548,1.,0.707106781186548,1.,
0.707106781186548,1.,0.707106781186548,1.),(1.,0.707106781186548,1.,0.707106781186548,
1.,0.707106781186548,1.,0.707106781186548,1.),(1.,0.707106781186548,1.,
0.707106781186548,1.,0.707106781186548,1.,0.707106781186548,1.),(1.,0.707106781186548,
1.,0.707106781186548,1.,0.707106781186548,1.,0.707106781186548,1.),(1.,
0.707106781186548,1.,0.707106781186548,1.,0.707106781186548,1.,0.707106781186548,
1.),(1.,0.707106781186548,1.,0.707106781186548,1.,0.707106781186548,1.,
0.707106781186548,1.),(1.,0.707106781186548,1.,0.707106781186548,1.,0.707106781186548,
1.,0.707106781186548,1.),(1.,0.707106781186548,1.,0.707106781186548,1.,
0.707106781186548,1.,0.707106781186548,1.),(1.,0.707106781186548,1.,0.707106781186548,
1.,0.707106781186548,1.,0.707106781186548,1.),(1.,0.707106781186548,1.,
0.707106781186548,1.,0.707106781186548,1.,0.707106781186548,1.)))
REPRESENTATION_ITEM('')
SURFACE()
);
#187=B_SPLINE_CURVE_WITH_KNOTS('',3,(#5742,#5743,#5744,#5745,#5746,#5747,
#5748,#5749,#5750,#5751,#5752,#5753),.UNSPECIFIED.,.T.,.F.,(4,1,1,1,1,1,
1,1,1,4),(0.,0.448798950512828,0.897597901025655,1.79519580205131,2.69279370307697,
3.59039160410262,4.48798950512828,5.38558740615393,5.83438635666676,6.28318530717959),
 .UNSPECIFIED.);
#188=B_SPLINE_CURVE_WITH_KNOTS('',3,(#5754,#5755,#5756,#5757,#5758,#5759,
#5760,#5761,#5762,#5763,#5764,#5765),.UNSPECIFIED.,.T.,.F.,(4,1,1,1,1,1,
1,1,1,4),(-6.28318530717959,-5.83438635666676,-5.38558740615393,-4.48798950512828,
-3.59039160410262,-2.69279370307697,-1.79519580205131,-0.897597901025655,
-0.448798950512828,0.),.UNSPECIFIED.);
#189=B_SPLINE_CURVE_WITH_KNOTS('',3,(#5924,#5925,#5926,#5927,#5928,#5929,
#5930,#5931,#5932,#5933),.UNSPECIFIED.,.T.,.F.,(4,1,1,1,1,1,1,4),(0.,0.897597901025655,
1.79519580205131,2.69279370307697,3.59039160410262,4.48798950512828,5.38558740615393,
6.28318530717959),.UNSPECIFIED.);
#190=B_SPLINE_CURVE_WITH_KNOTS('',3,(#5934,#5935,#5936,#5937,#5938,#5939,
#5940,#5941,#5942,#5943),.UNSPECIFIED.,.T.,.F.,(4,1,1,1,1,1,1,4),(-6.28318530717959,
-5.38558740615393,-4.48798950512828,-3.59039160410262,-2.69279370307697,
-1.79519580205131,-0.897597901025655,0.),.UNSPECIFIED.);
#191=B_SPLINE_SURFACE_WITH_KNOTS('',3,3,((#5679,#5680,#5681,#5682,#5683,
#5684,#5685,#5686,#5687,#5688,#5689,#5690),(#5691,#5692,#5693,#5694,#5695,
#5696,#5697,#5698,#5699,#5700,#5701,#5702),(#5703,#5704,#5705,#5706,#5707,
#5708,#5709,#5710,#5711,#5712,#5713,#5714),(#5715,#5716,#5717,#5718,#5719,
#5720,#5721,#5722,#5723,#5724,#5725,#5726),(#5727,#5728,#5729,#5730,#5731,
#5732,#5733,#5734,#5735,#5736,#5737,#5738)),.UNSPECIFIED.,.F.,.T.,.F.,(4,
1,4),(4,1,1,1,1,1,1,1,1,4),(0.,0.571428571428571,1.),(0.,0.448798950512828,
0.897597901025655,1.79519580205131,2.69279370307697,3.59039160410262,4.48798950512828,
5.38558740615393,5.83438635666676,6.28318530717959),.UNSPECIFIED.);
#192=B_SPLINE_SURFACE_WITH_KNOTS('',3,3,((#5871,#5872,#5873,#5874,#5875,
#5876,#5877,#5878,#5879,#5880),(#5881,#5882,#5883,#5884,#5885,#5886,#5887,
#5888,#5889,#5890),(#5891,#5892,#5893,#5894,#5895,#5896,#5897,#5898,#5899,
#5900),(#5901,#5902,#5903,#5904,#5905,#5906,#5907,#5908,#5909,#5910),(#5911,
#5912,#5913,#5914,#5915,#5916,#5917,#5918,#5919,#5920)),.UNSPECIFIED.,.F.,
 .T.,.F.,(4,1,4),(4,1,1,1,1,1,1,4),(0.,0.571428571428571,1.),(0.,0.897597901025655,
1.79519580205131,2.69279370307697,3.59039160410262,4.48798950512828,5.38558740615393,
6.28318530717959),.UNSPECIFIED.);
#193=SHAPE_REPRESENTATION_RELATIONSHIP('SRR','None',#6229,#198);
#194=SHAPE_REPRESENTATION_RELATIONSHIP('SRR','None',#6230,#199);
#195=SHAPE_REPRESENTATION_RELATIONSHIP('SRR','None',#6231,#200);
#196=SHAPE_REPRESENTATION_RELATIONSHIP('SRR','None',#6232,#201);
#197=SHAPE_REPRESENTATION_RELATIONSHIP('SRR','None',#6233,#202);
#198=ADVANCED_BREP_SHAPE_REPRESENTATION('',(#208),#6163);
#199=ADVANCED_BREP_SHAPE_REPRESENTATION('',(#209),#6164);
#200=ADVANCED_BREP_SHAPE_REPRESENTATION('',(#210),#6165);
#201=ADVANCED_BREP_SHAPE_REPRESENTATION('',(#211),#6166);
#202=ADVANCED_BREP_SHAPE_REPRESENTATION('',(#212),#6167);
#203=STYLED_ITEM('',(#6262),#208);
#204=STYLED_ITEM('',(#6262),#209);
#205=STYLED_ITEM('',(#6262),#210);
#206=STYLED_ITEM('',(#6262),#211);
#207=STYLED_ITEM('',(#6262),#212);
#208=MANIFOLD_SOLID_BREP('Body1',#3338);
#209=MANIFOLD_SOLID_BREP('Side wall',#3339);
#210=MANIFOLD_SOLID_BREP('Roller',#3340);
#211=MANIFOLD_SOLID_BREP('Body1',#3341);
#212=MANIFOLD_SOLID_BREP('Miniwheel Connector pin',#3342);
#213=CONICAL_SURFACE('',#3434,6.,0.785398163397449);
#214=CONICAL_SURFACE('',#3444,6.,0.785398163397449);
#215=CONICAL_SURFACE('',#3751,2.,0.785398163397448);
#216=CYLINDRICAL_SURFACE('',#3409,2.);
#217=CYLINDRICAL_SURFACE('',#3411,1.5);
#218=CYLINDRICAL_SURFACE('',#3414,1.5);
#219=CYLINDRICAL_SURFACE('',#3417,1.5);
#220=CYLINDRICAL_SURFACE('',#3420,1.5);
#221=CYLINDRICAL_SURFACE('',#3429,9.);
#222=CYLINDRICAL_SURFACE('',#3432,7.5);
#223=CYLINDRICAL_SURFACE('',#3441,9.);
#224=CYLINDRICAL_SURFACE('',#3442,7.5);
#225=CYLINDRICAL_SURFACE('',#3445,16.);
#226=CYLINDRICAL_SURFACE('',#3454,4.);
#227=CYLINDRICAL_SURFACE('',#3481,2.);
#228=CYLINDRICAL_SURFACE('',#3490,4.);
#229=CYLINDRICAL_SURFACE('',#3499,2.);
#230=CYLINDRICAL_SURFACE('',#3508,4.);
#231=CYLINDRICAL_SURFACE('',#3517,2.);
#232=CYLINDRICAL_SURFACE('',#3526,4.);
#233=CYLINDRICAL_SURFACE('',#3535,2.);
#234=CYLINDRICAL_SURFACE('',#3544,4.);
#235=CYLINDRICAL_SURFACE('',#3553,2.);
#236=CYLINDRICAL_SURFACE('',#3562,4.);
#237=CYLINDRICAL_SURFACE('',#3571,2.);
#238=CYLINDRICAL_SURFACE('',#3580,4.);
#239=CYLINDRICAL_SURFACE('',#3589,2.);
#240=CYLINDRICAL_SURFACE('',#3592,2.);
#241=CYLINDRICAL_SURFACE('',#3612,1.5);
#242=CYLINDRICAL_SURFACE('',#3613,1.65);
#243=CYLINDRICAL_SURFACE('',#3615,1.65);
#244=CYLINDRICAL_SURFACE('',#3617,1.5);
#245=CYLINDRICAL_SURFACE('',#3618,1.65);
#246=CYLINDRICAL_SURFACE('',#3620,1.5);
#247=CYLINDRICAL_SURFACE('',#3621,9.);
#248=CYLINDRICAL_SURFACE('',#3623,1.5);
#249=CYLINDRICAL_SURFACE('',#3624,1.65);
#250=CYLINDRICAL_SURFACE('',#3626,1.5);
#251=CYLINDRICAL_SURFACE('',#3627,1.5);
#252=CYLINDRICAL_SURFACE('',#3628,1.5);
#253=CYLINDRICAL_SURFACE('',#3629,1.5);
#254=CYLINDRICAL_SURFACE('',#3631,7.00000000000143);
#255=CYLINDRICAL_SURFACE('',#3634,1.00000000060257);
#256=CYLINDRICAL_SURFACE('',#3637,3.00000000001375);
#257=CYLINDRICAL_SURFACE('',#3639,3.00000000000046);
#258=CYLINDRICAL_SURFACE('',#3641,7.00000000000142);
#259=CYLINDRICAL_SURFACE('',#3644,1.00000000060257);
#260=CYLINDRICAL_SURFACE('',#3647,3.00000000001375);
#261=CYLINDRICAL_SURFACE('',#3649,3.00000000000046);
#262=CYLINDRICAL_SURFACE('',#3651,7.00000000000142);
#263=CYLINDRICAL_SURFACE('',#3654,1.00000000060257);
#264=CYLINDRICAL_SURFACE('',#3657,3.00000000001375);
#265=CYLINDRICAL_SURFACE('',#3659,3.00000000000046);
#266=CYLINDRICAL_SURFACE('',#3661,7.00000000000143);
#267=CYLINDRICAL_SURFACE('',#3664,1.00000000060257);
#268=CYLINDRICAL_SURFACE('',#3667,3.00000000001375);
#269=CYLINDRICAL_SURFACE('',#3669,3.00000000000046);
#270=CYLINDRICAL_SURFACE('',#3671,7.00000000000143);
#271=CYLINDRICAL_SURFACE('',#3674,1.00000000060257);
#272=CYLINDRICAL_SURFACE('',#3677,3.00000000001375);
#273=CYLINDRICAL_SURFACE('',#3679,3.00000000000046);
#274=CYLINDRICAL_SURFACE('',#3681,7.00000000000141);
#275=CYLINDRICAL_SURFACE('',#3684,1.00000000060257);
#276=CYLINDRICAL_SURFACE('',#3687,3.00000000001375);
#277=CYLINDRICAL_SURFACE('',#3689,3.00000000000046);
#278=CYLINDRICAL_SURFACE('',#3691,7.00000000000142);
#279=CYLINDRICAL_SURFACE('',#3694,1.00000000097254);
#280=CYLINDRICAL_SURFACE('',#3697,3.00000000001375);
#281=CYLINDRICAL_SURFACE('',#3699,3.00000000000046);
#282=CYLINDRICAL_SURFACE('',#3701,7.00000000000142);
#283=CYLINDRICAL_SURFACE('',#3704,1.00000000060257);
#284=CYLINDRICAL_SURFACE('',#3707,3.00000000001375);
#285=CYLINDRICAL_SURFACE('',#3709,3.00000000000046);
#286=CYLINDRICAL_SURFACE('',#3710,4.);
#287=CYLINDRICAL_SURFACE('',#3723,3.75);
#288=CYLINDRICAL_SURFACE('',#3724,3.75);
#289=CYLINDRICAL_SURFACE('',#3728,1.00000001490116);
#290=CYLINDRICAL_SURFACE('',#3733,1.);
#291=CYLINDRICAL_SURFACE('',#3735,1.4875);
#292=CYLINDRICAL_SURFACE('',#3737,2.5);
#293=CYLINDRICAL_SURFACE('',#3741,3.75);
#294=CYLINDRICAL_SURFACE('',#3747,0.9);
#295=CYLINDRICAL_SURFACE('',#3754,2.5);
#296=FACE_BOUND('',#537,.T.);
#297=FACE_BOUND('',#541,.T.);
#298=FACE_BOUND('',#547,.T.);
#299=FACE_BOUND('',#548,.T.);
#300=FACE_BOUND('',#549,.T.);
#301=FACE_BOUND('',#550,.T.);
#302=FACE_BOUND('',#551,.T.);
#303=FACE_BOUND('',#553,.T.);
#304=FACE_BOUND('',#556,.T.);
#305=FACE_BOUND('',#560,.T.);
#306=FACE_BOUND('',#561,.T.);
#307=FACE_BOUND('',#562,.T.);
#308=FACE_BOUND('',#563,.T.);
#309=FACE_BOUND('',#564,.T.);
#310=FACE_BOUND('',#566,.T.);
#311=FACE_BOUND('',#572,.T.);
#312=FACE_BOUND('',#578,.T.);
#313=FACE_BOUND('',#579,.T.);
#314=FACE_BOUND('',#580,.T.);
#315=FACE_BOUND('',#581,.T.);
#316=FACE_BOUND('',#582,.T.);
#317=FACE_BOUND('',#586,.T.);
#318=FACE_BOUND('',#592,.T.);
#319=FACE_BOUND('',#596,.T.);
#320=FACE_BOUND('',#602,.T.);
#321=FACE_BOUND('',#606,.T.);
#322=FACE_BOUND('',#612,.T.);
#323=FACE_BOUND('',#616,.T.);
#324=FACE_BOUND('',#622,.T.);
#325=FACE_BOUND('',#626,.T.);
#326=FACE_BOUND('',#632,.T.);
#327=FACE_BOUND('',#636,.T.);
#328=FACE_BOUND('',#642,.T.);
#329=FACE_BOUND('',#649,.T.);
#330=FACE_BOUND('',#651,.T.);
#331=FACE_BOUND('',#654,.T.);
#332=FACE_BOUND('',#735,.T.);
#333=FACE_BOUND('',#736,.T.);
#334=FACE_BOUND('',#737,.T.);
#335=FACE_BOUND('',#738,.T.);
#336=FACE_BOUND('',#739,.T.);
#337=FACE_BOUND('',#743,.T.);
#338=FACE_BOUND('',#747,.T.);
#339=FACE_BOUND('',#749,.T.);
#340=FACE_BOUND('',#753,.T.);
#341=FACE_BOUND('',#756,.T.);
#342=FACE_BOUND('',#761,.T.);
#343=FACE_BOUND('',#764,.T.);
#344=FACE_BOUND('',#766,.T.);
#345=FACE_BOUND('',#773,.T.);
#346=FACE_OUTER_BOUND('',#535,.T.);
#347=FACE_OUTER_BOUND('',#536,.T.);
#348=FACE_OUTER_BOUND('',#538,.T.);
#349=FACE_OUTER_BOUND('',#539,.T.);
#350=FACE_OUTER_BOUND('',#540,.T.);
#351=FACE_OUTER_BOUND('',#542,.T.);
#352=FACE_OUTER_BOUND('',#543,.T.);
#353=FACE_OUTER_BOUND('',#544,.T.);
#354=FACE_OUTER_BOUND('',#545,.T.);
#355=FACE_OUTER_BOUND('',#546,.T.);
#356=FACE_OUTER_BOUND('',#552,.T.);
#357=FACE_OUTER_BOUND('',#554,.T.);
#358=FACE_OUTER_BOUND('',#555,.T.);
#359=FACE_OUTER_BOUND('',#557,.T.);
#360=FACE_OUTER_BOUND('',#558,.T.);
#361=FACE_OUTER_BOUND('',#559,.T.);
#362=FACE_OUTER_BOUND('',#565,.T.);
#363=FACE_OUTER_BOUND('',#567,.T.);
#364=FACE_OUTER_BOUND('',#568,.T.);
#365=FACE_OUTER_BOUND('',#569,.T.);
#366=FACE_OUTER_BOUND('',#570,.T.);
#367=FACE_OUTER_BOUND('',#571,.T.);
#368=FACE_OUTER_BOUND('',#573,.T.);
#369=FACE_OUTER_BOUND('',#574,.T.);
#370=FACE_OUTER_BOUND('',#575,.T.);
#371=FACE_OUTER_BOUND('',#576,.T.);
#372=FACE_OUTER_BOUND('',#577,.T.);
#373=FACE_OUTER_BOUND('',#583,.T.);
#374=FACE_OUTER_BOUND('',#584,.T.);
#375=FACE_OUTER_BOUND('',#585,.T.);
#376=FACE_OUTER_BOUND('',#587,.T.);
#377=FACE_OUTER_BOUND('',#588,.T.);
#378=FACE_OUTER_BOUND('',#589,.T.);
#379=FACE_OUTER_BOUND('',#590,.T.);
#380=FACE_OUTER_BOUND('',#591,.T.);
#381=FACE_OUTER_BOUND('',#593,.T.);
#382=FACE_OUTER_BOUND('',#594,.T.);
#383=FACE_OUTER_BOUND('',#595,.T.);
#384=FACE_OUTER_BOUND('',#597,.T.);
#385=FACE_OUTER_BOUND('',#598,.T.);
#386=FACE_OUTER_BOUND('',#599,.T.);
#387=FACE_OUTER_BOUND('',#600,.T.);
#388=FACE_OUTER_BOUND('',#601,.T.);
#389=FACE_OUTER_BOUND('',#603,.T.);
#390=FACE_OUTER_BOUND('',#604,.T.);
#391=FACE_OUTER_BOUND('',#605,.T.);
#392=FACE_OUTER_BOUND('',#607,.T.);
#393=FACE_OUTER_BOUND('',#608,.T.);
#394=FACE_OUTER_BOUND('',#609,.T.);
#395=FACE_OUTER_BOUND('',#610,.T.);
#396=FACE_OUTER_BOUND('',#611,.T.);
#397=FACE_OUTER_BOUND('',#613,.T.);
#398=FACE_OUTER_BOUND('',#614,.T.);
#399=FACE_OUTER_BOUND('',#615,.T.);
#400=FACE_OUTER_BOUND('',#617,.T.);
#401=FACE_OUTER_BOUND('',#618,.T.);
#402=FACE_OUTER_BOUND('',#619,.T.);
#403=FACE_OUTER_BOUND('',#620,.T.);
#404=FACE_OUTER_BOUND('',#621,.T.);
#405=FACE_OUTER_BOUND('',#623,.T.);
#406=FACE_OUTER_BOUND('',#624,.T.);
#407=FACE_OUTER_BOUND('',#625,.T.);
#408=FACE_OUTER_BOUND('',#627,.T.);
#409=FACE_OUTER_BOUND('',#628,.T.);
#410=FACE_OUTER_BOUND('',#629,.T.);
#411=FACE_OUTER_BOUND('',#630,.T.);
#412=FACE_OUTER_BOUND('',#631,.T.);
#413=FACE_OUTER_BOUND('',#633,.T.);
#414=FACE_OUTER_BOUND('',#634,.T.);
#415=FACE_OUTER_BOUND('',#635,.T.);
#416=FACE_OUTER_BOUND('',#637,.T.);
#417=FACE_OUTER_BOUND('',#638,.T.);
#418=FACE_OUTER_BOUND('',#639,.T.);
#419=FACE_OUTER_BOUND('',#640,.T.);
#420=FACE_OUTER_BOUND('',#641,.T.);
#421=FACE_OUTER_BOUND('',#643,.T.);
#422=FACE_OUTER_BOUND('',#644,.T.);
#423=FACE_OUTER_BOUND('',#645,.T.);
#424=FACE_OUTER_BOUND('',#646,.T.);
#425=FACE_OUTER_BOUND('',#647,.T.);
#426=FACE_OUTER_BOUND('',#648,.T.);
#427=FACE_OUTER_BOUND('',#650,.T.);
#428=FACE_OUTER_BOUND('',#652,.T.);
#429=FACE_OUTER_BOUND('',#653,.T.);
#430=FACE_OUTER_BOUND('',#655,.T.);
#431=FACE_OUTER_BOUND('',#656,.T.);
#432=FACE_OUTER_BOUND('',#657,.T.);
#433=FACE_OUTER_BOUND('',#658,.T.);
#434=FACE_OUTER_BOUND('',#659,.T.);
#435=FACE_OUTER_BOUND('',#660,.T.);
#436=FACE_OUTER_BOUND('',#661,.T.);
#437=FACE_OUTER_BOUND('',#662,.T.);
#438=FACE_OUTER_BOUND('',#663,.T.);
#439=FACE_OUTER_BOUND('',#664,.T.);
#440=FACE_OUTER_BOUND('',#665,.T.);
#441=FACE_OUTER_BOUND('',#666,.T.);
#442=FACE_OUTER_BOUND('',#667,.T.);
#443=FACE_OUTER_BOUND('',#668,.T.);
#444=FACE_OUTER_BOUND('',#669,.T.);
#445=FACE_OUTER_BOUND('',#670,.T.);
#446=FACE_OUTER_BOUND('',#671,.T.);
#447=FACE_OUTER_BOUND('',#672,.T.);
#448=FACE_OUTER_BOUND('',#673,.T.);
#449=FACE_OUTER_BOUND('',#674,.T.);
#450=FACE_OUTER_BOUND('',#675,.T.);
#451=FACE_OUTER_BOUND('',#676,.T.);
#452=FACE_OUTER_BOUND('',#677,.T.);
#453=FACE_OUTER_BOUND('',#678,.T.);
#454=FACE_OUTER_BOUND('',#679,.T.);
#455=FACE_OUTER_BOUND('',#680,.T.);
#456=FACE_OUTER_BOUND('',#681,.T.);
#457=FACE_OUTER_BOUND('',#682,.T.);
#458=FACE_OUTER_BOUND('',#683,.T.);
#459=FACE_OUTER_BOUND('',#684,.T.);
#460=FACE_OUTER_BOUND('',#685,.T.);
#461=FACE_OUTER_BOUND('',#686,.T.);
#462=FACE_OUTER_BOUND('',#687,.T.);
#463=FACE_OUTER_BOUND('',#688,.T.);
#464=FACE_OUTER_BOUND('',#689,.T.);
#465=FACE_OUTER_BOUND('',#690,.T.);
#466=FACE_OUTER_BOUND('',#691,.T.);
#467=FACE_OUTER_BOUND('',#692,.T.);
#468=FACE_OUTER_BOUND('',#693,.T.);
#469=FACE_OUTER_BOUND('',#694,.T.);
#470=FACE_OUTER_BOUND('',#695,.T.);
#471=FACE_OUTER_BOUND('',#696,.T.);
#472=FACE_OUTER_BOUND('',#697,.T.);
#473=FACE_OUTER_BOUND('',#698,.T.);
#474=FACE_OUTER_BOUND('',#699,.T.);
#475=FACE_OUTER_BOUND('',#700,.T.);
#476=FACE_OUTER_BOUND('',#701,.T.);
#477=FACE_OUTER_BOUND('',#702,.T.);
#478=FACE_OUTER_BOUND('',#703,.T.);
#479=FACE_OUTER_BOUND('',#704,.T.);
#480=FACE_OUTER_BOUND('',#705,.T.);
#481=FACE_OUTER_BOUND('',#706,.T.);
#482=FACE_OUTER_BOUND('',#707,.T.);
#483=FACE_OUTER_BOUND('',#708,.T.);
#484=FACE_OUTER_BOUND('',#709,.T.);
#485=FACE_OUTER_BOUND('',#710,.T.);
#486=FACE_OUTER_BOUND('',#711,.T.);
#487=FACE_OUTER_BOUND('',#712,.T.);
#488=FACE_OUTER_BOUND('',#713,.T.);
#489=FACE_OUTER_BOUND('',#714,.T.);
#490=FACE_OUTER_BOUND('',#715,.T.);
#491=FACE_OUTER_BOUND('',#716,.T.);
#492=FACE_OUTER_BOUND('',#717,.T.);
#493=FACE_OUTER_BOUND('',#718,.T.);
#494=FACE_OUTER_BOUND('',#719,.T.);
#495=FACE_OUTER_BOUND('',#720,.T.);
#496=FACE_OUTER_BOUND('',#721,.T.);
#497=FACE_OUTER_BOUND('',#722,.T.);
#498=FACE_OUTER_BOUND('',#723,.T.);
#499=FACE_OUTER_BOUND('',#724,.T.);
#500=FACE_OUTER_BOUND('',#725,.T.);
#501=FACE_OUTER_BOUND('',#726,.T.);
#502=FACE_OUTER_BOUND('',#727,.T.);
#503=FACE_OUTER_BOUND('',#728,.T.);
#504=FACE_OUTER_BOUND('',#729,.T.);
#505=FACE_OUTER_BOUND('',#730,.T.);
#506=FACE_OUTER_BOUND('',#731,.T.);
#507=FACE_OUTER_BOUND('',#732,.T.);
#508=FACE_OUTER_BOUND('',#733,.T.);
#509=FACE_OUTER_BOUND('',#734,.T.);
#510=FACE_OUTER_BOUND('',#740,.T.);
#511=FACE_OUTER_BOUND('',#741,.T.);
#512=FACE_OUTER_BOUND('',#742,.T.);
#513=FACE_OUTER_BOUND('',#744,.T.);
#514=FACE_OUTER_BOUND('',#745,.T.);
#515=FACE_OUTER_BOUND('',#746,.T.);
#516=FACE_OUTER_BOUND('',#748,.T.);
#517=FACE_OUTER_BOUND('',#750,.T.);
#518=FACE_OUTER_BOUND('',#751,.T.);
#519=FACE_OUTER_BOUND('',#752,.T.);
#520=FACE_OUTER_BOUND('',#754,.T.);
#521=FACE_OUTER_BOUND('',#755,.T.);
#522=FACE_OUTER_BOUND('',#757,.T.);
#523=FACE_OUTER_BOUND('',#758,.T.);
#524=FACE_OUTER_BOUND('',#759,.T.);
#525=FACE_OUTER_BOUND('',#760,.T.);
#526=FACE_OUTER_BOUND('',#762,.T.);
#527=FACE_OUTER_BOUND('',#763,.T.);
#528=FACE_OUTER_BOUND('',#765,.T.);
#529=FACE_OUTER_BOUND('',#767,.T.);
#530=FACE_OUTER_BOUND('',#768,.T.);
#531=FACE_OUTER_BOUND('',#769,.T.);
#532=FACE_OUTER_BOUND('',#770,.T.);
#533=FACE_OUTER_BOUND('',#771,.T.);
#534=FACE_OUTER_BOUND('',#772,.T.);
#535=EDGE_LOOP('',(#2173,#2174));
#536=EDGE_LOOP('',(#2175));
#537=EDGE_LOOP('',(#2176));
#538=EDGE_LOOP('',(#2177,#2178));
#539=EDGE_LOOP('',(#2179,#2180,#2181,#2182));
#540=EDGE_LOOP('',(#2183,#2184,#2185,#2186));
#541=EDGE_LOOP('',(#2187,#2188,#2189,#2190));
#542=EDGE_LOOP('',(#2191,#2192,#2193,#2194));
#543=EDGE_LOOP('',(#2195,#2196,#2197,#2198));
#544=EDGE_LOOP('',(#2199,#2200,#2201,#2202));
#545=EDGE_LOOP('',(#2203,#2204,#2205,#2206));
#546=EDGE_LOOP('',(#2207));
#547=EDGE_LOOP('',(#2208));
#548=EDGE_LOOP('',(#2209));
#549=EDGE_LOOP('',(#2210));
#550=EDGE_LOOP('',(#2211));
#551=EDGE_LOOP('',(#2212));
#552=EDGE_LOOP('',(#2213));
#553=EDGE_LOOP('',(#2214));
#554=EDGE_LOOP('',(#2215,#2216,#2217,#2218));
#555=EDGE_LOOP('',(#2219));
#556=EDGE_LOOP('',(#2220));
#557=EDGE_LOOP('',(#2221,#2222,#2223,#2224));
#558=EDGE_LOOP('',(#2225,#2226,#2227,#2228));
#559=EDGE_LOOP('',(#2229));
#560=EDGE_LOOP('',(#2230));
#561=EDGE_LOOP('',(#2231));
#562=EDGE_LOOP('',(#2232));
#563=EDGE_LOOP('',(#2233));
#564=EDGE_LOOP('',(#2234));
#565=EDGE_LOOP('',(#2235));
#566=EDGE_LOOP('',(#2236));
#567=EDGE_LOOP('',(#2237,#2238,#2239,#2240));
#568=EDGE_LOOP('',(#2241,#2242,#2243,#2244));
#569=EDGE_LOOP('',(#2245,#2246,#2247,#2248));
#570=EDGE_LOOP('',(#2249,#2250,#2251,#2252));
#571=EDGE_LOOP('',(#2253,#2254,#2255,#2256,#2257,#2258));
#572=EDGE_LOOP('',(#2259));
#573=EDGE_LOOP('',(#2260,#2261,#2262,#2263));
#574=EDGE_LOOP('',(#2264,#2265,#2266,#2267));
#575=EDGE_LOOP('',(#2268,#2269,#2270,#2271));
#576=EDGE_LOOP('',(#2272,#2273,#2274,#2275));
#577=EDGE_LOOP('',(#2276,#2277,#2278,#2279,#2280,#2281,#2282,#2283,#2284,
#2285,#2286,#2287,#2288,#2289,#2290,#2291,#2292,#2293,#2294,#2295,#2296,
#2297,#2298,#2299,#2300,#2301,#2302,#2303,#2304,#2305,#2306,#2307,#2308,
#2309,#2310,#2311,#2312,#2313,#2314,#2315,#2316,#2317,#2318,#2319,#2320,
#2321,#2322,#2323));
#578=EDGE_LOOP('',(#2324));
#579=EDGE_LOOP('',(#2325));
#580=EDGE_LOOP('',(#2326));
#581=EDGE_LOOP('',(#2327));
#582=EDGE_LOOP('',(#2328));
#583=EDGE_LOOP('',(#2329,#2330,#2331,#2332));
#584=EDGE_LOOP('',(#2333,#2334,#2335,#2336));
#585=EDGE_LOOP('',(#2337,#2338,#2339,#2340,#2341,#2342));
#586=EDGE_LOOP('',(#2343));
#587=EDGE_LOOP('',(#2344,#2345,#2346,#2347));
#588=EDGE_LOOP('',(#2348,#2349,#2350,#2351));
#589=EDGE_LOOP('',(#2352,#2353,#2354,#2355));
#590=EDGE_LOOP('',(#2356,#2357,#2358,#2359));
#591=EDGE_LOOP('',(#2360,#2361,#2362,#2363,#2364,#2365));
#592=EDGE_LOOP('',(#2366));
#593=EDGE_LOOP('',(#2367,#2368,#2369,#2370));
#594=EDGE_LOOP('',(#2371,#2372,#2373,#2374));
#595=EDGE_LOOP('',(#2375,#2376,#2377,#2378,#2379,#2380));
#596=EDGE_LOOP('',(#2381));
#597=EDGE_LOOP('',(#2382,#2383,#2384,#2385));
#598=EDGE_LOOP('',(#2386,#2387,#2388,#2389));
#599=EDGE_LOOP('',(#2390,#2391,#2392,#2393));
#600=EDGE_LOOP('',(#2394,#2395,#2396,#2397));
#601=EDGE_LOOP('',(#2398,#2399,#2400,#2401,#2402,#2403));
#602=EDGE_LOOP('',(#2404));
#603=EDGE_LOOP('',(#2405,#2406,#2407,#2408));
#604=EDGE_LOOP('',(#2409,#2410,#2411,#2412));
#605=EDGE_LOOP('',(#2413,#2414,#2415,#2416,#2417,#2418));
#606=EDGE_LOOP('',(#2419));
#607=EDGE_LOOP('',(#2420,#2421,#2422,#2423));
#608=EDGE_LOOP('',(#2424,#2425,#2426,#2427));
#609=EDGE_LOOP('',(#2428,#2429,#2430,#2431));
#610=EDGE_LOOP('',(#2432,#2433,#2434,#2435));
#611=EDGE_LOOP('',(#2436,#2437,#2438,#2439,#2440,#2441));
#612=EDGE_LOOP('',(#2442));
#613=EDGE_LOOP('',(#2443,#2444,#2445,#2446));
#614=EDGE_LOOP('',(#2447,#2448,#2449,#2450));
#615=EDGE_LOOP('',(#2451,#2452,#2453,#2454,#2455,#2456));
#616=EDGE_LOOP('',(#2457));
#617=EDGE_LOOP('',(#2458,#2459,#2460,#2461));
#618=EDGE_LOOP('',(#2462,#2463,#2464,#2465));
#619=EDGE_LOOP('',(#2466,#2467,#2468,#2469));
#620=EDGE_LOOP('',(#2470,#2471,#2472,#2473));
#621=EDGE_LOOP('',(#2474,#2475,#2476,#2477,#2478,#2479));
#622=EDGE_LOOP('',(#2480));
#623=EDGE_LOOP('',(#2481,#2482,#2483,#2484));
#624=EDGE_LOOP('',(#2485,#2486,#2487,#2488));
#625=EDGE_LOOP('',(#2489,#2490,#2491,#2492,#2493,#2494));
#626=EDGE_LOOP('',(#2495));
#627=EDGE_LOOP('',(#2496,#2497,#2498,#2499));
#628=EDGE_LOOP('',(#2500,#2501,#2502,#2503));
#629=EDGE_LOOP('',(#2504,#2505,#2506,#2507));
#630=EDGE_LOOP('',(#2508,#2509,#2510,#2511));
#631=EDGE_LOOP('',(#2512,#2513,#2514,#2515,#2516,#2517));
#632=EDGE_LOOP('',(#2518));
#633=EDGE_LOOP('',(#2519,#2520,#2521,#2522));
#634=EDGE_LOOP('',(#2523,#2524,#2525,#2526));
#635=EDGE_LOOP('',(#2527,#2528,#2529,#2530,#2531,#2532));
#636=EDGE_LOOP('',(#2533));
#637=EDGE_LOOP('',(#2534,#2535,#2536,#2537));
#638=EDGE_LOOP('',(#2538,#2539,#2540,#2541));
#639=EDGE_LOOP('',(#2542,#2543,#2544,#2545));
#640=EDGE_LOOP('',(#2546,#2547,#2548,#2549));
#641=EDGE_LOOP('',(#2550,#2551,#2552,#2553,#2554,#2555));
#642=EDGE_LOOP('',(#2556));
#643=EDGE_LOOP('',(#2557,#2558,#2559,#2560));
#644=EDGE_LOOP('',(#2561,#2562,#2563,#2564));
#645=EDGE_LOOP('',(#2565,#2566,#2567,#2568));
#646=EDGE_LOOP('',(#2569,#2570,#2571,#2572));
#647=EDGE_LOOP('',(#2573,#2574,#2575,#2576));
#648=EDGE_LOOP('',(#2577,#2578,#2579,#2580,#2581,#2582));
#649=EDGE_LOOP('',(#2583));
#650=EDGE_LOOP('',(#2584,#2585,#2586,#2587,#2588,#2589));
#651=EDGE_LOOP('',(#2590));
#652=EDGE_LOOP('',(#2591,#2592,#2593,#2594));
#653=EDGE_LOOP('',(#2595,#2596,#2597,#2598,#2599,#2600));
#654=EDGE_LOOP('',(#2601));
#655=EDGE_LOOP('',(#2602,#2603,#2604,#2605));
#656=EDGE_LOOP('',(#2606,#2607,#2608,#2609));
#657=EDGE_LOOP('',(#2610,#2611,#2612,#2613));
#658=EDGE_LOOP('',(#2614,#2615,#2616,#2617));
#659=EDGE_LOOP('',(#2618,#2619,#2620,#2621));
#660=EDGE_LOOP('',(#2622,#2623,#2624,#2625));
#661=EDGE_LOOP('',(#2626,#2627,#2628,#2629));
#662=EDGE_LOOP('',(#2630,#2631,#2632,#2633));
#663=EDGE_LOOP('',(#2634,#2635,#2636,#2637));
#664=EDGE_LOOP('',(#2638,#2639,#2640,#2641));
#665=EDGE_LOOP('',(#2642,#2643,#2644,#2645));
#666=EDGE_LOOP('',(#2646,#2647,#2648,#2649));
#667=EDGE_LOOP('',(#2650,#2651,#2652,#2653));
#668=EDGE_LOOP('',(#2654,#2655,#2656,#2657));
#669=EDGE_LOOP('',(#2658,#2659,#2660,#2661));
#670=EDGE_LOOP('',(#2662,#2663,#2664,#2665));
#671=EDGE_LOOP('',(#2666,#2667,#2668,#2669));
#672=EDGE_LOOP('',(#2670,#2671,#2672,#2673));
#673=EDGE_LOOP('',(#2674,#2675,#2676,#2677));
#674=EDGE_LOOP('',(#2678,#2679,#2680,#2681));
#675=EDGE_LOOP('',(#2682,#2683,#2684,#2685));
#676=EDGE_LOOP('',(#2686,#2687,#2688,#2689));
#677=EDGE_LOOP('',(#2690,#2691,#2692,#2693));
#678=EDGE_LOOP('',(#2694,#2695,#2696,#2697));
#679=EDGE_LOOP('',(#2698,#2699,#2700,#2701));
#680=EDGE_LOOP('',(#2702,#2703,#2704,#2705));
#681=EDGE_LOOP('',(#2706,#2707,#2708,#2709));
#682=EDGE_LOOP('',(#2710,#2711,#2712,#2713));
#683=EDGE_LOOP('',(#2714,#2715,#2716,#2717));
#684=EDGE_LOOP('',(#2718,#2719,#2720,#2721));
#685=EDGE_LOOP('',(#2722,#2723,#2724,#2725));
#686=EDGE_LOOP('',(#2726,#2727,#2728,#2729));
#687=EDGE_LOOP('',(#2730,#2731,#2732,#2733));
#688=EDGE_LOOP('',(#2734,#2735,#2736,#2737));
#689=EDGE_LOOP('',(#2738,#2739,#2740,#2741));
#690=EDGE_LOOP('',(#2742,#2743,#2744,#2745));
#691=EDGE_LOOP('',(#2746,#2747,#2748,#2749));
#692=EDGE_LOOP('',(#2750,#2751,#2752,#2753));
#693=EDGE_LOOP('',(#2754,#2755,#2756,#2757));
#694=EDGE_LOOP('',(#2758,#2759,#2760,#2761));
#695=EDGE_LOOP('',(#2762,#2763,#2764,#2765));
#696=EDGE_LOOP('',(#2766,#2767,#2768,#2769));
#697=EDGE_LOOP('',(#2770,#2771,#2772,#2773));
#698=EDGE_LOOP('',(#2774,#2775,#2776,#2777));
#699=EDGE_LOOP('',(#2778,#2779,#2780,#2781));
#700=EDGE_LOOP('',(#2782,#2783,#2784,#2785));
#701=EDGE_LOOP('',(#2786,#2787,#2788,#2789));
#702=EDGE_LOOP('',(#2790,#2791,#2792,#2793));
#703=EDGE_LOOP('',(#2794,#2795,#2796,#2797));
#704=EDGE_LOOP('',(#2798,#2799,#2800,#2801));
#705=EDGE_LOOP('',(#2802,#2803,#2804,#2805));
#706=EDGE_LOOP('',(#2806,#2807,#2808,#2809));
#707=EDGE_LOOP('',(#2810,#2811,#2812,#2813));
#708=EDGE_LOOP('',(#2814,#2815,#2816,#2817));
#709=EDGE_LOOP('',(#2818,#2819,#2820,#2821));
#710=EDGE_LOOP('',(#2822,#2823,#2824,#2825));
#711=EDGE_LOOP('',(#2826,#2827,#2828,#2829));
#712=EDGE_LOOP('',(#2830,#2831,#2832,#2833));
#713=EDGE_LOOP('',(#2834,#2835,#2836,#2837));
#714=EDGE_LOOP('',(#2838,#2839,#2840,#2841));
#715=EDGE_LOOP('',(#2842,#2843,#2844,#2845));
#716=EDGE_LOOP('',(#2846,#2847,#2848,#2849));
#717=EDGE_LOOP('',(#2850,#2851,#2852,#2853));
#718=EDGE_LOOP('',(#2854,#2855,#2856,#2857));
#719=EDGE_LOOP('',(#2858,#2859,#2860,#2861));
#720=EDGE_LOOP('',(#2862,#2863,#2864,#2865));
#721=EDGE_LOOP('',(#2866,#2867,#2868,#2869));
#722=EDGE_LOOP('',(#2870,#2871,#2872,#2873));
#723=EDGE_LOOP('',(#2874,#2875,#2876,#2877));
#724=EDGE_LOOP('',(#2878,#2879,#2880,#2881));
#725=EDGE_LOOP('',(#2882,#2883,#2884,#2885));
#726=EDGE_LOOP('',(#2886,#2887,#2888,#2889));
#727=EDGE_LOOP('',(#2890,#2891,#2892,#2893));
#728=EDGE_LOOP('',(#2894,#2895,#2896,#2897));
#729=EDGE_LOOP('',(#2898,#2899,#2900,#2901));
#730=EDGE_LOOP('',(#2902,#2903,#2904,#2905));
#731=EDGE_LOOP('',(#2906,#2907,#2908,#2909));
#732=EDGE_LOOP('',(#2910,#2911,#2912,#2913));
#733=EDGE_LOOP('',(#2914,#2915,#2916,#2917));
#734=EDGE_LOOP('',(#2918,#2919,#2920,#2921,#2922,#2923,#2924,#2925,#2926,
#2927,#2928,#2929,#2930,#2931,#2932,#2933,#2934,#2935,#2936,#2937,#2938,
#2939,#2940,#2941,#2942,#2943,#2944,#2945,#2946,#2947,#2948,#2949,#2950,
#2951,#2952,#2953,#2954,#2955,#2956,#2957,#2958,#2959,#2960,#2961,#2962,
#2963,#2964,#2965));
#735=EDGE_LOOP('',(#2966));
#736=EDGE_LOOP('',(#2967));
#737=EDGE_LOOP('',(#2968));
#738=EDGE_LOOP('',(#2969));
#739=EDGE_LOOP('',(#2970));
#740=EDGE_LOOP('',(#2971,#2972,#2973,#2974));
#741=EDGE_LOOP('',(#2975,#2976,#2977,#2978));
#742=EDGE_LOOP('',(#2979));
#743=EDGE_LOOP('',(#2980));
#744=EDGE_LOOP('',(#2981,#2982,#2983,#2984));
#745=EDGE_LOOP('',(#2985,#2986,#2987,#2988));
#746=EDGE_LOOP('',(#2989));
#747=EDGE_LOOP('',(#2990));
#748=EDGE_LOOP('',(#2991));
#749=EDGE_LOOP('',(#2992));
#750=EDGE_LOOP('',(#2993,#2994,#2995,#2996));
#751=EDGE_LOOP('',(#2997,#2998,#2999,#3000));
#752=EDGE_LOOP('',(#3001));
#753=EDGE_LOOP('',(#3002));
#754=EDGE_LOOP('',(#3003,#3004,#3005,#3006));
#755=EDGE_LOOP('',(#3007));
#756=EDGE_LOOP('',(#3008));
#757=EDGE_LOOP('',(#3009,#3010,#3011,#3012));
#758=EDGE_LOOP('',(#3013,#3014,#3015,#3016));
#759=EDGE_LOOP('',(#3017,#3018,#3019,#3020));
#760=EDGE_LOOP('',(#3021));
#761=EDGE_LOOP('',(#3022));
#762=EDGE_LOOP('',(#3023,#3024,#3025,#3026));
#763=EDGE_LOOP('',(#3027));
#764=EDGE_LOOP('',(#3028));
#765=EDGE_LOOP('',(#3029));
#766=EDGE_LOOP('',(#3030));
#767=EDGE_LOOP('',(#3031,#3032,#3033,#3034));
#768=EDGE_LOOP('',(#3035));
#769=EDGE_LOOP('',(#3036,#3037,#3038,#3039));
#770=EDGE_LOOP('',(#3040,#3041,#3042,#3043));
#771=EDGE_LOOP('',(#3044));
#772=EDGE_LOOP('',(#3045));
#773=EDGE_LOOP('',(#3046));
#774=LINE('',#4874,#1037);
#775=LINE('',#4884,#1038);
#776=LINE('',#4886,#1039);
#777=LINE('',#4887,#1040);
#778=LINE('',#4891,#1041);
#779=LINE('',#4896,#1042);
#780=LINE('',#4902,#1043);
#781=LINE('',#4908,#1044);
#782=LINE('',#4914,#1045);
#783=LINE('',#4927,#1046);
#784=LINE('',#4934,#1047);
#785=LINE('',#4936,#1048);
#786=LINE('',#4948,#1049);
#787=LINE('',#4952,#1050);
#788=LINE('',#4954,#1051);
#789=LINE('',#4956,#1052);
#790=LINE('',#4961,#1053);
#791=LINE('',#4963,#1054);
#792=LINE('',#4967,#1055);
#793=LINE('',#4970,#1056);
#794=LINE('',#4975,#1057);
#795=LINE('',#4979,#1058);
#796=LINE('',#4983,#1059);
#797=LINE('',#4986,#1060);
#798=LINE('',#4988,#1061);
#799=LINE('',#4990,#1062);
#800=LINE('',#4991,#1063);
#801=LINE('',#4994,#1064);
#802=LINE('',#4995,#1065);
#803=LINE('',#4998,#1066);
#804=LINE('',#5002,#1067);
#805=LINE('',#5006,#1068);
#806=LINE('',#5008,#1069);
#807=LINE('',#5010,#1070);
#808=LINE('',#5014,#1071);
#809=LINE('',#5018,#1072);
#810=LINE('',#5020,#1073);
#811=LINE('',#5022,#1074);
#812=LINE('',#5026,#1075);
#813=LINE('',#5030,#1076);
#814=LINE('',#5032,#1077);
#815=LINE('',#5034,#1078);
#816=LINE('',#5038,#1079);
#817=LINE('',#5042,#1080);
#818=LINE('',#5044,#1081);
#819=LINE('',#5046,#1082);
#820=LINE('',#5050,#1083);
#821=LINE('',#5054,#1084);
#822=LINE('',#5056,#1085);
#823=LINE('',#5058,#1086);
#824=LINE('',#5062,#1087);
#825=LINE('',#5066,#1088);
#826=LINE('',#5068,#1089);
#827=LINE('',#5070,#1090);
#828=LINE('',#5074,#1091);
#829=LINE('',#5078,#1092);
#830=LINE('',#5080,#1093);
#831=LINE('',#5082,#1094);
#832=LINE('',#5086,#1095);
#833=LINE('',#5089,#1096);
#834=LINE('',#5102,#1097);
#835=LINE('',#5104,#1098);
#836=LINE('',#5105,#1099);
#837=LINE('',#5107,#1100);
#838=LINE('',#5112,#1101);
#839=LINE('',#5114,#1102);
#840=LINE('',#5118,#1103);
#841=LINE('',#5121,#1104);
#842=LINE('',#5126,#1105);
#843=LINE('',#5129,#1106);
#844=LINE('',#5133,#1107);
#845=LINE('',#5136,#1108);
#846=LINE('',#5138,#1109);
#847=LINE('',#5139,#1110);
#848=LINE('',#5142,#1111);
#849=LINE('',#5143,#1112);
#850=LINE('',#5148,#1113);
#851=LINE('',#5154,#1114);
#852=LINE('',#5156,#1115);
#853=LINE('',#5157,#1116);
#854=LINE('',#5159,#1117);
#855=LINE('',#5164,#1118);
#856=LINE('',#5166,#1119);
#857=LINE('',#5170,#1120);
#858=LINE('',#5173,#1121);
#859=LINE('',#5178,#1122);
#860=LINE('',#5181,#1123);
#861=LINE('',#5185,#1124);
#862=LINE('',#5188,#1125);
#863=LINE('',#5190,#1126);
#864=LINE('',#5191,#1127);
#865=LINE('',#5194,#1128);
#866=LINE('',#5195,#1129);
#867=LINE('',#5200,#1130);
#868=LINE('',#5206,#1131);
#869=LINE('',#5208,#1132);
#870=LINE('',#5209,#1133);
#871=LINE('',#5211,#1134);
#872=LINE('',#5216,#1135);
#873=LINE('',#5218,#1136);
#874=LINE('',#5222,#1137);
#875=LINE('',#5225,#1138);
#876=LINE('',#5230,#1139);
#877=LINE('',#5233,#1140);
#878=LINE('',#5237,#1141);
#879=LINE('',#5240,#1142);
#880=LINE('',#5242,#1143);
#881=LINE('',#5243,#1144);
#882=LINE('',#5246,#1145);
#883=LINE('',#5247,#1146);
#884=LINE('',#5252,#1147);
#885=LINE('',#5258,#1148);
#886=LINE('',#5260,#1149);
#887=LINE('',#5261,#1150);
#888=LINE('',#5263,#1151);
#889=LINE('',#5268,#1152);
#890=LINE('',#5270,#1153);
#891=LINE('',#5274,#1154);
#892=LINE('',#5277,#1155);
#893=LINE('',#5282,#1156);
#894=LINE('',#5285,#1157);
#895=LINE('',#5289,#1158);
#896=LINE('',#5292,#1159);
#897=LINE('',#5294,#1160);
#898=LINE('',#5295,#1161);
#899=LINE('',#5298,#1162);
#900=LINE('',#5299,#1163);
#901=LINE('',#5304,#1164);
#902=LINE('',#5310,#1165);
#903=LINE('',#5312,#1166);
#904=LINE('',#5313,#1167);
#905=LINE('',#5315,#1168);
#906=LINE('',#5320,#1169);
#907=LINE('',#5322,#1170);
#908=LINE('',#5326,#1171);
#909=LINE('',#5329,#1172);
#910=LINE('',#5334,#1173);
#911=LINE('',#5337,#1174);
#912=LINE('',#5341,#1175);
#913=LINE('',#5344,#1176);
#914=LINE('',#5346,#1177);
#915=LINE('',#5347,#1178);
#916=LINE('',#5350,#1179);
#917=LINE('',#5351,#1180);
#918=LINE('',#5356,#1181);
#919=LINE('',#5362,#1182);
#920=LINE('',#5364,#1183);
#921=LINE('',#5365,#1184);
#922=LINE('',#5367,#1185);
#923=LINE('',#5372,#1186);
#924=LINE('',#5374,#1187);
#925=LINE('',#5378,#1188);
#926=LINE('',#5381,#1189);
#927=LINE('',#5386,#1190);
#928=LINE('',#5389,#1191);
#929=LINE('',#5393,#1192);
#930=LINE('',#5396,#1193);
#931=LINE('',#5398,#1194);
#932=LINE('',#5399,#1195);
#933=LINE('',#5402,#1196);
#934=LINE('',#5403,#1197);
#935=LINE('',#5408,#1198);
#936=LINE('',#5414,#1199);
#937=LINE('',#5416,#1200);
#938=LINE('',#5417,#1201);
#939=LINE('',#5419,#1202);
#940=LINE('',#5424,#1203);
#941=LINE('',#5426,#1204);
#942=LINE('',#5428,#1205);
#943=LINE('',#5429,#1206);
#944=LINE('',#5432,#1207);
#945=LINE('',#5436,#1208);
#946=LINE('',#5440,#1209);
#947=LINE('',#5442,#1210);
#948=LINE('',#5444,#1211);
#949=LINE('',#5446,#1212);
#950=LINE('',#5450,#1213);
#951=LINE('',#5458,#1214);
#952=LINE('',#5461,#1215);
#953=LINE('',#5466,#1216);
#954=LINE('',#5467,#1217);
#955=LINE('',#5472,#1218);
#956=LINE('',#5477,#1219);
#957=LINE('',#5480,#1220);
#958=LINE('',#5483,#1221);
#959=LINE('',#5487,#1222);
#960=LINE('',#5490,#1223);
#961=LINE('',#5493,#1224);
#962=LINE('',#5496,#1225);
#963=LINE('',#5499,#1226);
#964=LINE('',#5502,#1227);
#965=LINE('',#5505,#1228);
#966=LINE('',#5508,#1229);
#967=LINE('',#5510,#1230);
#968=LINE('',#5512,#1231);
#969=LINE('',#5514,#1232);
#970=LINE('',#5517,#1233);
#971=LINE('',#5518,#1234);
#972=LINE('',#5522,#1235);
#973=LINE('',#5525,#1236);
#974=LINE('',#5526,#1237);
#975=LINE('',#5531,#1238);
#976=LINE('',#5533,#1239);
#977=LINE('',#5537,#1240);
#978=LINE('',#5538,#1241);
#979=LINE('',#5542,#1242);
#980=LINE('',#5545,#1243);
#981=LINE('',#5546,#1244);
#982=LINE('',#5551,#1245);
#983=LINE('',#5553,#1246);
#984=LINE('',#5557,#1247);
#985=LINE('',#5558,#1248);
#986=LINE('',#5562,#1249);
#987=LINE('',#5565,#1250);
#988=LINE('',#5566,#1251);
#989=LINE('',#5571,#1252);
#990=LINE('',#5573,#1253);
#991=LINE('',#5577,#1254);
#992=LINE('',#5578,#1255);
#993=LINE('',#5582,#1256);
#994=LINE('',#5585,#1257);
#995=LINE('',#5586,#1258);
#996=LINE('',#5591,#1259);
#997=LINE('',#5593,#1260);
#998=LINE('',#5597,#1261);
#999=LINE('',#5598,#1262);
#1000=LINE('',#5602,#1263);
#1001=LINE('',#5605,#1264);
#1002=LINE('',#5606,#1265);
#1003=LINE('',#5611,#1266);
#1004=LINE('',#5613,#1267);
#1005=LINE('',#5617,#1268);
#1006=LINE('',#5618,#1269);
#1007=LINE('',#5622,#1270);
#1008=LINE('',#5625,#1271);
#1009=LINE('',#5626,#1272);
#1010=LINE('',#5630,#1273);
#1011=LINE('',#5632,#1274);
#1012=LINE('',#5634,#1275);
#1013=LINE('',#5636,#1276);
#1014=LINE('',#5638,#1277);
#1015=LINE('',#5643,#1278);
#1016=LINE('',#5646,#1279);
#1017=LINE('',#5647,#1280);
#1018=LINE('',#5652,#1281);
#1019=LINE('',#5654,#1282);
#1020=LINE('',#5658,#1283);
#1021=LINE('',#5659,#1284);
#1022=LINE('',#5663,#1285);
#1023=LINE('',#5666,#1286);
#1024=LINE('',#5667,#1287);
#1025=LINE('',#5672,#1288);
#1026=LINE('',#5674,#1289);
#1027=LINE('',#6053,#1290);
#1028=LINE('',#6056,#1291);
#1029=LINE('',#6062,#1292);
#1030=LINE('',#6071,#1293);
#1031=LINE('',#6075,#1294);
#1032=LINE('',#6081,#1295);
#1033=LINE('',#6088,#1296);
#1034=LINE('',#6097,#1297);
#1035=LINE('',#6104,#1298);
#1036=LINE('',#6109,#1299);
#1037=VECTOR('',#3809,10.);
#1038=VECTOR('',#3820,10.);
#1039=VECTOR('',#3823,10.);
#1040=VECTOR('',#3824,10.);
#1041=VECTOR('',#3829,2.);
#1042=VECTOR('',#3834,1.5);
#1043=VECTOR('',#3841,1.5);
#1044=VECTOR('',#3848,1.5);
#1045=VECTOR('',#3855,1.5);
#1046=VECTOR('',#3872,9.);
#1047=VECTOR('',#3881,7.5);
#1048=VECTOR('',#3884,6.);
#1049=VECTOR('',#3899,9.);
#1050=VECTOR('',#3904,7.5);
#1051=VECTOR('',#3907,6.);
#1052=VECTOR('',#3910,16.);
#1053=VECTOR('',#3915,10.);
#1054=VECTOR('',#3916,10.);
#1055=VECTOR('',#3919,10.);
#1056=VECTOR('',#3922,10.);
#1057=VECTOR('',#3927,10.);
#1058=VECTOR('',#3930,10.);
#1059=VECTOR('',#3935,10.);
#1060=VECTOR('',#3938,10.);
#1061=VECTOR('',#3941,10.);
#1062=VECTOR('',#3942,10.);
#1063=VECTOR('',#3943,10.);
#1064=VECTOR('',#3946,10.);
#1065=VECTOR('',#3947,10.);
#1066=VECTOR('',#3950,10.);
#1067=VECTOR('',#3953,10.);
#1068=VECTOR('',#3956,10.);
#1069=VECTOR('',#3957,10.);
#1070=VECTOR('',#3958,10.);
#1071=VECTOR('',#3961,10.);
#1072=VECTOR('',#3964,10.);
#1073=VECTOR('',#3965,10.);
#1074=VECTOR('',#3966,10.);
#1075=VECTOR('',#3969,10.);
#1076=VECTOR('',#3972,10.);
#1077=VECTOR('',#3973,10.);
#1078=VECTOR('',#3974,10.);
#1079=VECTOR('',#3977,10.);
#1080=VECTOR('',#3980,10.);
#1081=VECTOR('',#3981,10.);
#1082=VECTOR('',#3982,10.);
#1083=VECTOR('',#3985,10.);
#1084=VECTOR('',#3988,10.);
#1085=VECTOR('',#3989,10.);
#1086=VECTOR('',#3990,10.);
#1087=VECTOR('',#3993,10.);
#1088=VECTOR('',#3996,10.);
#1089=VECTOR('',#3997,10.);
#1090=VECTOR('',#3998,10.);
#1091=VECTOR('',#4001,10.);
#1092=VECTOR('',#4004,10.);
#1093=VECTOR('',#4005,10.);
#1094=VECTOR('',#4006,10.);
#1095=VECTOR('',#4009,10.);
#1096=VECTOR('',#4012,10.);
#1097=VECTOR('',#4025,10.);
#1098=VECTOR('',#4026,10.);
#1099=VECTOR('',#4027,10.);
#1100=VECTOR('',#4030,10.);
#1101=VECTOR('',#4035,10.);
#1102=VECTOR('',#4036,10.);
#1103=VECTOR('',#4039,10.);
#1104=VECTOR('',#4042,10.);
#1105=VECTOR('',#4047,10.);
#1106=VECTOR('',#4050,10.);
#1107=VECTOR('',#4055,10.);
#1108=VECTOR('',#4060,10.);
#1109=VECTOR('',#4061,10.);
#1110=VECTOR('',#4062,10.);
#1111=VECTOR('',#4065,10.);
#1112=VECTOR('',#4066,10.);
#1113=VECTOR('',#4071,10.);
#1114=VECTOR('',#4078,10.);
#1115=VECTOR('',#4079,10.);
#1116=VECTOR('',#4080,10.);
#1117=VECTOR('',#4083,10.);
#1118=VECTOR('',#4088,10.);
#1119=VECTOR('',#4089,10.);
#1120=VECTOR('',#4092,10.);
#1121=VECTOR('',#4095,10.);
#1122=VECTOR('',#4100,10.);
#1123=VECTOR('',#4103,10.);
#1124=VECTOR('',#4108,10.);
#1125=VECTOR('',#4113,10.);
#1126=VECTOR('',#4114,10.);
#1127=VECTOR('',#4115,10.);
#1128=VECTOR('',#4118,10.);
#1129=VECTOR('',#4119,10.);
#1130=VECTOR('',#4124,10.);
#1131=VECTOR('',#4131,10.);
#1132=VECTOR('',#4132,10.);
#1133=VECTOR('',#4133,10.);
#1134=VECTOR('',#4136,10.);
#1135=VECTOR('',#4141,10.);
#1136=VECTOR('',#4142,10.);
#1137=VECTOR('',#4145,10.);
#1138=VECTOR('',#4148,10.);
#1139=VECTOR('',#4153,10.);
#1140=VECTOR('',#4156,10.);
#1141=VECTOR('',#4161,10.);
#1142=VECTOR('',#4166,10.);
#1143=VECTOR('',#4167,10.);
#1144=VECTOR('',#4168,10.);
#1145=VECTOR('',#4171,10.);
#1146=VECTOR('',#4172,10.);
#1147=VECTOR('',#4177,10.);
#1148=VECTOR('',#4184,10.);
#1149=VECTOR('',#4185,10.);
#1150=VECTOR('',#4186,10.);
#1151=VECTOR('',#4189,10.);
#1152=VECTOR('',#4194,10.);
#1153=VECTOR('',#4195,10.);
#1154=VECTOR('',#4198,10.);
#1155=VECTOR('',#4201,10.);
#1156=VECTOR('',#4206,10.);
#1157=VECTOR('',#4209,10.);
#1158=VECTOR('',#4214,10.);
#1159=VECTOR('',#4219,10.);
#1160=VECTOR('',#4220,10.);
#1161=VECTOR('',#4221,10.);
#1162=VECTOR('',#4224,10.);
#1163=VECTOR('',#4225,10.);
#1164=VECTOR('',#4230,10.);
#1165=VECTOR('',#4237,10.);
#1166=VECTOR('',#4238,10.);
#1167=VECTOR('',#4239,10.);
#1168=VECTOR('',#4242,10.);
#1169=VECTOR('',#4247,10.);
#1170=VECTOR('',#4248,10.);
#1171=VECTOR('',#4251,10.);
#1172=VECTOR('',#4254,10.);
#1173=VECTOR('',#4259,10.);
#1174=VECTOR('',#4262,10.);
#1175=VECTOR('',#4267,10.);
#1176=VECTOR('',#4272,10.);
#1177=VECTOR('',#4273,10.);
#1178=VECTOR('',#4274,10.);
#1179=VECTOR('',#4277,10.);
#1180=VECTOR('',#4278,10.);
#1181=VECTOR('',#4283,10.);
#1182=VECTOR('',#4290,10.);
#1183=VECTOR('',#4291,10.);
#1184=VECTOR('',#4292,10.);
#1185=VECTOR('',#4295,10.);
#1186=VECTOR('',#4300,10.);
#1187=VECTOR('',#4301,10.);
#1188=VECTOR('',#4304,10.);
#1189=VECTOR('',#4307,10.);
#1190=VECTOR('',#4312,10.);
#1191=VECTOR('',#4315,10.);
#1192=VECTOR('',#4320,10.);
#1193=VECTOR('',#4325,10.);
#1194=VECTOR('',#4326,10.);
#1195=VECTOR('',#4327,10.);
#1196=VECTOR('',#4330,10.);
#1197=VECTOR('',#4331,10.);
#1198=VECTOR('',#4336,10.);
#1199=VECTOR('',#4343,10.);
#1200=VECTOR('',#4344,10.);
#1201=VECTOR('',#4345,10.);
#1202=VECTOR('',#4348,10.);
#1203=VECTOR('',#4353,10.);
#1204=VECTOR('',#4354,10.);
#1205=VECTOR('',#4355,10.);
#1206=VECTOR('',#4356,10.);
#1207=VECTOR('',#4359,10.);
#1208=VECTOR('',#4362,10.);
#1209=VECTOR('',#4367,10.);
#1210=VECTOR('',#4370,10.);
#1211=VECTOR('',#4373,10.);
#1212=VECTOR('',#4374,10.);
#1213=VECTOR('',#4377,10.);
#1214=VECTOR('',#4386,10.);
#1215=VECTOR('',#4389,10.);
#1216=VECTOR('',#4394,10.);
#1217=VECTOR('',#4395,10.);
#1218=VECTOR('',#4400,10.);
#1219=VECTOR('',#4407,10.);
#1220=VECTOR('',#4412,1.5);
#1221=VECTOR('',#4415,1.65);
#1222=VECTOR('',#4420,1.65);
#1223=VECTOR('',#4425,1.5);
#1224=VECTOR('',#4428,1.65);
#1225=VECTOR('',#4433,1.5);
#1226=VECTOR('',#4436,9.);
#1227=VECTOR('',#4441,1.5);
#1228=VECTOR('',#4444,1.65);
#1229=VECTOR('',#4449,1.5);
#1230=VECTOR('',#4452,1.5);
#1231=VECTOR('',#4455,1.5);
#1232=VECTOR('',#4458,1.5);
#1233=VECTOR('',#4461,10.);
#1234=VECTOR('',#4462,10.);
#1235=VECTOR('',#4467,10.);
#1236=VECTOR('',#4470,10.);
#1237=VECTOR('',#4471,10.);
#1238=VECTOR('',#4480,10.);
#1239=VECTOR('',#4483,10.);
#1240=VECTOR('',#4488,10.);
#1241=VECTOR('',#4489,10.);
#1242=VECTOR('',#4494,10.);
#1243=VECTOR('',#4497,10.);
#1244=VECTOR('',#4498,10.);
#1245=VECTOR('',#4507,10.);
#1246=VECTOR('',#4510,10.);
#1247=VECTOR('',#4515,10.);
#1248=VECTOR('',#4516,10.);
#1249=VECTOR('',#4521,10.);
#1250=VECTOR('',#4524,10.);
#1251=VECTOR('',#4525,10.);
#1252=VECTOR('',#4534,10.);
#1253=VECTOR('',#4537,10.);
#1254=VECTOR('',#4542,10.);
#1255=VECTOR('',#4543,10.);
#1256=VECTOR('',#4548,10.);
#1257=VECTOR('',#4551,10.);
#1258=VECTOR('',#4552,10.);
#1259=VECTOR('',#4561,10.);
#1260=VECTOR('',#4564,10.);
#1261=VECTOR('',#4569,10.);
#1262=VECTOR('',#4570,10.);
#1263=VECTOR('',#4575,10.);
#1264=VECTOR('',#4578,10.);
#1265=VECTOR('',#4579,10.);
#1266=VECTOR('',#4588,10.);
#1267=VECTOR('',#4591,10.);
#1268=VECTOR('',#4596,10.);
#1269=VECTOR('',#4597,10.);
#1270=VECTOR('',#4602,10.);
#1271=VECTOR('',#4605,10.);
#1272=VECTOR('',#4606,10.);
#1273=VECTOR('',#4611,10.);
#1274=VECTOR('',#4614,10.);
#1275=VECTOR('',#4617,10.);
#1276=VECTOR('',#4620,10.);
#1277=VECTOR('',#4623,10.);
#1278=VECTOR('',#4630,10.);
#1279=VECTOR('',#4633,10.);
#1280=VECTOR('',#4634,10.);
#1281=VECTOR('',#4643,10.);
#1282=VECTOR('',#4646,10.);
#1283=VECTOR('',#4651,10.);
#1284=VECTOR('',#4652,10.);
#1285=VECTOR('',#4657,10.);
#1286=VECTOR('',#4660,10.);
#1287=VECTOR('',#4661,10.);
#1288=VECTOR('',#4670,10.);
#1289=VECTOR('',#4673,10.);
#1290=VECTOR('',#4704,3.75);
#1291=VECTOR('',#4707,3.75);
#1292=VECTOR('',#4716,1.00000001490116);
#1293=VECTOR('',#4727,1.);
#1294=VECTOR('',#4732,1.4875);
#1295=VECTOR('',#4739,2.5);
#1296=VECTOR('',#4748,3.75);
#1297=VECTOR('',#4761,0.9);
#1298=VECTOR('',#4770,2.);
#1299=VECTOR('',#4777,2.5);
#1300=CIRCLE('',#3402,2.);
#1301=CIRCLE('',#3404,4.5);
#1302=CIRCLE('',#3405,2.);
#1303=CIRCLE('',#3407,2.);
#1304=CIRCLE('',#3410,2.);
#1305=CIRCLE('',#3412,1.5);
#1306=CIRCLE('',#3413,1.5);
#1307=CIRCLE('',#3415,1.5);
#1308=CIRCLE('',#3416,1.5);
#1309=CIRCLE('',#3418,1.5);
#1310=CIRCLE('',#3419,1.5);
#1311=CIRCLE('',#3421,1.5);
#1312=CIRCLE('',#3422,1.5);
#1313=CIRCLE('',#3424,16.);
#1314=CIRCLE('',#3425,9.);
#1315=CIRCLE('',#3427,9.);
#1316=CIRCLE('',#3428,7.5);
#1317=CIRCLE('',#3431,4.5);
#1318=CIRCLE('',#3433,7.5);
#1319=CIRCLE('',#3436,16.);
#1320=CIRCLE('',#3437,9.);
#1321=CIRCLE('',#3439,9.);
#1322=CIRCLE('',#3440,7.5);
#1323=CIRCLE('',#3443,7.5);
#1324=CIRCLE('',#3448,3.00000000001375);
#1325=CIRCLE('',#3449,3.00000000000046);
#1326=CIRCLE('',#3450,1.5);
#1327=CIRCLE('',#3452,4.);
#1328=CIRCLE('',#3453,2.);
#1329=CIRCLE('',#3455,4.);
#1330=CIRCLE('',#3459,1.00000000060257);
#1331=CIRCLE('',#3460,7.00000000000143);
#1332=CIRCLE('',#3461,1.00000000060257);
#1333=CIRCLE('',#3462,7.00000000000142);
#1334=CIRCLE('',#3463,1.00000000097254);
#1335=CIRCLE('',#3464,7.00000000000142);
#1336=CIRCLE('',#3465,1.00000000060257);
#1337=CIRCLE('',#3466,7.00000000000141);
#1338=CIRCLE('',#3467,1.00000000060257);
#1339=CIRCLE('',#3468,7.00000000000143);
#1340=CIRCLE('',#3469,1.00000000060257);
#1341=CIRCLE('',#3470,7.00000000000143);
#1342=CIRCLE('',#3471,1.00000000060257);
#1343=CIRCLE('',#3472,7.00000000000142);
#1344=CIRCLE('',#3473,1.00000000060257);
#1345=CIRCLE('',#3474,7.00000000000142);
#1346=CIRCLE('',#3475,1.65);
#1347=CIRCLE('',#3476,9.);
#1348=CIRCLE('',#3477,1.65);
#1349=CIRCLE('',#3478,1.65);
#1350=CIRCLE('',#3479,1.65);
#1351=CIRCLE('',#3482,2.);
#1352=CIRCLE('',#3484,3.00000000001375);
#1353=CIRCLE('',#3485,3.00000000000046);
#1354=CIRCLE('',#3486,1.5);
#1355=CIRCLE('',#3488,4.);
#1356=CIRCLE('',#3489,2.);
#1357=CIRCLE('',#3491,4.);
#1358=CIRCLE('',#3495,3.00000000000046);
#1359=CIRCLE('',#3496,3.00000000001375);
#1360=CIRCLE('',#3497,1.5);
#1361=CIRCLE('',#3500,2.);
#1362=CIRCLE('',#3502,3.00000000001375);
#1363=CIRCLE('',#3503,3.00000000000046);
#1364=CIRCLE('',#3504,1.5);
#1365=CIRCLE('',#3506,4.);
#1366=CIRCLE('',#3507,2.);
#1367=CIRCLE('',#3509,4.);
#1368=CIRCLE('',#3513,3.00000000000046);
#1369=CIRCLE('',#3514,3.00000000001375);
#1370=CIRCLE('',#3515,1.5);
#1371=CIRCLE('',#3518,2.);
#1372=CIRCLE('',#3520,3.00000000001375);
#1373=CIRCLE('',#3521,3.00000000000046);
#1374=CIRCLE('',#3522,1.5);
#1375=CIRCLE('',#3524,4.);
#1376=CIRCLE('',#3525,2.);
#1377=CIRCLE('',#3527,4.);
#1378=CIRCLE('',#3531,3.00000000000046);
#1379=CIRCLE('',#3532,3.00000000001375);
#1380=CIRCLE('',#3533,1.5);
#1381=CIRCLE('',#3536,2.);
#1382=CIRCLE('',#3538,3.00000000001375);
#1383=CIRCLE('',#3539,3.00000000000046);
#1384=CIRCLE('',#3540,1.5);
#1385=CIRCLE('',#3542,4.);
#1386=CIRCLE('',#3543,2.);
#1387=CIRCLE('',#3545,4.);
#1388=CIRCLE('',#3549,3.00000000000046);
#1389=CIRCLE('',#3550,3.00000000001375);
#1390=CIRCLE('',#3551,1.5);
#1391=CIRCLE('',#3554,2.);
#1392=CIRCLE('',#3556,3.00000000001375);
#1393=CIRCLE('',#3557,3.00000000000046);
#1394=CIRCLE('',#3558,1.5);
#1395=CIRCLE('',#3560,4.);
#1396=CIRCLE('',#3561,2.);
#1397=CIRCLE('',#3563,4.);
#1398=CIRCLE('',#3567,3.00000000000046);
#1399=CIRCLE('',#3568,3.00000000001375);
#1400=CIRCLE('',#3569,1.5);
#1401=CIRCLE('',#3572,2.);
#1402=CIRCLE('',#3574,3.00000000001375);
#1403=CIRCLE('',#3575,3.00000000000046);
#1404=CIRCLE('',#3576,1.5);
#1405=CIRCLE('',#3578,4.);
#1406=CIRCLE('',#3579,2.);
#1407=CIRCLE('',#3581,4.);
#1408=CIRCLE('',#3585,3.00000000000046);
#1409=CIRCLE('',#3586,3.00000000001375);
#1410=CIRCLE('',#3587,1.5);
#1411=CIRCLE('',#3590,2.);
#1412=CIRCLE('',#3593,2.);
#1413=CIRCLE('',#3594,2.);
#1414=CIRCLE('',#3596,4.);
#1415=CIRCLE('',#3598,3.00000000000046);
#1416=CIRCLE('',#3599,3.00000000001375);
#1417=CIRCLE('',#3600,1.5);
#1418=CIRCLE('',#3602,3.00000000001375);
#1419=CIRCLE('',#3603,3.00000000000046);
#1420=CIRCLE('',#3604,1.5);
#1421=CIRCLE('',#3607,3.00000000000046);
#1422=CIRCLE('',#3608,3.00000000001375);
#1423=CIRCLE('',#3609,1.5);
#1424=CIRCLE('',#3611,4.);
#1425=CIRCLE('',#3614,1.65);
#1426=CIRCLE('',#3616,1.65);
#1427=CIRCLE('',#3619,1.65);
#1428=CIRCLE('',#3622,9.);
#1429=CIRCLE('',#3625,1.65);
#1430=CIRCLE('',#3632,7.00000000000143);
#1431=CIRCLE('',#3635,1.00000000060257);
#1432=CIRCLE('',#3642,7.00000000000142);
#1433=CIRCLE('',#3645,1.00000000060257);
#1434=CIRCLE('',#3652,7.00000000000142);
#1435=CIRCLE('',#3655,1.00000000060257);
#1436=CIRCLE('',#3662,7.00000000000143);
#1437=CIRCLE('',#3665,1.00000000060257);
#1438=CIRCLE('',#3672,7.00000000000143);
#1439=CIRCLE('',#3675,1.00000000060257);
#1440=CIRCLE('',#3682,7.00000000000141);
#1441=CIRCLE('',#3685,1.00000000060257);
#1442=CIRCLE('',#3692,7.00000000000142);
#1443=CIRCLE('',#3695,1.00000000097254);
#1444=CIRCLE('',#3702,7.00000000000142);
#1445=CIRCLE('',#3705,1.00000000060257);
#1446=CIRCLE('',#3713,0.999999999999994);
#1447=CIRCLE('',#3714,6.);
#1448=CIRCLE('',#3716,3.75);
#1449=CIRCLE('',#3717,1.);
#1450=CIRCLE('',#3719,3.75);
#1451=CIRCLE('',#3721,3.75);
#1452=CIRCLE('',#3722,1.00000001490116);
#1453=CIRCLE('',#3725,3.75);
#1454=CIRCLE('',#3727,1.00000001490116);
#1455=CIRCLE('',#3731,1.4875);
#1456=CIRCLE('',#3732,1.);
#1457=CIRCLE('',#3734,1.);
#1458=CIRCLE('',#3736,1.4875);
#1459=CIRCLE('',#3738,2.5);
#1460=CIRCLE('',#3739,2.5);
#1461=CIRCLE('',#3742,3.75);
#1462=CIRCLE('',#3743,3.75);
#1463=CIRCLE('',#3748,0.9);
#1464=CIRCLE('',#3749,0.9);
#1465=CIRCLE('',#3752,2.5);
#1466=CIRCLE('',#3753,1.5);
#1467=CIRCLE('',#3755,2.5);
#1468=VERTEX_POINT('',#4871);
#1469=VERTEX_POINT('',#4872);
#1470=VERTEX_POINT('',#4876);
#1471=VERTEX_POINT('',#4878);
#1472=VERTEX_POINT('',#4881);
#1473=VERTEX_POINT('',#4882);
#1474=VERTEX_POINT('',#4889);
#1475=VERTEX_POINT('',#4893);
#1476=VERTEX_POINT('',#4895);
#1477=VERTEX_POINT('',#4899);
#1478=VERTEX_POINT('',#4901);
#1479=VERTEX_POINT('',#4905);
#1480=VERTEX_POINT('',#4907);
#1481=VERTEX_POINT('',#4911);
#1482=VERTEX_POINT('',#4913);
#1483=VERTEX_POINT('',#4917);
#1484=VERTEX_POINT('',#4919);
#1485=VERTEX_POINT('',#4922);
#1486=VERTEX_POINT('',#4924);
#1487=VERTEX_POINT('',#4929);
#1488=VERTEX_POINT('',#4932);
#1489=VERTEX_POINT('',#4938);
#1490=VERTEX_POINT('',#4940);
#1491=VERTEX_POINT('',#4943);
#1492=VERTEX_POINT('',#4945);
#1493=VERTEX_POINT('',#4950);
#1494=VERTEX_POINT('',#4959);
#1495=VERTEX_POINT('',#4960);
#1496=VERTEX_POINT('',#4962);
#1497=VERTEX_POINT('',#4964);
#1498=VERTEX_POINT('',#4966);
#1499=VERTEX_POINT('',#4968);
#1500=VERTEX_POINT('',#4971);
#1501=VERTEX_POINT('',#4974);
#1502=VERTEX_POINT('',#4976);
#1503=VERTEX_POINT('',#4978);
#1504=VERTEX_POINT('',#4982);
#1505=VERTEX_POINT('',#4984);
#1506=VERTEX_POINT('',#4989);
#1507=VERTEX_POINT('',#4993);
#1508=VERTEX_POINT('',#4997);
#1509=VERTEX_POINT('',#4999);
#1510=VERTEX_POINT('',#5001);
#1511=VERTEX_POINT('',#5003);
#1512=VERTEX_POINT('',#5005);
#1513=VERTEX_POINT('',#5007);
#1514=VERTEX_POINT('',#5009);
#1515=VERTEX_POINT('',#5011);
#1516=VERTEX_POINT('',#5013);
#1517=VERTEX_POINT('',#5015);
#1518=VERTEX_POINT('',#5017);
#1519=VERTEX_POINT('',#5019);
#1520=VERTEX_POINT('',#5021);
#1521=VERTEX_POINT('',#5023);
#1522=VERTEX_POINT('',#5025);
#1523=VERTEX_POINT('',#5027);
#1524=VERTEX_POINT('',#5029);
#1525=VERTEX_POINT('',#5031);
#1526=VERTEX_POINT('',#5033);
#1527=VERTEX_POINT('',#5035);
#1528=VERTEX_POINT('',#5037);
#1529=VERTEX_POINT('',#5039);
#1530=VERTEX_POINT('',#5041);
#1531=VERTEX_POINT('',#5043);
#1532=VERTEX_POINT('',#5045);
#1533=VERTEX_POINT('',#5047);
#1534=VERTEX_POINT('',#5049);
#1535=VERTEX_POINT('',#5051);
#1536=VERTEX_POINT('',#5053);
#1537=VERTEX_POINT('',#5055);
#1538=VERTEX_POINT('',#5057);
#1539=VERTEX_POINT('',#5059);
#1540=VERTEX_POINT('',#5061);
#1541=VERTEX_POINT('',#5063);
#1542=VERTEX_POINT('',#5065);
#1543=VERTEX_POINT('',#5067);
#1544=VERTEX_POINT('',#5069);
#1545=VERTEX_POINT('',#5071);
#1546=VERTEX_POINT('',#5073);
#1547=VERTEX_POINT('',#5075);
#1548=VERTEX_POINT('',#5077);
#1549=VERTEX_POINT('',#5079);
#1550=VERTEX_POINT('',#5081);
#1551=VERTEX_POINT('',#5083);
#1552=VERTEX_POINT('',#5085);
#1553=VERTEX_POINT('',#5087);
#1554=VERTEX_POINT('',#5090);
#1555=VERTEX_POINT('',#5092);
#1556=VERTEX_POINT('',#5094);
#1557=VERTEX_POINT('',#5096);
#1558=VERTEX_POINT('',#5098);
#1559=VERTEX_POINT('',#5101);
#1560=VERTEX_POINT('',#5103);
#1561=VERTEX_POINT('',#5110);
#1562=VERTEX_POINT('',#5111);
#1563=VERTEX_POINT('',#5113);
#1564=VERTEX_POINT('',#5115);
#1565=VERTEX_POINT('',#5117);
#1566=VERTEX_POINT('',#5119);
#1567=VERTEX_POINT('',#5122);
#1568=VERTEX_POINT('',#5125);
#1569=VERTEX_POINT('',#5128);
#1570=VERTEX_POINT('',#5132);
#1571=VERTEX_POINT('',#5137);
#1572=VERTEX_POINT('',#5141);
#1573=VERTEX_POINT('',#5145);
#1574=VERTEX_POINT('',#5147);
#1575=VERTEX_POINT('',#5150);
#1576=VERTEX_POINT('',#5153);
#1577=VERTEX_POINT('',#5155);
#1578=VERTEX_POINT('',#5162);
#1579=VERTEX_POINT('',#5163);
#1580=VERTEX_POINT('',#5165);
#1581=VERTEX_POINT('',#5167);
#1582=VERTEX_POINT('',#5169);
#1583=VERTEX_POINT('',#5171);
#1584=VERTEX_POINT('',#5174);
#1585=VERTEX_POINT('',#5177);
#1586=VERTEX_POINT('',#5180);
#1587=VERTEX_POINT('',#5184);
#1588=VERTEX_POINT('',#5189);
#1589=VERTEX_POINT('',#5193);
#1590=VERTEX_POINT('',#5197);
#1591=VERTEX_POINT('',#5199);
#1592=VERTEX_POINT('',#5202);
#1593=VERTEX_POINT('',#5205);
#1594=VERTEX_POINT('',#5207);
#1595=VERTEX_POINT('',#5214);
#1596=VERTEX_POINT('',#5215);
#1597=VERTEX_POINT('',#5217);
#1598=VERTEX_POINT('',#5219);
#1599=VERTEX_POINT('',#5221);
#1600=VERTEX_POINT('',#5223);
#1601=VERTEX_POINT('',#5226);
#1602=VERTEX_POINT('',#5229);
#1603=VERTEX_POINT('',#5232);
#1604=VERTEX_POINT('',#5236);
#1605=VERTEX_POINT('',#5241);
#1606=VERTEX_POINT('',#5245);
#1607=VERTEX_POINT('',#5249);
#1608=VERTEX_POINT('',#5251);
#1609=VERTEX_POINT('',#5254);
#1610=VERTEX_POINT('',#5257);
#1611=VERTEX_POINT('',#5259);
#1612=VERTEX_POINT('',#5266);
#1613=VERTEX_POINT('',#5267);
#1614=VERTEX_POINT('',#5269);
#1615=VERTEX_POINT('',#5271);
#1616=VERTEX_POINT('',#5273);
#1617=VERTEX_POINT('',#5275);
#1618=VERTEX_POINT('',#5278);
#1619=VERTEX_POINT('',#5281);
#1620=VERTEX_POINT('',#5284);
#1621=VERTEX_POINT('',#5288);
#1622=VERTEX_POINT('',#5293);
#1623=VERTEX_POINT('',#5297);
#1624=VERTEX_POINT('',#5301);
#1625=VERTEX_POINT('',#5303);
#1626=VERTEX_POINT('',#5306);
#1627=VERTEX_POINT('',#5309);
#1628=VERTEX_POINT('',#5311);
#1629=VERTEX_POINT('',#5318);
#1630=VERTEX_POINT('',#5319);
#1631=VERTEX_POINT('',#5321);
#1632=VERTEX_POINT('',#5323);
#1633=VERTEX_POINT('',#5325);
#1634=VERTEX_POINT('',#5327);
#1635=VERTEX_POINT('',#5330);
#1636=VERTEX_POINT('',#5333);
#1637=VERTEX_POINT('',#5336);
#1638=VERTEX_POINT('',#5340);
#1639=VERTEX_POINT('',#5345);
#1640=VERTEX_POINT('',#5349);
#1641=VERTEX_POINT('',#5353);
#1642=VERTEX_POINT('',#5355);
#1643=VERTEX_POINT('',#5358);
#1644=VERTEX_POINT('',#5361);
#1645=VERTEX_POINT('',#5363);
#1646=VERTEX_POINT('',#5370);
#1647=VERTEX_POINT('',#5371);
#1648=VERTEX_POINT('',#5373);
#1649=VERTEX_POINT('',#5375);
#1650=VERTEX_POINT('',#5377);
#1651=VERTEX_POINT('',#5379);
#1652=VERTEX_POINT('',#5382);
#1653=VERTEX_POINT('',#5385);
#1654=VERTEX_POINT('',#5388);
#1655=VERTEX_POINT('',#5392);
#1656=VERTEX_POINT('',#5397);
#1657=VERTEX_POINT('',#5401);
#1658=VERTEX_POINT('',#5405);
#1659=VERTEX_POINT('',#5407);
#1660=VERTEX_POINT('',#5410);
#1661=VERTEX_POINT('',#5413);
#1662=VERTEX_POINT('',#5415);
#1663=VERTEX_POINT('',#5422);
#1664=VERTEX_POINT('',#5423);
#1665=VERTEX_POINT('',#5425);
#1666=VERTEX_POINT('',#5427);
#1667=VERTEX_POINT('',#5431);
#1668=VERTEX_POINT('',#5433);
#1669=VERTEX_POINT('',#5435);
#1670=VERTEX_POINT('',#5439);
#1671=VERTEX_POINT('',#5445);
#1672=VERTEX_POINT('',#5447);
#1673=VERTEX_POINT('',#5449);
#1674=VERTEX_POINT('',#5452);
#1675=VERTEX_POINT('',#5455);
#1676=VERTEX_POINT('',#5457);
#1677=VERTEX_POINT('',#5459);
#1678=VERTEX_POINT('',#5462);
#1679=VERTEX_POINT('',#5465);
#1680=VERTEX_POINT('',#5469);
#1681=VERTEX_POINT('',#5471);
#1682=VERTEX_POINT('',#5474);
#1683=VERTEX_POINT('',#5482);
#1684=VERTEX_POINT('',#5486);
#1685=VERTEX_POINT('',#5492);
#1686=VERTEX_POINT('',#5498);
#1687=VERTEX_POINT('',#5504);
#1688=VERTEX_POINT('',#5516);
#1689=VERTEX_POINT('',#5520);
#1690=VERTEX_POINT('',#5524);
#1691=VERTEX_POINT('',#5536);
#1692=VERTEX_POINT('',#5540);
#1693=VERTEX_POINT('',#5544);
#1694=VERTEX_POINT('',#5556);
#1695=VERTEX_POINT('',#5560);
#1696=VERTEX_POINT('',#5564);
#1697=VERTEX_POINT('',#5576);
#1698=VERTEX_POINT('',#5580);
#1699=VERTEX_POINT('',#5584);
#1700=VERTEX_POINT('',#5596);
#1701=VERTEX_POINT('',#5600);
#1702=VERTEX_POINT('',#5604);
#1703=VERTEX_POINT('',#5616);
#1704=VERTEX_POINT('',#5620);
#1705=VERTEX_POINT('',#5624);
#1706=VERTEX_POINT('',#5628);
#1707=VERTEX_POINT('',#5641);
#1708=VERTEX_POINT('',#5645);
#1709=VERTEX_POINT('',#5657);
#1710=VERTEX_POINT('',#5661);
#1711=VERTEX_POINT('',#5665);
#1712=VERTEX_POINT('',#5739);
#1713=VERTEX_POINT('',#5740);
#1714=VERTEX_POINT('',#5856);
#1715=VERTEX_POINT('',#5869);
#1716=VERTEX_POINT('',#5921);
#1717=VERTEX_POINT('',#5922);
#1718=VERTEX_POINT('',#6045);
#1719=VERTEX_POINT('',#6048);
#1720=VERTEX_POINT('',#6050);
#1721=VERTEX_POINT('',#6055);
#1722=VERTEX_POINT('',#6059);
#1723=VERTEX_POINT('',#6065);
#1724=VERTEX_POINT('',#6067);
#1725=VERTEX_POINT('',#6070);
#1726=VERTEX_POINT('',#6074);
#1727=VERTEX_POINT('',#6078);
#1728=VERTEX_POINT('',#6080);
#1729=VERTEX_POINT('',#6085);
#1730=VERTEX_POINT('',#6087);
#1731=VERTEX_POINT('',#6094);
#1732=VERTEX_POINT('',#6096);
#1733=VERTEX_POINT('',#6101);
#1734=VERTEX_POINT('',#6103);
#1735=VERTEX_POINT('',#6107);
#1736=EDGE_CURVE('',#1468,#1469,#1300,.T.);
#1737=EDGE_CURVE('',#1468,#1469,#774,.T.);
#1738=EDGE_CURVE('',#1470,#1470,#1301,.T.);
#1739=EDGE_CURVE('',#1471,#1471,#1302,.T.);
#1740=EDGE_CURVE('',#1472,#1473,#1303,.T.);
#1741=EDGE_CURVE('',#1473,#1472,#775,.T.);
#1742=EDGE_CURVE('',#1473,#1469,#776,.T.);
#1743=EDGE_CURVE('',#1472,#1468,#777,.T.);
#1744=EDGE_CURVE('',#1474,#1474,#1304,.T.);
#1745=EDGE_CURVE('',#1474,#1471,#778,.T.);
#1746=EDGE_CURVE('',#1475,#1475,#1305,.T.);
#1747=EDGE_CURVE('',#1475,#1476,#779,.T.);
#1748=EDGE_CURVE('',#1476,#1476,#1306,.T.);
#1749=EDGE_CURVE('',#1477,#1477,#1307,.T.);
#1750=EDGE_CURVE('',#1477,#1478,#780,.T.);
#1751=EDGE_CURVE('',#1478,#1478,#1308,.T.);
#1752=EDGE_CURVE('',#1479,#1479,#1309,.T.);
#1753=EDGE_CURVE('',#1479,#1480,#781,.T.);
#1754=EDGE_CURVE('',#1480,#1480,#1310,.T.);
#1755=EDGE_CURVE('',#1481,#1481,#1311,.T.);
#1756=EDGE_CURVE('',#1481,#1482,#782,.T.);
#1757=EDGE_CURVE('',#1482,#1482,#1312,.T.);
#1758=EDGE_CURVE('',#1483,#1483,#1313,.T.);
#1759=EDGE_CURVE('',#1484,#1484,#1314,.T.);
#1760=EDGE_CURVE('',#1485,#1485,#1315,.T.);
#1761=EDGE_CURVE('',#1486,#1486,#1316,.T.);
#1762=EDGE_CURVE('',#1485,#1484,#783,.T.);
#1763=EDGE_CURVE('',#1487,#1487,#1317,.T.);
#1764=EDGE_CURVE('',#1488,#1488,#1318,.T.);
#1765=EDGE_CURVE('',#1488,#1486,#784,.T.);
#1766=EDGE_CURVE('',#1487,#1488,#785,.T.);
#1767=EDGE_CURVE('',#1489,#1489,#1319,.T.);
#1768=EDGE_CURVE('',#1490,#1490,#1320,.T.);
#1769=EDGE_CURVE('',#1491,#1491,#1321,.T.);
#1770=EDGE_CURVE('',#1492,#1492,#1322,.T.);
#1771=EDGE_CURVE('',#1491,#1490,#786,.T.);
#1772=EDGE_CURVE('',#1493,#1493,#1323,.T.);
#1773=EDGE_CURVE('',#1493,#1492,#787,.T.);
#1774=EDGE_CURVE('',#1470,#1493,#788,.T.);
#1775=EDGE_CURVE('',#1489,#1483,#789,.T.);
#1776=EDGE_CURVE('',#1494,#1495,#790,.T.);
#1777=EDGE_CURVE('',#1495,#1496,#791,.T.);
#1778=EDGE_CURVE('',#1497,#1496,#1324,.T.);
#1779=EDGE_CURVE('',#1497,#1498,#792,.T.);
#1780=EDGE_CURVE('',#1499,#1498,#1325,.T.);
#1781=EDGE_CURVE('',#1499,#1494,#793,.T.);
#1782=EDGE_CURVE('',#1500,#1500,#1326,.T.);
#1783=EDGE_CURVE('',#1501,#1494,#794,.T.);
#1784=EDGE_CURVE('',#1502,#1501,#1327,.T.);
#1785=EDGE_CURVE('',#1502,#1503,#795,.T.);
#1786=EDGE_CURVE('',#1494,#1503,#1328,.T.);
#1787=EDGE_CURVE('',#1504,#1501,#796,.T.);
#1788=EDGE_CURVE('',#1504,#1505,#1329,.T.);
#1789=EDGE_CURVE('',#1505,#1502,#797,.T.);
#1790=EDGE_CURVE('',#1495,#1504,#798,.T.);
#1791=EDGE_CURVE('',#1506,#1504,#799,.T.);
#1792=EDGE_CURVE('',#1496,#1506,#800,.T.);
#1793=EDGE_CURVE('',#1499,#1507,#801,.T.);
#1794=EDGE_CURVE('',#1501,#1507,#802,.T.);
#1795=EDGE_CURVE('',#1505,#1508,#803,.T.);
#1796=EDGE_CURVE('',#1508,#1509,#1330,.T.);
#1797=EDGE_CURVE('',#1509,#1510,#804,.T.);
#1798=EDGE_CURVE('',#1510,#1511,#1331,.T.);
#1799=EDGE_CURVE('',#1511,#1512,#805,.T.);
#1800=EDGE_CURVE('',#1513,#1512,#806,.T.);
#1801=EDGE_CURVE('',#1513,#1514,#807,.T.);
#1802=EDGE_CURVE('',#1514,#1515,#1332,.T.);
#1803=EDGE_CURVE('',#1515,#1516,#808,.T.);
#1804=EDGE_CURVE('',#1516,#1517,#1333,.T.);
#1805=EDGE_CURVE('',#1517,#1518,#809,.T.);
#1806=EDGE_CURVE('',#1519,#1518,#810,.T.);
#1807=EDGE_CURVE('',#1519,#1520,#811,.T.);
#1808=EDGE_CURVE('',#1520,#1521,#1334,.T.);
#1809=EDGE_CURVE('',#1521,#1522,#812,.T.);
#1810=EDGE_CURVE('',#1522,#1523,#1335,.T.);
#1811=EDGE_CURVE('',#1523,#1524,#813,.T.);
#1812=EDGE_CURVE('',#1525,#1524,#814,.T.);
#1813=EDGE_CURVE('',#1525,#1526,#815,.T.);
#1814=EDGE_CURVE('',#1526,#1527,#1336,.T.);
#1815=EDGE_CURVE('',#1527,#1528,#816,.T.);
#1816=EDGE_CURVE('',#1528,#1529,#1337,.T.);
#1817=EDGE_CURVE('',#1529,#1530,#817,.T.);
#1818=EDGE_CURVE('',#1531,#1530,#818,.T.);
#1819=EDGE_CURVE('',#1531,#1532,#819,.T.);
#1820=EDGE_CURVE('',#1532,#1533,#1338,.T.);
#1821=EDGE_CURVE('',#1533,#1534,#820,.T.);
#1822=EDGE_CURVE('',#1534,#1535,#1339,.T.);
#1823=EDGE_CURVE('',#1535,#1536,#821,.T.);
#1824=EDGE_CURVE('',#1537,#1536,#822,.T.);
#1825=EDGE_CURVE('',#1537,#1538,#823,.T.);
#1826=EDGE_CURVE('',#1538,#1539,#1340,.T.);
#1827=EDGE_CURVE('',#1539,#1540,#824,.T.);
#1828=EDGE_CURVE('',#1540,#1541,#1341,.T.);
#1829=EDGE_CURVE('',#1541,#1542,#825,.T.);
#1830=EDGE_CURVE('',#1543,#1542,#826,.T.);
#1831=EDGE_CURVE('',#1543,#1544,#827,.T.);
#1832=EDGE_CURVE('',#1544,#1545,#1342,.T.);
#1833=EDGE_CURVE('',#1545,#1546,#828,.T.);
#1834=EDGE_CURVE('',#1546,#1547,#1343,.T.);
#1835=EDGE_CURVE('',#1547,#1548,#829,.T.);
#1836=EDGE_CURVE('',#1549,#1548,#830,.T.);
#1837=EDGE_CURVE('',#1549,#1550,#831,.T.);
#1838=EDGE_CURVE('',#1550,#1551,#1344,.T.);
#1839=EDGE_CURVE('',#1551,#1552,#832,.T.);
#1840=EDGE_CURVE('',#1552,#1553,#1345,.T.);
#1841=EDGE_CURVE('',#1553,#1502,#833,.T.);
#1842=EDGE_CURVE('',#1554,#1554,#1346,.T.);
#1843=EDGE_CURVE('',#1555,#1555,#1347,.T.);
#1844=EDGE_CURVE('',#1556,#1556,#1348,.T.);
#1845=EDGE_CURVE('',#1557,#1557,#1349,.T.);
#1846=EDGE_CURVE('',#1558,#1558,#1350,.T.);
#1847=EDGE_CURVE('',#1559,#1505,#834,.T.);
#1848=EDGE_CURVE('',#1560,#1559,#835,.T.);
#1849=EDGE_CURVE('',#1560,#1508,#836,.T.);
#1850=EDGE_CURVE('',#1503,#1559,#837,.T.);
#1851=EDGE_CURVE('',#1559,#1495,#1351,.T.);
#1852=EDGE_CURVE('',#1561,#1562,#838,.T.);
#1853=EDGE_CURVE('',#1562,#1563,#839,.T.);
#1854=EDGE_CURVE('',#1564,#1563,#1352,.T.);
#1855=EDGE_CURVE('',#1564,#1565,#840,.T.);
#1856=EDGE_CURVE('',#1566,#1565,#1353,.T.);
#1857=EDGE_CURVE('',#1566,#1561,#841,.T.);
#1858=EDGE_CURVE('',#1567,#1567,#1354,.T.);
#1859=EDGE_CURVE('',#1568,#1561,#842,.T.);
#1860=EDGE_CURVE('',#1512,#1568,#1355,.T.);
#1861=EDGE_CURVE('',#1512,#1569,#843,.T.);
#1862=EDGE_CURVE('',#1561,#1569,#1356,.T.);
#1863=EDGE_CURVE('',#1570,#1568,#844,.T.);
#1864=EDGE_CURVE('',#1570,#1513,#1357,.T.);
#1865=EDGE_CURVE('',#1562,#1570,#845,.T.);
#1866=EDGE_CURVE('',#1571,#1570,#846,.T.);
#1867=EDGE_CURVE('',#1563,#1571,#847,.T.);
#1868=EDGE_CURVE('',#1566,#1572,#848,.T.);
#1869=EDGE_CURVE('',#1568,#1572,#849,.T.);
#1870=EDGE_CURVE('',#1507,#1573,#1358,.T.);
#1871=EDGE_CURVE('',#1573,#1574,#850,.T.);
#1872=EDGE_CURVE('',#1574,#1506,#1359,.T.);
#1873=EDGE_CURVE('',#1575,#1575,#1360,.T.);
#1874=EDGE_CURVE('',#1576,#1513,#851,.T.);
#1875=EDGE_CURVE('',#1577,#1576,#852,.T.);
#1876=EDGE_CURVE('',#1577,#1514,#853,.T.);
#1877=EDGE_CURVE('',#1569,#1576,#854,.T.);
#1878=EDGE_CURVE('',#1576,#1562,#1361,.T.);
#1879=EDGE_CURVE('',#1578,#1579,#855,.T.);
#1880=EDGE_CURVE('',#1579,#1580,#856,.T.);
#1881=EDGE_CURVE('',#1581,#1580,#1362,.T.);
#1882=EDGE_CURVE('',#1581,#1582,#857,.T.);
#1883=EDGE_CURVE('',#1583,#1582,#1363,.T.);
#1884=EDGE_CURVE('',#1583,#1578,#858,.T.);
#1885=EDGE_CURVE('',#1584,#1584,#1364,.T.);
#1886=EDGE_CURVE('',#1585,#1578,#859,.T.);
#1887=EDGE_CURVE('',#1518,#1585,#1365,.T.);
#1888=EDGE_CURVE('',#1518,#1586,#860,.T.);
#1889=EDGE_CURVE('',#1578,#1586,#1366,.T.);
#1890=EDGE_CURVE('',#1587,#1585,#861,.T.);
#1891=EDGE_CURVE('',#1587,#1519,#1367,.T.);
#1892=EDGE_CURVE('',#1579,#1587,#862,.T.);
#1893=EDGE_CURVE('',#1588,#1587,#863,.T.);
#1894=EDGE_CURVE('',#1580,#1588,#864,.T.);
#1895=EDGE_CURVE('',#1583,#1589,#865,.T.);
#1896=EDGE_CURVE('',#1585,#1589,#866,.T.);
#1897=EDGE_CURVE('',#1572,#1590,#1368,.T.);
#1898=EDGE_CURVE('',#1590,#1591,#867,.T.);
#1899=EDGE_CURVE('',#1591,#1571,#1369,.T.);
#1900=EDGE_CURVE('',#1592,#1592,#1370,.T.);
#1901=EDGE_CURVE('',#1593,#1519,#868,.T.);
#1902=EDGE_CURVE('',#1594,#1593,#869,.T.);
#1903=EDGE_CURVE('',#1594,#1520,#870,.T.);
#1904=EDGE_CURVE('',#1586,#1593,#871,.T.);
#1905=EDGE_CURVE('',#1593,#1579,#1371,.T.);
#1906=EDGE_CURVE('',#1595,#1596,#872,.T.);
#1907=EDGE_CURVE('',#1596,#1597,#873,.T.);
#1908=EDGE_CURVE('',#1598,#1597,#1372,.T.);
#1909=EDGE_CURVE('',#1598,#1599,#874,.T.);
#1910=EDGE_CURVE('',#1600,#1599,#1373,.T.);
#1911=EDGE_CURVE('',#1600,#1595,#875,.T.);
#1912=EDGE_CURVE('',#1601,#1601,#1374,.T.);
#1913=EDGE_CURVE('',#1602,#1595,#876,.T.);
#1914=EDGE_CURVE('',#1530,#1602,#1375,.T.);
#1915=EDGE_CURVE('',#1530,#1603,#877,.T.);
#1916=EDGE_CURVE('',#1595,#1603,#1376,.T.);
#1917=EDGE_CURVE('',#1604,#1602,#878,.T.);
#1918=EDGE_CURVE('',#1604,#1531,#1377,.T.);
#1919=EDGE_CURVE('',#1596,#1604,#879,.T.);
#1920=EDGE_CURVE('',#1605,#1604,#880,.T.);
#1921=EDGE_CURVE('',#1597,#1605,#881,.T.);
#1922=EDGE_CURVE('',#1600,#1606,#882,.T.);
#1923=EDGE_CURVE('',#1602,#1606,#883,.T.);
#1924=EDGE_CURVE('',#1589,#1607,#1378,.T.);
#1925=EDGE_CURVE('',#1607,#1608,#884,.T.);
#1926=EDGE_CURVE('',#1608,#1588,#1379,.T.);
#1927=EDGE_CURVE('',#1609,#1609,#1380,.T.);
#1928=EDGE_CURVE('',#1610,#1531,#885,.T.);
#1929=EDGE_CURVE('',#1611,#1610,#886,.T.);
#1930=EDGE_CURVE('',#1611,#1532,#887,.T.);
#1931=EDGE_CURVE('',#1603,#1610,#888,.T.);
#1932=EDGE_CURVE('',#1610,#1596,#1381,.T.);
#1933=EDGE_CURVE('',#1612,#1613,#889,.T.);
#1934=EDGE_CURVE('',#1613,#1614,#890,.T.);
#1935=EDGE_CURVE('',#1615,#1614,#1382,.T.);
#1936=EDGE_CURVE('',#1615,#1616,#891,.T.);
#1937=EDGE_CURVE('',#1617,#1616,#1383,.T.);
#1938=EDGE_CURVE('',#1617,#1612,#892,.T.);
#1939=EDGE_CURVE('',#1618,#1618,#1384,.T.);
#1940=EDGE_CURVE('',#1619,#1612,#893,.T.);
#1941=EDGE_CURVE('',#1536,#1619,#1385,.T.);
#1942=EDGE_CURVE('',#1536,#1620,#894,.T.);
#1943=EDGE_CURVE('',#1612,#1620,#1386,.T.);
#1944=EDGE_CURVE('',#1621,#1619,#895,.T.);
#1945=EDGE_CURVE('',#1621,#1537,#1387,.T.);
#1946=EDGE_CURVE('',#1613,#1621,#896,.T.);
#1947=EDGE_CURVE('',#1622,#1621,#897,.T.);
#1948=EDGE_CURVE('',#1614,#1622,#898,.T.);
#1949=EDGE_CURVE('',#1617,#1623,#899,.T.);
#1950=EDGE_CURVE('',#1619,#1623,#900,.T.);
#1951=EDGE_CURVE('',#1606,#1624,#1388,.T.);
#1952=EDGE_CURVE('',#1624,#1625,#901,.T.);
#1953=EDGE_CURVE('',#1625,#1605,#1389,.T.);
#1954=EDGE_CURVE('',#1626,#1626,#1390,.T.);
#1955=EDGE_CURVE('',#1627,#1537,#902,.T.);
#1956=EDGE_CURVE('',#1628,#1627,#903,.T.);
#1957=EDGE_CURVE('',#1628,#1538,#904,.T.);
#1958=EDGE_CURVE('',#1620,#1627,#905,.T.);
#1959=EDGE_CURVE('',#1627,#1613,#1391,.T.);
#1960=EDGE_CURVE('',#1629,#1630,#906,.T.);
#1961=EDGE_CURVE('',#1630,#1631,#907,.T.);
#1962=EDGE_CURVE('',#1632,#1631,#1392,.T.);
#1963=EDGE_CURVE('',#1632,#1633,#908,.T.);
#1964=EDGE_CURVE('',#1634,#1633,#1393,.T.);
#1965=EDGE_CURVE('',#1634,#1629,#909,.T.);
#1966=EDGE_CURVE('',#1635,#1635,#1394,.T.);
#1967=EDGE_CURVE('',#1636,#1629,#910,.T.);
#1968=EDGE_CURVE('',#1542,#1636,#1395,.T.);
#1969=EDGE_CURVE('',#1542,#1637,#911,.T.);
#1970=EDGE_CURVE('',#1629,#1637,#1396,.T.);
#1971=EDGE_CURVE('',#1638,#1636,#912,.T.);
#1972=EDGE_CURVE('',#1638,#1543,#1397,.T.);
#1973=EDGE_CURVE('',#1630,#1638,#913,.T.);
#1974=EDGE_CURVE('',#1639,#1638,#914,.T.);
#1975=EDGE_CURVE('',#1631,#1639,#915,.T.);
#1976=EDGE_CURVE('',#1634,#1640,#916,.T.);
#1977=EDGE_CURVE('',#1636,#1640,#917,.T.);
#1978=EDGE_CURVE('',#1623,#1641,#1398,.T.);
#1979=EDGE_CURVE('',#1641,#1642,#918,.T.);
#1980=EDGE_CURVE('',#1642,#1622,#1399,.T.);
#1981=EDGE_CURVE('',#1643,#1643,#1400,.T.);
#1982=EDGE_CURVE('',#1644,#1543,#919,.T.);
#1983=EDGE_CURVE('',#1645,#1644,#920,.T.);
#1984=EDGE_CURVE('',#1645,#1544,#921,.T.);
#1985=EDGE_CURVE('',#1637,#1644,#922,.T.);
#1986=EDGE_CURVE('',#1644,#1630,#1401,.T.);
#1987=EDGE_CURVE('',#1646,#1647,#923,.T.);
#1988=EDGE_CURVE('',#1647,#1648,#924,.T.);
#1989=EDGE_CURVE('',#1649,#1648,#1402,.T.);
#1990=EDGE_CURVE('',#1649,#1650,#925,.T.);
#1991=EDGE_CURVE('',#1651,#1650,#1403,.T.);
#1992=EDGE_CURVE('',#1651,#1646,#926,.T.);
#1993=EDGE_CURVE('',#1652,#1652,#1404,.T.);
#1994=EDGE_CURVE('',#1653,#1646,#927,.T.);
#1995=EDGE_CURVE('',#1548,#1653,#1405,.T.);
#1996=EDGE_CURVE('',#1548,#1654,#928,.T.);
#1997=EDGE_CURVE('',#1646,#1654,#1406,.T.);
#1998=EDGE_CURVE('',#1655,#1653,#929,.T.);
#1999=EDGE_CURVE('',#1655,#1549,#1407,.T.);
#2000=EDGE_CURVE('',#1647,#1655,#930,.T.);
#2001=EDGE_CURVE('',#1656,#1655,#931,.T.);
#2002=EDGE_CURVE('',#1648,#1656,#932,.T.);
#2003=EDGE_CURVE('',#1651,#1657,#933,.T.);
#2004=EDGE_CURVE('',#1653,#1657,#934,.T.);
#2005=EDGE_CURVE('',#1640,#1658,#1408,.T.);
#2006=EDGE_CURVE('',#1658,#1659,#935,.T.);
#2007=EDGE_CURVE('',#1659,#1639,#1409,.T.);
#2008=EDGE_CURVE('',#1660,#1660,#1410,.T.);
#2009=EDGE_CURVE('',#1661,#1549,#936,.T.);
#2010=EDGE_CURVE('',#1662,#1661,#937,.T.);
#2011=EDGE_CURVE('',#1662,#1550,#938,.T.);
#2012=EDGE_CURVE('',#1654,#1661,#939,.T.);
#2013=EDGE_CURVE('',#1661,#1647,#1411,.T.);
#2014=EDGE_CURVE('',#1663,#1664,#940,.T.);
#2015=EDGE_CURVE('',#1665,#1664,#941,.T.);
#2016=EDGE_CURVE('',#1666,#1665,#942,.T.);
#2017=EDGE_CURVE('',#1663,#1666,#943,.T.);
#2018=EDGE_CURVE('',#1667,#1663,#944,.T.);
#2019=EDGE_CURVE('',#1667,#1668,#1412,.T.);
#2020=EDGE_CURVE('',#1668,#1669,#945,.T.);
#2021=EDGE_CURVE('',#1669,#1663,#1413,.T.);
#2022=EDGE_CURVE('',#1670,#1667,#946,.T.);
#2023=EDGE_CURVE('',#1524,#1670,#1414,.T.);
#2024=EDGE_CURVE('',#1524,#1668,#947,.T.);
#2025=EDGE_CURVE('',#1664,#1670,#948,.T.);
#2026=EDGE_CURVE('',#1670,#1671,#949,.T.);
#2027=EDGE_CURVE('',#1671,#1672,#1415,.T.);
#2028=EDGE_CURVE('',#1672,#1673,#950,.T.);
#2029=EDGE_CURVE('',#1673,#1665,#1416,.T.);
#2030=EDGE_CURVE('',#1674,#1674,#1417,.T.);
#2031=EDGE_CURVE('',#1675,#1666,#1418,.T.);
#2032=EDGE_CURVE('',#1675,#1676,#951,.T.);
#2033=EDGE_CURVE('',#1677,#1676,#1419,.T.);
#2034=EDGE_CURVE('',#1677,#1667,#952,.T.);
#2035=EDGE_CURVE('',#1678,#1678,#1420,.T.);
#2036=EDGE_CURVE('',#1679,#1523,#953,.T.);
#2037=EDGE_CURVE('',#1668,#1679,#954,.T.);
#2038=EDGE_CURVE('',#1657,#1680,#1421,.T.);
#2039=EDGE_CURVE('',#1680,#1681,#955,.T.);
#2040=EDGE_CURVE('',#1681,#1656,#1422,.T.);
#2041=EDGE_CURVE('',#1682,#1682,#1423,.T.);
#2042=EDGE_CURVE('',#1669,#1525,#956,.T.);
#2043=EDGE_CURVE('',#1664,#1525,#1424,.T.);
#2044=EDGE_CURVE('',#1682,#1652,#957,.T.);
#2045=EDGE_CURVE('',#1558,#1683,#958,.T.);
#2046=EDGE_CURVE('',#1683,#1683,#1425,.T.);
#2047=EDGE_CURVE('',#1557,#1684,#959,.T.);
#2048=EDGE_CURVE('',#1684,#1684,#1426,.T.);
#2049=EDGE_CURVE('',#1626,#1601,#960,.T.);
#2050=EDGE_CURVE('',#1556,#1685,#961,.T.);
#2051=EDGE_CURVE('',#1685,#1685,#1427,.T.);
#2052=EDGE_CURVE('',#1643,#1618,#962,.T.);
#2053=EDGE_CURVE('',#1555,#1686,#963,.T.);
#2054=EDGE_CURVE('',#1686,#1686,#1428,.T.);
#2055=EDGE_CURVE('',#1575,#1500,#964,.T.);
#2056=EDGE_CURVE('',#1554,#1687,#965,.T.);
#2057=EDGE_CURVE('',#1687,#1687,#1429,.T.);
#2058=EDGE_CURVE('',#1660,#1635,#966,.T.);
#2059=EDGE_CURVE('',#1674,#1678,#967,.T.);
#2060=EDGE_CURVE('',#1592,#1567,#968,.T.);
#2061=EDGE_CURVE('',#1609,#1584,#969,.T.);
#2062=EDGE_CURVE('',#1688,#1511,#970,.T.);
#2063=EDGE_CURVE('',#1569,#1688,#971,.T.);
#2064=EDGE_CURVE('',#1689,#1688,#1430,.T.);
#2065=EDGE_CURVE('',#1689,#1510,#972,.T.);
#2066=EDGE_CURVE('',#1689,#1690,#973,.T.);
#2067=EDGE_CURVE('',#1690,#1509,#974,.T.);
#2068=EDGE_CURVE('',#1690,#1560,#1431,.T.);
#2069=EDGE_CURVE('',#1497,#1574,#975,.T.);
#2070=EDGE_CURVE('',#1498,#1573,#976,.T.);
#2071=EDGE_CURVE('',#1691,#1553,#977,.T.);
#2072=EDGE_CURVE('',#1503,#1691,#978,.T.);
#2073=EDGE_CURVE('',#1692,#1691,#1432,.T.);
#2074=EDGE_CURVE('',#1692,#1552,#979,.T.);
#2075=EDGE_CURVE('',#1692,#1693,#980,.T.);
#2076=EDGE_CURVE('',#1693,#1551,#981,.T.);
#2077=EDGE_CURVE('',#1693,#1662,#1433,.T.);
#2078=EDGE_CURVE('',#1649,#1681,#982,.T.);
#2079=EDGE_CURVE('',#1650,#1680,#983,.T.);
#2080=EDGE_CURVE('',#1694,#1547,#984,.T.);
#2081=EDGE_CURVE('',#1654,#1694,#985,.T.);
#2082=EDGE_CURVE('',#1695,#1694,#1434,.T.);
#2083=EDGE_CURVE('',#1695,#1546,#986,.T.);
#2084=EDGE_CURVE('',#1695,#1696,#987,.T.);
#2085=EDGE_CURVE('',#1696,#1545,#988,.T.);
#2086=EDGE_CURVE('',#1696,#1645,#1435,.T.);
#2087=EDGE_CURVE('',#1632,#1659,#989,.T.);
#2088=EDGE_CURVE('',#1633,#1658,#990,.T.);
#2089=EDGE_CURVE('',#1697,#1541,#991,.T.);
#2090=EDGE_CURVE('',#1637,#1697,#992,.T.);
#2091=EDGE_CURVE('',#1698,#1697,#1436,.T.);
#2092=EDGE_CURVE('',#1698,#1540,#993,.T.);
#2093=EDGE_CURVE('',#1698,#1699,#994,.T.);
#2094=EDGE_CURVE('',#1699,#1539,#995,.T.);
#2095=EDGE_CURVE('',#1699,#1628,#1437,.T.);
#2096=EDGE_CURVE('',#1615,#1642,#996,.T.);
#2097=EDGE_CURVE('',#1616,#1641,#997,.T.);
#2098=EDGE_CURVE('',#1700,#1535,#998,.T.);
#2099=EDGE_CURVE('',#1620,#1700,#999,.T.);
#2100=EDGE_CURVE('',#1701,#1700,#1438,.T.);
#2101=EDGE_CURVE('',#1701,#1534,#1000,.T.);
#2102=EDGE_CURVE('',#1701,#1702,#1001,.T.);
#2103=EDGE_CURVE('',#1702,#1533,#1002,.T.);
#2104=EDGE_CURVE('',#1702,#1611,#1439,.T.);
#2105=EDGE_CURVE('',#1598,#1625,#1003,.T.);
#2106=EDGE_CURVE('',#1599,#1624,#1004,.T.);
#2107=EDGE_CURVE('',#1703,#1529,#1005,.T.);
#2108=EDGE_CURVE('',#1603,#1703,#1006,.T.);
#2109=EDGE_CURVE('',#1704,#1703,#1440,.T.);
#2110=EDGE_CURVE('',#1704,#1528,#1007,.T.);
#2111=EDGE_CURVE('',#1704,#1705,#1008,.T.);
#2112=EDGE_CURVE('',#1705,#1527,#1009,.T.);
#2113=EDGE_CURVE('',#1705,#1706,#1441,.T.);
#2114=EDGE_CURVE('',#1706,#1526,#1010,.T.);
#2115=EDGE_CURVE('',#1706,#1669,#1011,.T.);
#2116=EDGE_CURVE('',#1675,#1673,#1012,.T.);
#2117=EDGE_CURVE('',#1676,#1672,#1013,.T.);
#2118=EDGE_CURVE('',#1677,#1671,#1014,.T.);
#2119=EDGE_CURVE('',#1707,#1679,#1442,.T.);
#2120=EDGE_CURVE('',#1707,#1522,#1015,.T.);
#2121=EDGE_CURVE('',#1707,#1708,#1016,.T.);
#2122=EDGE_CURVE('',#1708,#1521,#1017,.T.);
#2123=EDGE_CURVE('',#1708,#1594,#1443,.T.);
#2124=EDGE_CURVE('',#1581,#1608,#1018,.T.);
#2125=EDGE_CURVE('',#1582,#1607,#1019,.T.);
#2126=EDGE_CURVE('',#1709,#1517,#1020,.T.);
#2127=EDGE_CURVE('',#1586,#1709,#1021,.T.);
#2128=EDGE_CURVE('',#1710,#1709,#1444,.T.);
#2129=EDGE_CURVE('',#1710,#1516,#1022,.T.);
#2130=EDGE_CURVE('',#1710,#1711,#1023,.T.);
#2131=EDGE_CURVE('',#1711,#1515,#1024,.T.);
#2132=EDGE_CURVE('',#1711,#1577,#1445,.T.);
#2133=EDGE_CURVE('',#1564,#1591,#1025,.T.);
#2134=EDGE_CURVE('',#1565,#1590,#1026,.T.);
#2135=EDGE_CURVE('',#1712,#1713,#1446,.T.);
#2136=EDGE_CURVE('',#1713,#1713,#187,.T.);
#2137=EDGE_CURVE('',#1712,#1712,#188,.T.);
#2138=EDGE_CURVE('',#1713,#1714,#183,.T.);
#2139=EDGE_CURVE('',#1714,#1714,#1447,.T.);
#2140=EDGE_CURVE('',#1715,#1715,#1448,.T.);
#2141=EDGE_CURVE('',#1716,#1717,#1449,.T.);
#2142=EDGE_CURVE('',#1717,#1717,#189,.T.);
#2143=EDGE_CURVE('',#1716,#1716,#190,.T.);
#2144=EDGE_CURVE('',#1716,#1714,#184,.T.);
#2145=EDGE_CURVE('',#1718,#1718,#1450,.T.);
#2146=EDGE_CURVE('',#1719,#1719,#1451,.T.);
#2147=EDGE_CURVE('',#1720,#1720,#1452,.T.);
#2148=EDGE_CURVE('',#1719,#1718,#1027,.T.);
#2149=EDGE_CURVE('',#1715,#1721,#1028,.T.);
#2150=EDGE_CURVE('',#1721,#1721,#1453,.T.);
#2151=EDGE_CURVE('',#1722,#1722,#1454,.T.);
#2152=EDGE_CURVE('',#1722,#1720,#1029,.T.);
#2153=EDGE_CURVE('',#1723,#1723,#1455,.T.);
#2154=EDGE_CURVE('',#1724,#1724,#1456,.T.);
#2155=EDGE_CURVE('',#1724,#1725,#1030,.T.);
#2156=EDGE_CURVE('',#1725,#1725,#1457,.T.);
#2157=EDGE_CURVE('',#1723,#1726,#1031,.T.);
#2158=EDGE_CURVE('',#1726,#1726,#1458,.T.);
#2159=EDGE_CURVE('',#1727,#1727,#1459,.T.);
#2160=EDGE_CURVE('',#1727,#1728,#1032,.T.);
#2161=EDGE_CURVE('',#1728,#1728,#1460,.T.);
#2162=EDGE_CURVE('',#1729,#1729,#1461,.T.);
#2163=EDGE_CURVE('',#1729,#1730,#1033,.T.);
#2164=EDGE_CURVE('',#1730,#1730,#1462,.T.);
#2165=EDGE_CURVE('',#1731,#1731,#1463,.T.);
#2166=EDGE_CURVE('',#1731,#1732,#1034,.T.);
#2167=EDGE_CURVE('',#1732,#1732,#1464,.T.);
#2168=EDGE_CURVE('',#1733,#1733,#1465,.T.);
#2169=EDGE_CURVE('',#1733,#1734,#1035,.T.);
#2170=EDGE_CURVE('',#1734,#1734,#1466,.T.);
#2171=EDGE_CURVE('',#1735,#1735,#1467,.T.);
#2172=EDGE_CURVE('',#1735,#1733,#1036,.T.);
#2173=ORIENTED_EDGE('',*,*,#1736,.T.);
#2174=ORIENTED_EDGE('',*,*,#1737,.F.);
#2175=ORIENTED_EDGE('',*,*,#1738,.F.);
#2176=ORIENTED_EDGE('',*,*,#1739,.T.);
#2177=ORIENTED_EDGE('',*,*,#1740,.F.);
#2178=ORIENTED_EDGE('',*,*,#1741,.F.);
#2179=ORIENTED_EDGE('',*,*,#1737,.T.);
#2180=ORIENTED_EDGE('',*,*,#1742,.F.);
#2181=ORIENTED_EDGE('',*,*,#1741,.T.);
#2182=ORIENTED_EDGE('',*,*,#1743,.T.);
#2183=ORIENTED_EDGE('',*,*,#1744,.F.);
#2184=ORIENTED_EDGE('',*,*,#1745,.T.);
#2185=ORIENTED_EDGE('',*,*,#1739,.F.);
#2186=ORIENTED_EDGE('',*,*,#1745,.F.);
#2187=ORIENTED_EDGE('',*,*,#1736,.F.);
#2188=ORIENTED_EDGE('',*,*,#1743,.F.);
#2189=ORIENTED_EDGE('',*,*,#1740,.T.);
#2190=ORIENTED_EDGE('',*,*,#1742,.T.);
#2191=ORIENTED_EDGE('',*,*,#1746,.F.);
#2192=ORIENTED_EDGE('',*,*,#1747,.T.);
#2193=ORIENTED_EDGE('',*,*,#1748,.F.);
#2194=ORIENTED_EDGE('',*,*,#1747,.F.);
#2195=ORIENTED_EDGE('',*,*,#1749,.F.);
#2196=ORIENTED_EDGE('',*,*,#1750,.T.);
#2197=ORIENTED_EDGE('',*,*,#1751,.F.);
#2198=ORIENTED_EDGE('',*,*,#1750,.F.);
#2199=ORIENTED_EDGE('',*,*,#1752,.F.);
#2200=ORIENTED_EDGE('',*,*,#1753,.T.);
#2201=ORIENTED_EDGE('',*,*,#1754,.F.);
#2202=ORIENTED_EDGE('',*,*,#1753,.F.);
#2203=ORIENTED_EDGE('',*,*,#1755,.F.);
#2204=ORIENTED_EDGE('',*,*,#1756,.T.);
#2205=ORIENTED_EDGE('',*,*,#1757,.F.);
#2206=ORIENTED_EDGE('',*,*,#1756,.F.);
#2207=ORIENTED_EDGE('',*,*,#1758,.F.);
#2208=ORIENTED_EDGE('',*,*,#1746,.T.);
#2209=ORIENTED_EDGE('',*,*,#1749,.T.);
#2210=ORIENTED_EDGE('',*,*,#1752,.T.);
#2211=ORIENTED_EDGE('',*,*,#1755,.T.);
#2212=ORIENTED_EDGE('',*,*,#1759,.F.);
#2213=ORIENTED_EDGE('',*,*,#1760,.F.);
#2214=ORIENTED_EDGE('',*,*,#1761,.F.);
#2215=ORIENTED_EDGE('',*,*,#1760,.T.);
#2216=ORIENTED_EDGE('',*,*,#1762,.T.);
#2217=ORIENTED_EDGE('',*,*,#1759,.T.);
#2218=ORIENTED_EDGE('',*,*,#1762,.F.);
#2219=ORIENTED_EDGE('',*,*,#1763,.T.);
#2220=ORIENTED_EDGE('',*,*,#1744,.T.);
#2221=ORIENTED_EDGE('',*,*,#1764,.T.);
#2222=ORIENTED_EDGE('',*,*,#1765,.T.);
#2223=ORIENTED_EDGE('',*,*,#1761,.T.);
#2224=ORIENTED_EDGE('',*,*,#1765,.F.);
#2225=ORIENTED_EDGE('',*,*,#1763,.F.);
#2226=ORIENTED_EDGE('',*,*,#1766,.T.);
#2227=ORIENTED_EDGE('',*,*,#1764,.F.);
#2228=ORIENTED_EDGE('',*,*,#1766,.F.);
#2229=ORIENTED_EDGE('',*,*,#1767,.T.);
#2230=ORIENTED_EDGE('',*,*,#1748,.T.);
#2231=ORIENTED_EDGE('',*,*,#1751,.T.);
#2232=ORIENTED_EDGE('',*,*,#1754,.T.);
#2233=ORIENTED_EDGE('',*,*,#1757,.T.);
#2234=ORIENTED_EDGE('',*,*,#1768,.T.);
#2235=ORIENTED_EDGE('',*,*,#1769,.T.);
#2236=ORIENTED_EDGE('',*,*,#1770,.T.);
#2237=ORIENTED_EDGE('',*,*,#1769,.F.);
#2238=ORIENTED_EDGE('',*,*,#1771,.T.);
#2239=ORIENTED_EDGE('',*,*,#1768,.F.);
#2240=ORIENTED_EDGE('',*,*,#1771,.F.);
#2241=ORIENTED_EDGE('',*,*,#1772,.F.);
#2242=ORIENTED_EDGE('',*,*,#1773,.T.);
#2243=ORIENTED_EDGE('',*,*,#1770,.F.);
#2244=ORIENTED_EDGE('',*,*,#1773,.F.);
#2245=ORIENTED_EDGE('',*,*,#1738,.T.);
#2246=ORIENTED_EDGE('',*,*,#1774,.T.);
#2247=ORIENTED_EDGE('',*,*,#1772,.T.);
#2248=ORIENTED_EDGE('',*,*,#1774,.F.);
#2249=ORIENTED_EDGE('',*,*,#1767,.F.);
#2250=ORIENTED_EDGE('',*,*,#1775,.T.);
#2251=ORIENTED_EDGE('',*,*,#1758,.T.);
#2252=ORIENTED_EDGE('',*,*,#1775,.F.);
#2253=ORIENTED_EDGE('',*,*,#1776,.T.);
#2254=ORIENTED_EDGE('',*,*,#1777,.T.);
#2255=ORIENTED_EDGE('',*,*,#1778,.F.);
#2256=ORIENTED_EDGE('',*,*,#1779,.T.);
#2257=ORIENTED_EDGE('',*,*,#1780,.F.);
#2258=ORIENTED_EDGE('',*,*,#1781,.T.);
#2259=ORIENTED_EDGE('',*,*,#1782,.F.);
#2260=ORIENTED_EDGE('',*,*,#1783,.F.);
#2261=ORIENTED_EDGE('',*,*,#1784,.F.);
#2262=ORIENTED_EDGE('',*,*,#1785,.T.);
#2263=ORIENTED_EDGE('',*,*,#1786,.F.);
#2264=ORIENTED_EDGE('',*,*,#1787,.F.);
#2265=ORIENTED_EDGE('',*,*,#1788,.T.);
#2266=ORIENTED_EDGE('',*,*,#1789,.T.);
#2267=ORIENTED_EDGE('',*,*,#1784,.T.);
#2268=ORIENTED_EDGE('',*,*,#1790,.T.);
#2269=ORIENTED_EDGE('',*,*,#1791,.F.);
#2270=ORIENTED_EDGE('',*,*,#1792,.F.);
#2271=ORIENTED_EDGE('',*,*,#1777,.F.);
#2272=ORIENTED_EDGE('',*,*,#1783,.T.);
#2273=ORIENTED_EDGE('',*,*,#1781,.F.);
#2274=ORIENTED_EDGE('',*,*,#1793,.T.);
#2275=ORIENTED_EDGE('',*,*,#1794,.F.);
#2276=ORIENTED_EDGE('',*,*,#1789,.F.);
#2277=ORIENTED_EDGE('',*,*,#1795,.T.);
#2278=ORIENTED_EDGE('',*,*,#1796,.T.);
#2279=ORIENTED_EDGE('',*,*,#1797,.T.);
#2280=ORIENTED_EDGE('',*,*,#1798,.T.);
#2281=ORIENTED_EDGE('',*,*,#1799,.T.);
#2282=ORIENTED_EDGE('',*,*,#1800,.F.);
#2283=ORIENTED_EDGE('',*,*,#1801,.T.);
#2284=ORIENTED_EDGE('',*,*,#1802,.T.);
#2285=ORIENTED_EDGE('',*,*,#1803,.T.);
#2286=ORIENTED_EDGE('',*,*,#1804,.T.);
#2287=ORIENTED_EDGE('',*,*,#1805,.T.);
#2288=ORIENTED_EDGE('',*,*,#1806,.F.);
#2289=ORIENTED_EDGE('',*,*,#1807,.T.);
#2290=ORIENTED_EDGE('',*,*,#1808,.T.);
#2291=ORIENTED_EDGE('',*,*,#1809,.T.);
#2292=ORIENTED_EDGE('',*,*,#1810,.T.);
#2293=ORIENTED_EDGE('',*,*,#1811,.T.);
#2294=ORIENTED_EDGE('',*,*,#1812,.F.);
#2295=ORIENTED_EDGE('',*,*,#1813,.T.);
#2296=ORIENTED_EDGE('',*,*,#1814,.T.);
#2297=ORIENTED_EDGE('',*,*,#1815,.T.);
#2298=ORIENTED_EDGE('',*,*,#1816,.T.);
#2299=ORIENTED_EDGE('',*,*,#1817,.T.);
#2300=ORIENTED_EDGE('',*,*,#1818,.F.);
#2301=ORIENTED_EDGE('',*,*,#1819,.T.);
#2302=ORIENTED_EDGE('',*,*,#1820,.T.);
#2303=ORIENTED_EDGE('',*,*,#1821,.T.);
#2304=ORIENTED_EDGE('',*,*,#1822,.T.);
#2305=ORIENTED_EDGE('',*,*,#1823,.T.);
#2306=ORIENTED_EDGE('',*,*,#1824,.F.);
#2307=ORIENTED_EDGE('',*,*,#1825,.T.);
#2308=ORIENTED_EDGE('',*,*,#1826,.T.);
#2309=ORIENTED_EDGE('',*,*,#1827,.T.);
#2310=ORIENTED_EDGE('',*,*,#1828,.T.);
#2311=ORIENTED_EDGE('',*,*,#1829,.T.);
#2312=ORIENTED_EDGE('',*,*,#1830,.F.);
#2313=ORIENTED_EDGE('',*,*,#1831,.T.);
#2314=ORIENTED_EDGE('',*,*,#1832,.T.);
#2315=ORIENTED_EDGE('',*,*,#1833,.T.);
#2316=ORIENTED_EDGE('',*,*,#1834,.T.);
#2317=ORIENTED_EDGE('',*,*,#1835,.T.);
#2318=ORIENTED_EDGE('',*,*,#1836,.F.);
#2319=ORIENTED_EDGE('',*,*,#1837,.T.);
#2320=ORIENTED_EDGE('',*,*,#1838,.T.);
#2321=ORIENTED_EDGE('',*,*,#1839,.T.);
#2322=ORIENTED_EDGE('',*,*,#1840,.T.);
#2323=ORIENTED_EDGE('',*,*,#1841,.T.);
#2324=ORIENTED_EDGE('',*,*,#1842,.T.);
#2325=ORIENTED_EDGE('',*,*,#1843,.T.);
#2326=ORIENTED_EDGE('',*,*,#1844,.T.);
#2327=ORIENTED_EDGE('',*,*,#1845,.T.);
#2328=ORIENTED_EDGE('',*,*,#1846,.T.);
#2329=ORIENTED_EDGE('',*,*,#1847,.F.);
#2330=ORIENTED_EDGE('',*,*,#1848,.F.);
#2331=ORIENTED_EDGE('',*,*,#1849,.T.);
#2332=ORIENTED_EDGE('',*,*,#1795,.F.);
#2333=ORIENTED_EDGE('',*,*,#1776,.F.);
#2334=ORIENTED_EDGE('',*,*,#1786,.T.);
#2335=ORIENTED_EDGE('',*,*,#1850,.T.);
#2336=ORIENTED_EDGE('',*,*,#1851,.T.);
#2337=ORIENTED_EDGE('',*,*,#1852,.T.);
#2338=ORIENTED_EDGE('',*,*,#1853,.T.);
#2339=ORIENTED_EDGE('',*,*,#1854,.F.);
#2340=ORIENTED_EDGE('',*,*,#1855,.T.);
#2341=ORIENTED_EDGE('',*,*,#1856,.F.);
#2342=ORIENTED_EDGE('',*,*,#1857,.T.);
#2343=ORIENTED_EDGE('',*,*,#1858,.F.);
#2344=ORIENTED_EDGE('',*,*,#1859,.F.);
#2345=ORIENTED_EDGE('',*,*,#1860,.F.);
#2346=ORIENTED_EDGE('',*,*,#1861,.T.);
#2347=ORIENTED_EDGE('',*,*,#1862,.F.);
#2348=ORIENTED_EDGE('',*,*,#1863,.F.);
#2349=ORIENTED_EDGE('',*,*,#1864,.T.);
#2350=ORIENTED_EDGE('',*,*,#1800,.T.);
#2351=ORIENTED_EDGE('',*,*,#1860,.T.);
#2352=ORIENTED_EDGE('',*,*,#1865,.T.);
#2353=ORIENTED_EDGE('',*,*,#1866,.F.);
#2354=ORIENTED_EDGE('',*,*,#1867,.F.);
#2355=ORIENTED_EDGE('',*,*,#1853,.F.);
#2356=ORIENTED_EDGE('',*,*,#1859,.T.);
#2357=ORIENTED_EDGE('',*,*,#1857,.F.);
#2358=ORIENTED_EDGE('',*,*,#1868,.T.);
#2359=ORIENTED_EDGE('',*,*,#1869,.F.);
#2360=ORIENTED_EDGE('',*,*,#1787,.T.);
#2361=ORIENTED_EDGE('',*,*,#1794,.T.);
#2362=ORIENTED_EDGE('',*,*,#1870,.T.);
#2363=ORIENTED_EDGE('',*,*,#1871,.T.);
#2364=ORIENTED_EDGE('',*,*,#1872,.T.);
#2365=ORIENTED_EDGE('',*,*,#1791,.T.);
#2366=ORIENTED_EDGE('',*,*,#1873,.T.);
#2367=ORIENTED_EDGE('',*,*,#1874,.F.);
#2368=ORIENTED_EDGE('',*,*,#1875,.F.);
#2369=ORIENTED_EDGE('',*,*,#1876,.T.);
#2370=ORIENTED_EDGE('',*,*,#1801,.F.);
#2371=ORIENTED_EDGE('',*,*,#1852,.F.);
#2372=ORIENTED_EDGE('',*,*,#1862,.T.);
#2373=ORIENTED_EDGE('',*,*,#1877,.T.);
#2374=ORIENTED_EDGE('',*,*,#1878,.T.);
#2375=ORIENTED_EDGE('',*,*,#1879,.T.);
#2376=ORIENTED_EDGE('',*,*,#1880,.T.);
#2377=ORIENTED_EDGE('',*,*,#1881,.F.);
#2378=ORIENTED_EDGE('',*,*,#1882,.T.);
#2379=ORIENTED_EDGE('',*,*,#1883,.F.);
#2380=ORIENTED_EDGE('',*,*,#1884,.T.);
#2381=ORIENTED_EDGE('',*,*,#1885,.F.);
#2382=ORIENTED_EDGE('',*,*,#1886,.F.);
#2383=ORIENTED_EDGE('',*,*,#1887,.F.);
#2384=ORIENTED_EDGE('',*,*,#1888,.T.);
#2385=ORIENTED_EDGE('',*,*,#1889,.F.);
#2386=ORIENTED_EDGE('',*,*,#1890,.F.);
#2387=ORIENTED_EDGE('',*,*,#1891,.T.);
#2388=ORIENTED_EDGE('',*,*,#1806,.T.);
#2389=ORIENTED_EDGE('',*,*,#1887,.T.);
#2390=ORIENTED_EDGE('',*,*,#1892,.T.);
#2391=ORIENTED_EDGE('',*,*,#1893,.F.);
#2392=ORIENTED_EDGE('',*,*,#1894,.F.);
#2393=ORIENTED_EDGE('',*,*,#1880,.F.);
#2394=ORIENTED_EDGE('',*,*,#1886,.T.);
#2395=ORIENTED_EDGE('',*,*,#1884,.F.);
#2396=ORIENTED_EDGE('',*,*,#1895,.T.);
#2397=ORIENTED_EDGE('',*,*,#1896,.F.);
#2398=ORIENTED_EDGE('',*,*,#1863,.T.);
#2399=ORIENTED_EDGE('',*,*,#1869,.T.);
#2400=ORIENTED_EDGE('',*,*,#1897,.T.);
#2401=ORIENTED_EDGE('',*,*,#1898,.T.);
#2402=ORIENTED_EDGE('',*,*,#1899,.T.);
#2403=ORIENTED_EDGE('',*,*,#1866,.T.);
#2404=ORIENTED_EDGE('',*,*,#1900,.T.);
#2405=ORIENTED_EDGE('',*,*,#1901,.F.);
#2406=ORIENTED_EDGE('',*,*,#1902,.F.);
#2407=ORIENTED_EDGE('',*,*,#1903,.T.);
#2408=ORIENTED_EDGE('',*,*,#1807,.F.);
#2409=ORIENTED_EDGE('',*,*,#1879,.F.);
#2410=ORIENTED_EDGE('',*,*,#1889,.T.);
#2411=ORIENTED_EDGE('',*,*,#1904,.T.);
#2412=ORIENTED_EDGE('',*,*,#1905,.T.);
#2413=ORIENTED_EDGE('',*,*,#1906,.T.);
#2414=ORIENTED_EDGE('',*,*,#1907,.T.);
#2415=ORIENTED_EDGE('',*,*,#1908,.F.);
#2416=ORIENTED_EDGE('',*,*,#1909,.T.);
#2417=ORIENTED_EDGE('',*,*,#1910,.F.);
#2418=ORIENTED_EDGE('',*,*,#1911,.T.);
#2419=ORIENTED_EDGE('',*,*,#1912,.F.);
#2420=ORIENTED_EDGE('',*,*,#1913,.F.);
#2421=ORIENTED_EDGE('',*,*,#1914,.F.);
#2422=ORIENTED_EDGE('',*,*,#1915,.T.);
#2423=ORIENTED_EDGE('',*,*,#1916,.F.);
#2424=ORIENTED_EDGE('',*,*,#1917,.F.);
#2425=ORIENTED_EDGE('',*,*,#1918,.T.);
#2426=ORIENTED_EDGE('',*,*,#1818,.T.);
#2427=ORIENTED_EDGE('',*,*,#1914,.T.);
#2428=ORIENTED_EDGE('',*,*,#1919,.T.);
#2429=ORIENTED_EDGE('',*,*,#1920,.F.);
#2430=ORIENTED_EDGE('',*,*,#1921,.F.);
#2431=ORIENTED_EDGE('',*,*,#1907,.F.);
#2432=ORIENTED_EDGE('',*,*,#1913,.T.);
#2433=ORIENTED_EDGE('',*,*,#1911,.F.);
#2434=ORIENTED_EDGE('',*,*,#1922,.T.);
#2435=ORIENTED_EDGE('',*,*,#1923,.F.);
#2436=ORIENTED_EDGE('',*,*,#1890,.T.);
#2437=ORIENTED_EDGE('',*,*,#1896,.T.);
#2438=ORIENTED_EDGE('',*,*,#1924,.T.);
#2439=ORIENTED_EDGE('',*,*,#1925,.T.);
#2440=ORIENTED_EDGE('',*,*,#1926,.T.);
#2441=ORIENTED_EDGE('',*,*,#1893,.T.);
#2442=ORIENTED_EDGE('',*,*,#1927,.T.);
#2443=ORIENTED_EDGE('',*,*,#1928,.F.);
#2444=ORIENTED_EDGE('',*,*,#1929,.F.);
#2445=ORIENTED_EDGE('',*,*,#1930,.T.);
#2446=ORIENTED_EDGE('',*,*,#1819,.F.);
#2447=ORIENTED_EDGE('',*,*,#1906,.F.);
#2448=ORIENTED_EDGE('',*,*,#1916,.T.);
#2449=ORIENTED_EDGE('',*,*,#1931,.T.);
#2450=ORIENTED_EDGE('',*,*,#1932,.T.);
#2451=ORIENTED_EDGE('',*,*,#1933,.T.);
#2452=ORIENTED_EDGE('',*,*,#1934,.T.);
#2453=ORIENTED_EDGE('',*,*,#1935,.F.);
#2454=ORIENTED_EDGE('',*,*,#1936,.T.);
#2455=ORIENTED_EDGE('',*,*,#1937,.F.);
#2456=ORIENTED_EDGE('',*,*,#1938,.T.);
#2457=ORIENTED_EDGE('',*,*,#1939,.F.);
#2458=ORIENTED_EDGE('',*,*,#1940,.F.);
#2459=ORIENTED_EDGE('',*,*,#1941,.F.);
#2460=ORIENTED_EDGE('',*,*,#1942,.T.);
#2461=ORIENTED_EDGE('',*,*,#1943,.F.);
#2462=ORIENTED_EDGE('',*,*,#1944,.F.);
#2463=ORIENTED_EDGE('',*,*,#1945,.T.);
#2464=ORIENTED_EDGE('',*,*,#1824,.T.);
#2465=ORIENTED_EDGE('',*,*,#1941,.T.);
#2466=ORIENTED_EDGE('',*,*,#1946,.T.);
#2467=ORIENTED_EDGE('',*,*,#1947,.F.);
#2468=ORIENTED_EDGE('',*,*,#1948,.F.);
#2469=ORIENTED_EDGE('',*,*,#1934,.F.);
#2470=ORIENTED_EDGE('',*,*,#1940,.T.);
#2471=ORIENTED_EDGE('',*,*,#1938,.F.);
#2472=ORIENTED_EDGE('',*,*,#1949,.T.);
#2473=ORIENTED_EDGE('',*,*,#1950,.F.);
#2474=ORIENTED_EDGE('',*,*,#1917,.T.);
#2475=ORIENTED_EDGE('',*,*,#1923,.T.);
#2476=ORIENTED_EDGE('',*,*,#1951,.T.);
#2477=ORIENTED_EDGE('',*,*,#1952,.T.);
#2478=ORIENTED_EDGE('',*,*,#1953,.T.);
#2479=ORIENTED_EDGE('',*,*,#1920,.T.);
#2480=ORIENTED_EDGE('',*,*,#1954,.T.);
#2481=ORIENTED_EDGE('',*,*,#1955,.F.);
#2482=ORIENTED_EDGE('',*,*,#1956,.F.);
#2483=ORIENTED_EDGE('',*,*,#1957,.T.);
#2484=ORIENTED_EDGE('',*,*,#1825,.F.);
#2485=ORIENTED_EDGE('',*,*,#1933,.F.);
#2486=ORIENTED_EDGE('',*,*,#1943,.T.);
#2487=ORIENTED_EDGE('',*,*,#1958,.T.);
#2488=ORIENTED_EDGE('',*,*,#1959,.T.);
#2489=ORIENTED_EDGE('',*,*,#1960,.T.);
#2490=ORIENTED_EDGE('',*,*,#1961,.T.);
#2491=ORIENTED_EDGE('',*,*,#1962,.F.);
#2492=ORIENTED_EDGE('',*,*,#1963,.T.);
#2493=ORIENTED_EDGE('',*,*,#1964,.F.);
#2494=ORIENTED_EDGE('',*,*,#1965,.T.);
#2495=ORIENTED_EDGE('',*,*,#1966,.F.);
#2496=ORIENTED_EDGE('',*,*,#1967,.F.);
#2497=ORIENTED_EDGE('',*,*,#1968,.F.);
#2498=ORIENTED_EDGE('',*,*,#1969,.T.);
#2499=ORIENTED_EDGE('',*,*,#1970,.F.);
#2500=ORIENTED_EDGE('',*,*,#1971,.F.);
#2501=ORIENTED_EDGE('',*,*,#1972,.T.);
#2502=ORIENTED_EDGE('',*,*,#1830,.T.);
#2503=ORIENTED_EDGE('',*,*,#1968,.T.);
#2504=ORIENTED_EDGE('',*,*,#1973,.T.);
#2505=ORIENTED_EDGE('',*,*,#1974,.F.);
#2506=ORIENTED_EDGE('',*,*,#1975,.F.);
#2507=ORIENTED_EDGE('',*,*,#1961,.F.);
#2508=ORIENTED_EDGE('',*,*,#1967,.T.);
#2509=ORIENTED_EDGE('',*,*,#1965,.F.);
#2510=ORIENTED_EDGE('',*,*,#1976,.T.);
#2511=ORIENTED_EDGE('',*,*,#1977,.F.);
#2512=ORIENTED_EDGE('',*,*,#1944,.T.);
#2513=ORIENTED_EDGE('',*,*,#1950,.T.);
#2514=ORIENTED_EDGE('',*,*,#1978,.T.);
#2515=ORIENTED_EDGE('',*,*,#1979,.T.);
#2516=ORIENTED_EDGE('',*,*,#1980,.T.);
#2517=ORIENTED_EDGE('',*,*,#1947,.T.);
#2518=ORIENTED_EDGE('',*,*,#1981,.T.);
#2519=ORIENTED_EDGE('',*,*,#1982,.F.);
#2520=ORIENTED_EDGE('',*,*,#1983,.F.);
#2521=ORIENTED_EDGE('',*,*,#1984,.T.);
#2522=ORIENTED_EDGE('',*,*,#1831,.F.);
#2523=ORIENTED_EDGE('',*,*,#1960,.F.);
#2524=ORIENTED_EDGE('',*,*,#1970,.T.);
#2525=ORIENTED_EDGE('',*,*,#1985,.T.);
#2526=ORIENTED_EDGE('',*,*,#1986,.T.);
#2527=ORIENTED_EDGE('',*,*,#1987,.T.);
#2528=ORIENTED_EDGE('',*,*,#1988,.T.);
#2529=ORIENTED_EDGE('',*,*,#1989,.F.);
#2530=ORIENTED_EDGE('',*,*,#1990,.T.);
#2531=ORIENTED_EDGE('',*,*,#1991,.F.);
#2532=ORIENTED_EDGE('',*,*,#1992,.T.);
#2533=ORIENTED_EDGE('',*,*,#1993,.F.);
#2534=ORIENTED_EDGE('',*,*,#1994,.F.);
#2535=ORIENTED_EDGE('',*,*,#1995,.F.);
#2536=ORIENTED_EDGE('',*,*,#1996,.T.);
#2537=ORIENTED_EDGE('',*,*,#1997,.F.);
#2538=ORIENTED_EDGE('',*,*,#1998,.F.);
#2539=ORIENTED_EDGE('',*,*,#1999,.T.);
#2540=ORIENTED_EDGE('',*,*,#1836,.T.);
#2541=ORIENTED_EDGE('',*,*,#1995,.T.);
#2542=ORIENTED_EDGE('',*,*,#2000,.T.);
#2543=ORIENTED_EDGE('',*,*,#2001,.F.);
#2544=ORIENTED_EDGE('',*,*,#2002,.F.);
#2545=ORIENTED_EDGE('',*,*,#1988,.F.);
#2546=ORIENTED_EDGE('',*,*,#1994,.T.);
#2547=ORIENTED_EDGE('',*,*,#1992,.F.);
#2548=ORIENTED_EDGE('',*,*,#2003,.T.);
#2549=ORIENTED_EDGE('',*,*,#2004,.F.);
#2550=ORIENTED_EDGE('',*,*,#1971,.T.);
#2551=ORIENTED_EDGE('',*,*,#1977,.T.);
#2552=ORIENTED_EDGE('',*,*,#2005,.T.);
#2553=ORIENTED_EDGE('',*,*,#2006,.T.);
#2554=ORIENTED_EDGE('',*,*,#2007,.T.);
#2555=ORIENTED_EDGE('',*,*,#1974,.T.);
#2556=ORIENTED_EDGE('',*,*,#2008,.T.);
#2557=ORIENTED_EDGE('',*,*,#2009,.F.);
#2558=ORIENTED_EDGE('',*,*,#2010,.F.);
#2559=ORIENTED_EDGE('',*,*,#2011,.T.);
#2560=ORIENTED_EDGE('',*,*,#1837,.F.);
#2561=ORIENTED_EDGE('',*,*,#1987,.F.);
#2562=ORIENTED_EDGE('',*,*,#1997,.T.);
#2563=ORIENTED_EDGE('',*,*,#2012,.T.);
#2564=ORIENTED_EDGE('',*,*,#2013,.T.);
#2565=ORIENTED_EDGE('',*,*,#2014,.T.);
#2566=ORIENTED_EDGE('',*,*,#2015,.F.);
#2567=ORIENTED_EDGE('',*,*,#2016,.F.);
#2568=ORIENTED_EDGE('',*,*,#2017,.F.);
#2569=ORIENTED_EDGE('',*,*,#2018,.F.);
#2570=ORIENTED_EDGE('',*,*,#2019,.T.);
#2571=ORIENTED_EDGE('',*,*,#2020,.T.);
#2572=ORIENTED_EDGE('',*,*,#2021,.T.);
#2573=ORIENTED_EDGE('',*,*,#2022,.F.);
#2574=ORIENTED_EDGE('',*,*,#2023,.F.);
#2575=ORIENTED_EDGE('',*,*,#2024,.T.);
#2576=ORIENTED_EDGE('',*,*,#2019,.F.);
#2577=ORIENTED_EDGE('',*,*,#2025,.T.);
#2578=ORIENTED_EDGE('',*,*,#2026,.T.);
#2579=ORIENTED_EDGE('',*,*,#2027,.T.);
#2580=ORIENTED_EDGE('',*,*,#2028,.T.);
#2581=ORIENTED_EDGE('',*,*,#2029,.T.);
#2582=ORIENTED_EDGE('',*,*,#2015,.T.);
#2583=ORIENTED_EDGE('',*,*,#2030,.T.);
#2584=ORIENTED_EDGE('',*,*,#2018,.T.);
#2585=ORIENTED_EDGE('',*,*,#2017,.T.);
#2586=ORIENTED_EDGE('',*,*,#2031,.F.);
#2587=ORIENTED_EDGE('',*,*,#2032,.T.);
#2588=ORIENTED_EDGE('',*,*,#2033,.F.);
#2589=ORIENTED_EDGE('',*,*,#2034,.T.);
#2590=ORIENTED_EDGE('',*,*,#2035,.F.);
#2591=ORIENTED_EDGE('',*,*,#2024,.F.);
#2592=ORIENTED_EDGE('',*,*,#1811,.F.);
#2593=ORIENTED_EDGE('',*,*,#2036,.F.);
#2594=ORIENTED_EDGE('',*,*,#2037,.F.);
#2595=ORIENTED_EDGE('',*,*,#1998,.T.);
#2596=ORIENTED_EDGE('',*,*,#2004,.T.);
#2597=ORIENTED_EDGE('',*,*,#2038,.T.);
#2598=ORIENTED_EDGE('',*,*,#2039,.T.);
#2599=ORIENTED_EDGE('',*,*,#2040,.T.);
#2600=ORIENTED_EDGE('',*,*,#2001,.T.);
#2601=ORIENTED_EDGE('',*,*,#2041,.T.);
#2602=ORIENTED_EDGE('',*,*,#2014,.F.);
#2603=ORIENTED_EDGE('',*,*,#2021,.F.);
#2604=ORIENTED_EDGE('',*,*,#2042,.T.);
#2605=ORIENTED_EDGE('',*,*,#2043,.F.);
#2606=ORIENTED_EDGE('',*,*,#2041,.F.);
#2607=ORIENTED_EDGE('',*,*,#2044,.T.);
#2608=ORIENTED_EDGE('',*,*,#1993,.T.);
#2609=ORIENTED_EDGE('',*,*,#2044,.F.);
#2610=ORIENTED_EDGE('',*,*,#1846,.F.);
#2611=ORIENTED_EDGE('',*,*,#2045,.T.);
#2612=ORIENTED_EDGE('',*,*,#2046,.T.);
#2613=ORIENTED_EDGE('',*,*,#2045,.F.);
#2614=ORIENTED_EDGE('',*,*,#1845,.F.);
#2615=ORIENTED_EDGE('',*,*,#2047,.T.);
#2616=ORIENTED_EDGE('',*,*,#2048,.T.);
#2617=ORIENTED_EDGE('',*,*,#2047,.F.);
#2618=ORIENTED_EDGE('',*,*,#1954,.F.);
#2619=ORIENTED_EDGE('',*,*,#2049,.T.);
#2620=ORIENTED_EDGE('',*,*,#1912,.T.);
#2621=ORIENTED_EDGE('',*,*,#2049,.F.);
#2622=ORIENTED_EDGE('',*,*,#1844,.F.);
#2623=ORIENTED_EDGE('',*,*,#2050,.T.);
#2624=ORIENTED_EDGE('',*,*,#2051,.T.);
#2625=ORIENTED_EDGE('',*,*,#2050,.F.);
#2626=ORIENTED_EDGE('',*,*,#1981,.F.);
#2627=ORIENTED_EDGE('',*,*,#2052,.T.);
#2628=ORIENTED_EDGE('',*,*,#1939,.T.);
#2629=ORIENTED_EDGE('',*,*,#2052,.F.);
#2630=ORIENTED_EDGE('',*,*,#1843,.F.);
#2631=ORIENTED_EDGE('',*,*,#2053,.T.);
#2632=ORIENTED_EDGE('',*,*,#2054,.T.);
#2633=ORIENTED_EDGE('',*,*,#2053,.F.);
#2634=ORIENTED_EDGE('',*,*,#1873,.F.);
#2635=ORIENTED_EDGE('',*,*,#2055,.T.);
#2636=ORIENTED_EDGE('',*,*,#1782,.T.);
#2637=ORIENTED_EDGE('',*,*,#2055,.F.);
#2638=ORIENTED_EDGE('',*,*,#1842,.F.);
#2639=ORIENTED_EDGE('',*,*,#2056,.T.);
#2640=ORIENTED_EDGE('',*,*,#2057,.T.);
#2641=ORIENTED_EDGE('',*,*,#2056,.F.);
#2642=ORIENTED_EDGE('',*,*,#2008,.F.);
#2643=ORIENTED_EDGE('',*,*,#2058,.T.);
#2644=ORIENTED_EDGE('',*,*,#1966,.T.);
#2645=ORIENTED_EDGE('',*,*,#2058,.F.);
#2646=ORIENTED_EDGE('',*,*,#2030,.F.);
#2647=ORIENTED_EDGE('',*,*,#2059,.T.);
#2648=ORIENTED_EDGE('',*,*,#2035,.T.);
#2649=ORIENTED_EDGE('',*,*,#2059,.F.);
#2650=ORIENTED_EDGE('',*,*,#1900,.F.);
#2651=ORIENTED_EDGE('',*,*,#2060,.T.);
#2652=ORIENTED_EDGE('',*,*,#1858,.T.);
#2653=ORIENTED_EDGE('',*,*,#2060,.F.);
#2654=ORIENTED_EDGE('',*,*,#1927,.F.);
#2655=ORIENTED_EDGE('',*,*,#2061,.T.);
#2656=ORIENTED_EDGE('',*,*,#1885,.T.);
#2657=ORIENTED_EDGE('',*,*,#2061,.F.);
#2658=ORIENTED_EDGE('',*,*,#1861,.F.);
#2659=ORIENTED_EDGE('',*,*,#1799,.F.);
#2660=ORIENTED_EDGE('',*,*,#2062,.F.);
#2661=ORIENTED_EDGE('',*,*,#2063,.F.);
#2662=ORIENTED_EDGE('',*,*,#2064,.T.);
#2663=ORIENTED_EDGE('',*,*,#2062,.T.);
#2664=ORIENTED_EDGE('',*,*,#1798,.F.);
#2665=ORIENTED_EDGE('',*,*,#2065,.F.);
#2666=ORIENTED_EDGE('',*,*,#2066,.F.);
#2667=ORIENTED_EDGE('',*,*,#2065,.T.);
#2668=ORIENTED_EDGE('',*,*,#1797,.F.);
#2669=ORIENTED_EDGE('',*,*,#2067,.F.);
#2670=ORIENTED_EDGE('',*,*,#2068,.F.);
#2671=ORIENTED_EDGE('',*,*,#2067,.T.);
#2672=ORIENTED_EDGE('',*,*,#1796,.F.);
#2673=ORIENTED_EDGE('',*,*,#1849,.F.);
#2674=ORIENTED_EDGE('',*,*,#1790,.F.);
#2675=ORIENTED_EDGE('',*,*,#1851,.F.);
#2676=ORIENTED_EDGE('',*,*,#1847,.T.);
#2677=ORIENTED_EDGE('',*,*,#1788,.F.);
#2678=ORIENTED_EDGE('',*,*,#1778,.T.);
#2679=ORIENTED_EDGE('',*,*,#1792,.T.);
#2680=ORIENTED_EDGE('',*,*,#1872,.F.);
#2681=ORIENTED_EDGE('',*,*,#2069,.F.);
#2682=ORIENTED_EDGE('',*,*,#1779,.F.);
#2683=ORIENTED_EDGE('',*,*,#2069,.T.);
#2684=ORIENTED_EDGE('',*,*,#1871,.F.);
#2685=ORIENTED_EDGE('',*,*,#2070,.F.);
#2686=ORIENTED_EDGE('',*,*,#1780,.T.);
#2687=ORIENTED_EDGE('',*,*,#2070,.T.);
#2688=ORIENTED_EDGE('',*,*,#1870,.F.);
#2689=ORIENTED_EDGE('',*,*,#1793,.F.);
#2690=ORIENTED_EDGE('',*,*,#1785,.F.);
#2691=ORIENTED_EDGE('',*,*,#1841,.F.);
#2692=ORIENTED_EDGE('',*,*,#2071,.F.);
#2693=ORIENTED_EDGE('',*,*,#2072,.F.);
#2694=ORIENTED_EDGE('',*,*,#2073,.T.);
#2695=ORIENTED_EDGE('',*,*,#2071,.T.);
#2696=ORIENTED_EDGE('',*,*,#1840,.F.);
#2697=ORIENTED_EDGE('',*,*,#2074,.F.);
#2698=ORIENTED_EDGE('',*,*,#2075,.F.);
#2699=ORIENTED_EDGE('',*,*,#2074,.T.);
#2700=ORIENTED_EDGE('',*,*,#1839,.F.);
#2701=ORIENTED_EDGE('',*,*,#2076,.F.);
#2702=ORIENTED_EDGE('',*,*,#2077,.F.);
#2703=ORIENTED_EDGE('',*,*,#2076,.T.);
#2704=ORIENTED_EDGE('',*,*,#1838,.F.);
#2705=ORIENTED_EDGE('',*,*,#2011,.F.);
#2706=ORIENTED_EDGE('',*,*,#2000,.F.);
#2707=ORIENTED_EDGE('',*,*,#2013,.F.);
#2708=ORIENTED_EDGE('',*,*,#2009,.T.);
#2709=ORIENTED_EDGE('',*,*,#1999,.F.);
#2710=ORIENTED_EDGE('',*,*,#1989,.T.);
#2711=ORIENTED_EDGE('',*,*,#2002,.T.);
#2712=ORIENTED_EDGE('',*,*,#2040,.F.);
#2713=ORIENTED_EDGE('',*,*,#2078,.F.);
#2714=ORIENTED_EDGE('',*,*,#1990,.F.);
#2715=ORIENTED_EDGE('',*,*,#2078,.T.);
#2716=ORIENTED_EDGE('',*,*,#2039,.F.);
#2717=ORIENTED_EDGE('',*,*,#2079,.F.);
#2718=ORIENTED_EDGE('',*,*,#1991,.T.);
#2719=ORIENTED_EDGE('',*,*,#2079,.T.);
#2720=ORIENTED_EDGE('',*,*,#2038,.F.);
#2721=ORIENTED_EDGE('',*,*,#2003,.F.);
#2722=ORIENTED_EDGE('',*,*,#1996,.F.);
#2723=ORIENTED_EDGE('',*,*,#1835,.F.);
#2724=ORIENTED_EDGE('',*,*,#2080,.F.);
#2725=ORIENTED_EDGE('',*,*,#2081,.F.);
#2726=ORIENTED_EDGE('',*,*,#2082,.T.);
#2727=ORIENTED_EDGE('',*,*,#2080,.T.);
#2728=ORIENTED_EDGE('',*,*,#1834,.F.);
#2729=ORIENTED_EDGE('',*,*,#2083,.F.);
#2730=ORIENTED_EDGE('',*,*,#2084,.F.);
#2731=ORIENTED_EDGE('',*,*,#2083,.T.);
#2732=ORIENTED_EDGE('',*,*,#1833,.F.);
#2733=ORIENTED_EDGE('',*,*,#2085,.F.);
#2734=ORIENTED_EDGE('',*,*,#2086,.F.);
#2735=ORIENTED_EDGE('',*,*,#2085,.T.);
#2736=ORIENTED_EDGE('',*,*,#1832,.F.);
#2737=ORIENTED_EDGE('',*,*,#1984,.F.);
#2738=ORIENTED_EDGE('',*,*,#1973,.F.);
#2739=ORIENTED_EDGE('',*,*,#1986,.F.);
#2740=ORIENTED_EDGE('',*,*,#1982,.T.);
#2741=ORIENTED_EDGE('',*,*,#1972,.F.);
#2742=ORIENTED_EDGE('',*,*,#1962,.T.);
#2743=ORIENTED_EDGE('',*,*,#1975,.T.);
#2744=ORIENTED_EDGE('',*,*,#2007,.F.);
#2745=ORIENTED_EDGE('',*,*,#2087,.F.);
#2746=ORIENTED_EDGE('',*,*,#1963,.F.);
#2747=ORIENTED_EDGE('',*,*,#2087,.T.);
#2748=ORIENTED_EDGE('',*,*,#2006,.F.);
#2749=ORIENTED_EDGE('',*,*,#2088,.F.);
#2750=ORIENTED_EDGE('',*,*,#1964,.T.);
#2751=ORIENTED_EDGE('',*,*,#2088,.T.);
#2752=ORIENTED_EDGE('',*,*,#2005,.F.);
#2753=ORIENTED_EDGE('',*,*,#1976,.F.);
#2754=ORIENTED_EDGE('',*,*,#1969,.F.);
#2755=ORIENTED_EDGE('',*,*,#1829,.F.);
#2756=ORIENTED_EDGE('',*,*,#2089,.F.);
#2757=ORIENTED_EDGE('',*,*,#2090,.F.);
#2758=ORIENTED_EDGE('',*,*,#2091,.T.);
#2759=ORIENTED_EDGE('',*,*,#2089,.T.);
#2760=ORIENTED_EDGE('',*,*,#1828,.F.);
#2761=ORIENTED_EDGE('',*,*,#2092,.F.);
#2762=ORIENTED_EDGE('',*,*,#2093,.F.);
#2763=ORIENTED_EDGE('',*,*,#2092,.T.);
#2764=ORIENTED_EDGE('',*,*,#1827,.F.);
#2765=ORIENTED_EDGE('',*,*,#2094,.F.);
#2766=ORIENTED_EDGE('',*,*,#2095,.F.);
#2767=ORIENTED_EDGE('',*,*,#2094,.T.);
#2768=ORIENTED_EDGE('',*,*,#1826,.F.);
#2769=ORIENTED_EDGE('',*,*,#1957,.F.);
#2770=ORIENTED_EDGE('',*,*,#1946,.F.);
#2771=ORIENTED_EDGE('',*,*,#1959,.F.);
#2772=ORIENTED_EDGE('',*,*,#1955,.T.);
#2773=ORIENTED_EDGE('',*,*,#1945,.F.);
#2774=ORIENTED_EDGE('',*,*,#1935,.T.);
#2775=ORIENTED_EDGE('',*,*,#1948,.T.);
#2776=ORIENTED_EDGE('',*,*,#1980,.F.);
#2777=ORIENTED_EDGE('',*,*,#2096,.F.);
#2778=ORIENTED_EDGE('',*,*,#1936,.F.);
#2779=ORIENTED_EDGE('',*,*,#2096,.T.);
#2780=ORIENTED_EDGE('',*,*,#1979,.F.);
#2781=ORIENTED_EDGE('',*,*,#2097,.F.);
#2782=ORIENTED_EDGE('',*,*,#1937,.T.);
#2783=ORIENTED_EDGE('',*,*,#2097,.T.);
#2784=ORIENTED_EDGE('',*,*,#1978,.F.);
#2785=ORIENTED_EDGE('',*,*,#1949,.F.);
#2786=ORIENTED_EDGE('',*,*,#1942,.F.);
#2787=ORIENTED_EDGE('',*,*,#1823,.F.);
#2788=ORIENTED_EDGE('',*,*,#2098,.F.);
#2789=ORIENTED_EDGE('',*,*,#2099,.F.);
#2790=ORIENTED_EDGE('',*,*,#2100,.T.);
#2791=ORIENTED_EDGE('',*,*,#2098,.T.);
#2792=ORIENTED_EDGE('',*,*,#1822,.F.);
#2793=ORIENTED_EDGE('',*,*,#2101,.F.);
#2794=ORIENTED_EDGE('',*,*,#2102,.F.);
#2795=ORIENTED_EDGE('',*,*,#2101,.T.);
#2796=ORIENTED_EDGE('',*,*,#1821,.F.);
#2797=ORIENTED_EDGE('',*,*,#2103,.F.);
#2798=ORIENTED_EDGE('',*,*,#2104,.F.);
#2799=ORIENTED_EDGE('',*,*,#2103,.T.);
#2800=ORIENTED_EDGE('',*,*,#1820,.F.);
#2801=ORIENTED_EDGE('',*,*,#1930,.F.);
#2802=ORIENTED_EDGE('',*,*,#1919,.F.);
#2803=ORIENTED_EDGE('',*,*,#1932,.F.);
#2804=ORIENTED_EDGE('',*,*,#1928,.T.);
#2805=ORIENTED_EDGE('',*,*,#1918,.F.);
#2806=ORIENTED_EDGE('',*,*,#1908,.T.);
#2807=ORIENTED_EDGE('',*,*,#1921,.T.);
#2808=ORIENTED_EDGE('',*,*,#1953,.F.);
#2809=ORIENTED_EDGE('',*,*,#2105,.F.);
#2810=ORIENTED_EDGE('',*,*,#1909,.F.);
#2811=ORIENTED_EDGE('',*,*,#2105,.T.);
#2812=ORIENTED_EDGE('',*,*,#1952,.F.);
#2813=ORIENTED_EDGE('',*,*,#2106,.F.);
#2814=ORIENTED_EDGE('',*,*,#1910,.T.);
#2815=ORIENTED_EDGE('',*,*,#2106,.T.);
#2816=ORIENTED_EDGE('',*,*,#1951,.F.);
#2817=ORIENTED_EDGE('',*,*,#1922,.F.);
#2818=ORIENTED_EDGE('',*,*,#1915,.F.);
#2819=ORIENTED_EDGE('',*,*,#1817,.F.);
#2820=ORIENTED_EDGE('',*,*,#2107,.F.);
#2821=ORIENTED_EDGE('',*,*,#2108,.F.);
#2822=ORIENTED_EDGE('',*,*,#2109,.T.);
#2823=ORIENTED_EDGE('',*,*,#2107,.T.);
#2824=ORIENTED_EDGE('',*,*,#1816,.F.);
#2825=ORIENTED_EDGE('',*,*,#2110,.F.);
#2826=ORIENTED_EDGE('',*,*,#2111,.F.);
#2827=ORIENTED_EDGE('',*,*,#2110,.T.);
#2828=ORIENTED_EDGE('',*,*,#1815,.F.);
#2829=ORIENTED_EDGE('',*,*,#2112,.F.);
#2830=ORIENTED_EDGE('',*,*,#2113,.F.);
#2831=ORIENTED_EDGE('',*,*,#2112,.T.);
#2832=ORIENTED_EDGE('',*,*,#1814,.F.);
#2833=ORIENTED_EDGE('',*,*,#2114,.F.);
#2834=ORIENTED_EDGE('',*,*,#2042,.F.);
#2835=ORIENTED_EDGE('',*,*,#2115,.F.);
#2836=ORIENTED_EDGE('',*,*,#2114,.T.);
#2837=ORIENTED_EDGE('',*,*,#1813,.F.);
#2838=ORIENTED_EDGE('',*,*,#2031,.T.);
#2839=ORIENTED_EDGE('',*,*,#2016,.T.);
#2840=ORIENTED_EDGE('',*,*,#2029,.F.);
#2841=ORIENTED_EDGE('',*,*,#2116,.F.);
#2842=ORIENTED_EDGE('',*,*,#2032,.F.);
#2843=ORIENTED_EDGE('',*,*,#2116,.T.);
#2844=ORIENTED_EDGE('',*,*,#2028,.F.);
#2845=ORIENTED_EDGE('',*,*,#2117,.F.);
#2846=ORIENTED_EDGE('',*,*,#2033,.T.);
#2847=ORIENTED_EDGE('',*,*,#2117,.T.);
#2848=ORIENTED_EDGE('',*,*,#2027,.F.);
#2849=ORIENTED_EDGE('',*,*,#2118,.F.);
#2850=ORIENTED_EDGE('',*,*,#2022,.T.);
#2851=ORIENTED_EDGE('',*,*,#2034,.F.);
#2852=ORIENTED_EDGE('',*,*,#2118,.T.);
#2853=ORIENTED_EDGE('',*,*,#2026,.F.);
#2854=ORIENTED_EDGE('',*,*,#2119,.T.);
#2855=ORIENTED_EDGE('',*,*,#2036,.T.);
#2856=ORIENTED_EDGE('',*,*,#1810,.F.);
#2857=ORIENTED_EDGE('',*,*,#2120,.F.);
#2858=ORIENTED_EDGE('',*,*,#2121,.F.);
#2859=ORIENTED_EDGE('',*,*,#2120,.T.);
#2860=ORIENTED_EDGE('',*,*,#1809,.F.);
#2861=ORIENTED_EDGE('',*,*,#2122,.F.);
#2862=ORIENTED_EDGE('',*,*,#2123,.F.);
#2863=ORIENTED_EDGE('',*,*,#2122,.T.);
#2864=ORIENTED_EDGE('',*,*,#1808,.F.);
#2865=ORIENTED_EDGE('',*,*,#1903,.F.);
#2866=ORIENTED_EDGE('',*,*,#1892,.F.);
#2867=ORIENTED_EDGE('',*,*,#1905,.F.);
#2868=ORIENTED_EDGE('',*,*,#1901,.T.);
#2869=ORIENTED_EDGE('',*,*,#1891,.F.);
#2870=ORIENTED_EDGE('',*,*,#1881,.T.);
#2871=ORIENTED_EDGE('',*,*,#1894,.T.);
#2872=ORIENTED_EDGE('',*,*,#1926,.F.);
#2873=ORIENTED_EDGE('',*,*,#2124,.F.);
#2874=ORIENTED_EDGE('',*,*,#1882,.F.);
#2875=ORIENTED_EDGE('',*,*,#2124,.T.);
#2876=ORIENTED_EDGE('',*,*,#1925,.F.);
#2877=ORIENTED_EDGE('',*,*,#2125,.F.);
#2878=ORIENTED_EDGE('',*,*,#1883,.T.);
#2879=ORIENTED_EDGE('',*,*,#2125,.T.);
#2880=ORIENTED_EDGE('',*,*,#1924,.F.);
#2881=ORIENTED_EDGE('',*,*,#1895,.F.);
#2882=ORIENTED_EDGE('',*,*,#1888,.F.);
#2883=ORIENTED_EDGE('',*,*,#1805,.F.);
#2884=ORIENTED_EDGE('',*,*,#2126,.F.);
#2885=ORIENTED_EDGE('',*,*,#2127,.F.);
#2886=ORIENTED_EDGE('',*,*,#2128,.T.);
#2887=ORIENTED_EDGE('',*,*,#2126,.T.);
#2888=ORIENTED_EDGE('',*,*,#1804,.F.);
#2889=ORIENTED_EDGE('',*,*,#2129,.F.);
#2890=ORIENTED_EDGE('',*,*,#2130,.F.);
#2891=ORIENTED_EDGE('',*,*,#2129,.T.);
#2892=ORIENTED_EDGE('',*,*,#1803,.F.);
#2893=ORIENTED_EDGE('',*,*,#2131,.F.);
#2894=ORIENTED_EDGE('',*,*,#2132,.F.);
#2895=ORIENTED_EDGE('',*,*,#2131,.T.);
#2896=ORIENTED_EDGE('',*,*,#1802,.F.);
#2897=ORIENTED_EDGE('',*,*,#1876,.F.);
#2898=ORIENTED_EDGE('',*,*,#1865,.F.);
#2899=ORIENTED_EDGE('',*,*,#1878,.F.);
#2900=ORIENTED_EDGE('',*,*,#1874,.T.);
#2901=ORIENTED_EDGE('',*,*,#1864,.F.);
#2902=ORIENTED_EDGE('',*,*,#1854,.T.);
#2903=ORIENTED_EDGE('',*,*,#1867,.T.);
#2904=ORIENTED_EDGE('',*,*,#1899,.F.);
#2905=ORIENTED_EDGE('',*,*,#2133,.F.);
#2906=ORIENTED_EDGE('',*,*,#1855,.F.);
#2907=ORIENTED_EDGE('',*,*,#2133,.T.);
#2908=ORIENTED_EDGE('',*,*,#1898,.F.);
#2909=ORIENTED_EDGE('',*,*,#2134,.F.);
#2910=ORIENTED_EDGE('',*,*,#1856,.T.);
#2911=ORIENTED_EDGE('',*,*,#2134,.T.);
#2912=ORIENTED_EDGE('',*,*,#1897,.F.);
#2913=ORIENTED_EDGE('',*,*,#1868,.F.);
#2914=ORIENTED_EDGE('',*,*,#2025,.F.);
#2915=ORIENTED_EDGE('',*,*,#2043,.T.);
#2916=ORIENTED_EDGE('',*,*,#1812,.T.);
#2917=ORIENTED_EDGE('',*,*,#2023,.T.);
#2918=ORIENTED_EDGE('',*,*,#1850,.F.);
#2919=ORIENTED_EDGE('',*,*,#2072,.T.);
#2920=ORIENTED_EDGE('',*,*,#2073,.F.);
#2921=ORIENTED_EDGE('',*,*,#2075,.T.);
#2922=ORIENTED_EDGE('',*,*,#2077,.T.);
#2923=ORIENTED_EDGE('',*,*,#2010,.T.);
#2924=ORIENTED_EDGE('',*,*,#2012,.F.);
#2925=ORIENTED_EDGE('',*,*,#2081,.T.);
#2926=ORIENTED_EDGE('',*,*,#2082,.F.);
#2927=ORIENTED_EDGE('',*,*,#2084,.T.);
#2928=ORIENTED_EDGE('',*,*,#2086,.T.);
#2929=ORIENTED_EDGE('',*,*,#1983,.T.);
#2930=ORIENTED_EDGE('',*,*,#1985,.F.);
#2931=ORIENTED_EDGE('',*,*,#2090,.T.);
#2932=ORIENTED_EDGE('',*,*,#2091,.F.);
#2933=ORIENTED_EDGE('',*,*,#2093,.T.);
#2934=ORIENTED_EDGE('',*,*,#2095,.T.);
#2935=ORIENTED_EDGE('',*,*,#1956,.T.);
#2936=ORIENTED_EDGE('',*,*,#1958,.F.);
#2937=ORIENTED_EDGE('',*,*,#2099,.T.);
#2938=ORIENTED_EDGE('',*,*,#2100,.F.);
#2939=ORIENTED_EDGE('',*,*,#2102,.T.);
#2940=ORIENTED_EDGE('',*,*,#2104,.T.);
#2941=ORIENTED_EDGE('',*,*,#1929,.T.);
#2942=ORIENTED_EDGE('',*,*,#1931,.F.);
#2943=ORIENTED_EDGE('',*,*,#2108,.T.);
#2944=ORIENTED_EDGE('',*,*,#2109,.F.);
#2945=ORIENTED_EDGE('',*,*,#2111,.T.);
#2946=ORIENTED_EDGE('',*,*,#2113,.T.);
#2947=ORIENTED_EDGE('',*,*,#2115,.T.);
#2948=ORIENTED_EDGE('',*,*,#2020,.F.);
#2949=ORIENTED_EDGE('',*,*,#2037,.T.);
#2950=ORIENTED_EDGE('',*,*,#2119,.F.);
#2951=ORIENTED_EDGE('',*,*,#2121,.T.);
#2952=ORIENTED_EDGE('',*,*,#2123,.T.);
#2953=ORIENTED_EDGE('',*,*,#1902,.T.);
#2954=ORIENTED_EDGE('',*,*,#1904,.F.);
#2955=ORIENTED_EDGE('',*,*,#2127,.T.);
#2956=ORIENTED_EDGE('',*,*,#2128,.F.);
#2957=ORIENTED_EDGE('',*,*,#2130,.T.);
#2958=ORIENTED_EDGE('',*,*,#2132,.T.);
#2959=ORIENTED_EDGE('',*,*,#1875,.T.);
#2960=ORIENTED_EDGE('',*,*,#1877,.F.);
#2961=ORIENTED_EDGE('',*,*,#2063,.T.);
#2962=ORIENTED_EDGE('',*,*,#2064,.F.);
#2963=ORIENTED_EDGE('',*,*,#2066,.T.);
#2964=ORIENTED_EDGE('',*,*,#2068,.T.);
#2965=ORIENTED_EDGE('',*,*,#1848,.T.);
#2966=ORIENTED_EDGE('',*,*,#2057,.F.);
#2967=ORIENTED_EDGE('',*,*,#2054,.F.);
#2968=ORIENTED_EDGE('',*,*,#2051,.F.);
#2969=ORIENTED_EDGE('',*,*,#2048,.F.);
#2970=ORIENTED_EDGE('',*,*,#2046,.F.);
#2971=ORIENTED_EDGE('',*,*,#2135,.T.);
#2972=ORIENTED_EDGE('',*,*,#2136,.T.);
#2973=ORIENTED_EDGE('',*,*,#2135,.F.);
#2974=ORIENTED_EDGE('',*,*,#2137,.T.);
#2975=ORIENTED_EDGE('',*,*,#2136,.F.);
#2976=ORIENTED_EDGE('',*,*,#2138,.T.);
#2977=ORIENTED_EDGE('',*,*,#2139,.T.);
#2978=ORIENTED_EDGE('',*,*,#2138,.F.);
#2979=ORIENTED_EDGE('',*,*,#2137,.F.);
#2980=ORIENTED_EDGE('',*,*,#2140,.F.);
#2981=ORIENTED_EDGE('',*,*,#2141,.T.);
#2982=ORIENTED_EDGE('',*,*,#2142,.T.);
#2983=ORIENTED_EDGE('',*,*,#2141,.F.);
#2984=ORIENTED_EDGE('',*,*,#2143,.T.);
#2985=ORIENTED_EDGE('',*,*,#2143,.F.);
#2986=ORIENTED_EDGE('',*,*,#2144,.T.);
#2987=ORIENTED_EDGE('',*,*,#2139,.F.);
#2988=ORIENTED_EDGE('',*,*,#2144,.F.);
#2989=ORIENTED_EDGE('',*,*,#2142,.F.);
#2990=ORIENTED_EDGE('',*,*,#2145,.T.);
#2991=ORIENTED_EDGE('',*,*,#2146,.F.);
#2992=ORIENTED_EDGE('',*,*,#2147,.T.);
#2993=ORIENTED_EDGE('',*,*,#2146,.T.);
#2994=ORIENTED_EDGE('',*,*,#2148,.T.);
#2995=ORIENTED_EDGE('',*,*,#2145,.F.);
#2996=ORIENTED_EDGE('',*,*,#2148,.F.);
#2997=ORIENTED_EDGE('',*,*,#2140,.T.);
#2998=ORIENTED_EDGE('',*,*,#2149,.T.);
#2999=ORIENTED_EDGE('',*,*,#2150,.F.);
#3000=ORIENTED_EDGE('',*,*,#2149,.F.);
#3001=ORIENTED_EDGE('',*,*,#2150,.T.);
#3002=ORIENTED_EDGE('',*,*,#2151,.F.);
#3003=ORIENTED_EDGE('',*,*,#2151,.T.);
#3004=ORIENTED_EDGE('',*,*,#2152,.T.);
#3005=ORIENTED_EDGE('',*,*,#2147,.F.);
#3006=ORIENTED_EDGE('',*,*,#2152,.F.);
#3007=ORIENTED_EDGE('',*,*,#2153,.T.);
#3008=ORIENTED_EDGE('',*,*,#2154,.T.);
#3009=ORIENTED_EDGE('',*,*,#2154,.F.);
#3010=ORIENTED_EDGE('',*,*,#2155,.T.);
#3011=ORIENTED_EDGE('',*,*,#2156,.F.);
#3012=ORIENTED_EDGE('',*,*,#2155,.F.);
#3013=ORIENTED_EDGE('',*,*,#2153,.F.);
#3014=ORIENTED_EDGE('',*,*,#2157,.T.);
#3015=ORIENTED_EDGE('',*,*,#2158,.F.);
#3016=ORIENTED_EDGE('',*,*,#2157,.F.);
#3017=ORIENTED_EDGE('',*,*,#2159,.F.);
#3018=ORIENTED_EDGE('',*,*,#2160,.T.);
#3019=ORIENTED_EDGE('',*,*,#2161,.F.);
#3020=ORIENTED_EDGE('',*,*,#2160,.F.);
#3021=ORIENTED_EDGE('',*,*,#2159,.T.);
#3022=ORIENTED_EDGE('',*,*,#2158,.T.);
#3023=ORIENTED_EDGE('',*,*,#2162,.F.);
#3024=ORIENTED_EDGE('',*,*,#2163,.T.);
#3025=ORIENTED_EDGE('',*,*,#2164,.T.);
#3026=ORIENTED_EDGE('',*,*,#2163,.F.);
#3027=ORIENTED_EDGE('',*,*,#2162,.T.);
#3028=ORIENTED_EDGE('',*,*,#2156,.T.);
#3029=ORIENTED_EDGE('',*,*,#2164,.F.);
#3030=ORIENTED_EDGE('',*,*,#2161,.T.);
#3031=ORIENTED_EDGE('',*,*,#2165,.F.);
#3032=ORIENTED_EDGE('',*,*,#2166,.T.);
#3033=ORIENTED_EDGE('',*,*,#2167,.F.);
#3034=ORIENTED_EDGE('',*,*,#2166,.F.);
#3035=ORIENTED_EDGE('',*,*,#2165,.T.);
#3036=ORIENTED_EDGE('',*,*,#2168,.T.);
#3037=ORIENTED_EDGE('',*,*,#2169,.T.);
#3038=ORIENTED_EDGE('',*,*,#2170,.T.);
#3039=ORIENTED_EDGE('',*,*,#2169,.F.);
#3040=ORIENTED_EDGE('',*,*,#2171,.F.);
#3041=ORIENTED_EDGE('',*,*,#2172,.T.);
#3042=ORIENTED_EDGE('',*,*,#2168,.F.);
#3043=ORIENTED_EDGE('',*,*,#2172,.F.);
#3044=ORIENTED_EDGE('',*,*,#2170,.F.);
#3045=ORIENTED_EDGE('',*,*,#2171,.T.);
#3046=ORIENTED_EDGE('',*,*,#2167,.T.);
#3047=PLANE('',#3401);
#3048=PLANE('',#3403);
#3049=PLANE('',#3406);
#3050=PLANE('',#3408);
#3051=PLANE('',#3423);
#3052=PLANE('',#3426);
#3053=PLANE('',#3430);
#3054=PLANE('',#3435);
#3055=PLANE('',#3438);
#3056=PLANE('',#3447);
#3057=PLANE('',#3451);
#3058=PLANE('',#3456);
#3059=PLANE('',#3457);
#3060=PLANE('',#3458);
#3061=PLANE('',#3480);
#3062=PLANE('',#3483);
#3063=PLANE('',#3487);
#3064=PLANE('',#3492);
#3065=PLANE('',#3493);
#3066=PLANE('',#3494);
#3067=PLANE('',#3498);
#3068=PLANE('',#3501);
#3069=PLANE('',#3505);
#3070=PLANE('',#3510);
#3071=PLANE('',#3511);
#3072=PLANE('',#3512);
#3073=PLANE('',#3516);
#3074=PLANE('',#3519);
#3075=PLANE('',#3523);
#3076=PLANE('',#3528);
#3077=PLANE('',#3529);
#3078=PLANE('',#3530);
#3079=PLANE('',#3534);
#3080=PLANE('',#3537);
#3081=PLANE('',#3541);
#3082=PLANE('',#3546);
#3083=PLANE('',#3547);
#3084=PLANE('',#3548);
#3085=PLANE('',#3552);
#3086=PLANE('',#3555);
#3087=PLANE('',#3559);
#3088=PLANE('',#3564);
#3089=PLANE('',#3565);
#3090=PLANE('',#3566);
#3091=PLANE('',#3570);
#3092=PLANE('',#3573);
#3093=PLANE('',#3577);
#3094=PLANE('',#3582);
#3095=PLANE('',#3583);
#3096=PLANE('',#3584);
#3097=PLANE('',#3588);
#3098=PLANE('',#3591);
#3099=PLANE('',#3595);
#3100=PLANE('',#3597);
#3101=PLANE('',#3601);
#3102=PLANE('',#3605);
#3103=PLANE('',#3606);
#3104=PLANE('',#3610);
#3105=PLANE('',#3630);
#3106=PLANE('',#3633);
#3107=PLANE('',#3636);
#3108=PLANE('',#3638);
#3109=PLANE('',#3640);
#3110=PLANE('',#3643);
#3111=PLANE('',#3646);
#3112=PLANE('',#3648);
#3113=PLANE('',#3650);
#3114=PLANE('',#3653);
#3115=PLANE('',#3656);
#3116=PLANE('',#3658);
#3117=PLANE('',#3660);
#3118=PLANE('',#3663);
#3119=PLANE('',#3666);
#3120=PLANE('',#3668);
#3121=PLANE('',#3670);
#3122=PLANE('',#3673);
#3123=PLANE('',#3676);
#3124=PLANE('',#3678);
#3125=PLANE('',#3680);
#3126=PLANE('',#3683);
#3127=PLANE('',#3686);
#3128=PLANE('',#3688);
#3129=PLANE('',#3690);
#3130=PLANE('',#3693);
#3131=PLANE('',#3696);
#3132=PLANE('',#3698);
#3133=PLANE('',#3700);
#3134=PLANE('',#3703);
#3135=PLANE('',#3706);
#3136=PLANE('',#3708);
#3137=PLANE('',#3711);
#3138=PLANE('',#3715);
#3139=PLANE('',#3718);
#3140=PLANE('',#3720);
#3141=PLANE('',#3726);
#3142=PLANE('',#3730);
#3143=PLANE('',#3740);
#3144=PLANE('',#3744);
#3145=PLANE('',#3745);
#3146=PLANE('',#3750);
#3147=PLANE('',#3756);
#3148=PLANE('',#3757);
#3149=ADVANCED_FACE('',(#346),#3047,.F.);
#3150=ADVANCED_FACE('',(#347,#296),#3048,.T.);
#3151=ADVANCED_FACE('',(#348),#3049,.T.);
#3152=ADVANCED_FACE('',(#349),#3050,.F.);
#3153=ADVANCED_FACE('',(#350,#297),#216,.F.);
#3154=ADVANCED_FACE('',(#351),#217,.F.);
#3155=ADVANCED_FACE('',(#352),#218,.F.);
#3156=ADVANCED_FACE('',(#353),#219,.F.);
#3157=ADVANCED_FACE('',(#354),#220,.F.);
#3158=ADVANCED_FACE('',(#355,#298,#299,#300,#301,#302),#3051,.F.);
#3159=ADVANCED_FACE('',(#356,#303),#3052,.F.);
#3160=ADVANCED_FACE('',(#357),#221,.T.);
#3161=ADVANCED_FACE('',(#358,#304),#3053,.F.);
#3162=ADVANCED_FACE('',(#359),#222,.T.);
#3163=ADVANCED_FACE('',(#360),#213,.T.);
#3164=ADVANCED_FACE('',(#361,#305,#306,#307,#308,#309),#3054,.T.);
#3165=ADVANCED_FACE('',(#362,#310),#3055,.T.);
#3166=ADVANCED_FACE('',(#363),#223,.T.);
#3167=ADVANCED_FACE('',(#364),#224,.T.);
#3168=ADVANCED_FACE('',(#365),#214,.T.);
#3169=ADVANCED_FACE('',(#366),#225,.T.);
#3170=ADVANCED_FACE('',(#367,#311),#3056,.F.);
#3171=ADVANCED_FACE('',(#368),#3057,.T.);
#3172=ADVANCED_FACE('',(#369),#226,.T.);
#3173=ADVANCED_FACE('',(#370),#3058,.T.);
#3174=ADVANCED_FACE('',(#371),#3059,.T.);
#3175=ADVANCED_FACE('',(#372,#312,#313,#314,#315,#316),#3060,.T.);
#3176=ADVANCED_FACE('',(#373),#3061,.T.);
#3177=ADVANCED_FACE('',(#374),#227,.F.);
#3178=ADVANCED_FACE('',(#375,#317),#3062,.F.);
#3179=ADVANCED_FACE('',(#376),#3063,.T.);
#3180=ADVANCED_FACE('',(#377),#228,.T.);
#3181=ADVANCED_FACE('',(#378),#3064,.T.);
#3182=ADVANCED_FACE('',(#379),#3065,.T.);
#3183=ADVANCED_FACE('',(#380,#318),#3066,.T.);
#3184=ADVANCED_FACE('',(#381),#3067,.T.);
#3185=ADVANCED_FACE('',(#382),#229,.F.);
#3186=ADVANCED_FACE('',(#383,#319),#3068,.F.);
#3187=ADVANCED_FACE('',(#384),#3069,.T.);
#3188=ADVANCED_FACE('',(#385),#230,.T.);
#3189=ADVANCED_FACE('',(#386),#3070,.T.);
#3190=ADVANCED_FACE('',(#387),#3071,.T.);
#3191=ADVANCED_FACE('',(#388,#320),#3072,.T.);
#3192=ADVANCED_FACE('',(#389),#3073,.T.);
#3193=ADVANCED_FACE('',(#390),#231,.F.);
#3194=ADVANCED_FACE('',(#391,#321),#3074,.F.);
#3195=ADVANCED_FACE('',(#392),#3075,.T.);
#3196=ADVANCED_FACE('',(#393),#232,.T.);
#3197=ADVANCED_FACE('',(#394),#3076,.T.);
#3198=ADVANCED_FACE('',(#395),#3077,.T.);
#3199=ADVANCED_FACE('',(#396,#322),#3078,.T.);
#3200=ADVANCED_FACE('',(#397),#3079,.T.);
#3201=ADVANCED_FACE('',(#398),#233,.F.);
#3202=ADVANCED_FACE('',(#399,#323),#3080,.F.);
#3203=ADVANCED_FACE('',(#400),#3081,.T.);
#3204=ADVANCED_FACE('',(#401),#234,.T.);
#3205=ADVANCED_FACE('',(#402),#3082,.T.);
#3206=ADVANCED_FACE('',(#403),#3083,.T.);
#3207=ADVANCED_FACE('',(#404,#324),#3084,.T.);
#3208=ADVANCED_FACE('',(#405),#3085,.T.);
#3209=ADVANCED_FACE('',(#406),#235,.F.);
#3210=ADVANCED_FACE('',(#407,#325),#3086,.F.);
#3211=ADVANCED_FACE('',(#408),#3087,.T.);
#3212=ADVANCED_FACE('',(#409),#236,.T.);
#3213=ADVANCED_FACE('',(#410),#3088,.T.);
#3214=ADVANCED_FACE('',(#411),#3089,.T.);
#3215=ADVANCED_FACE('',(#412,#326),#3090,.T.);
#3216=ADVANCED_FACE('',(#413),#3091,.T.);
#3217=ADVANCED_FACE('',(#414),#237,.F.);
#3218=ADVANCED_FACE('',(#415,#327),#3092,.F.);
#3219=ADVANCED_FACE('',(#416),#3093,.T.);
#3220=ADVANCED_FACE('',(#417),#238,.T.);
#3221=ADVANCED_FACE('',(#418),#3094,.T.);
#3222=ADVANCED_FACE('',(#419),#3095,.T.);
#3223=ADVANCED_FACE('',(#420,#328),#3096,.T.);
#3224=ADVANCED_FACE('',(#421),#3097,.T.);
#3225=ADVANCED_FACE('',(#422),#239,.F.);
#3226=ADVANCED_FACE('',(#423),#3098,.T.);
#3227=ADVANCED_FACE('',(#424),#240,.F.);
#3228=ADVANCED_FACE('',(#425),#3099,.T.);
#3229=ADVANCED_FACE('',(#426,#329),#3100,.T.);
#3230=ADVANCED_FACE('',(#427,#330),#3101,.F.);
#3231=ADVANCED_FACE('',(#428),#3102,.T.);
#3232=ADVANCED_FACE('',(#429,#331),#3103,.T.);
#3233=ADVANCED_FACE('',(#430),#3104,.T.);
#3234=ADVANCED_FACE('',(#431),#241,.F.);
#3235=ADVANCED_FACE('',(#432),#242,.F.);
#3236=ADVANCED_FACE('',(#433),#243,.F.);
#3237=ADVANCED_FACE('',(#434),#244,.F.);
#3238=ADVANCED_FACE('',(#435),#245,.F.);
#3239=ADVANCED_FACE('',(#436),#246,.F.);
#3240=ADVANCED_FACE('',(#437),#247,.F.);
#3241=ADVANCED_FACE('',(#438),#248,.F.);
#3242=ADVANCED_FACE('',(#439),#249,.F.);
#3243=ADVANCED_FACE('',(#440),#250,.F.);
#3244=ADVANCED_FACE('',(#441),#251,.F.);
#3245=ADVANCED_FACE('',(#442),#252,.F.);
#3246=ADVANCED_FACE('',(#443),#253,.F.);
#3247=ADVANCED_FACE('',(#444),#3105,.T.);
#3248=ADVANCED_FACE('',(#445),#254,.T.);
#3249=ADVANCED_FACE('',(#446),#3106,.T.);
#3250=ADVANCED_FACE('',(#447),#255,.F.);
#3251=ADVANCED_FACE('',(#448),#3107,.T.);
#3252=ADVANCED_FACE('',(#449),#256,.T.);
#3253=ADVANCED_FACE('',(#450),#3108,.T.);
#3254=ADVANCED_FACE('',(#451),#257,.T.);
#3255=ADVANCED_FACE('',(#452),#3109,.T.);
#3256=ADVANCED_FACE('',(#453),#258,.T.);
#3257=ADVANCED_FACE('',(#454),#3110,.T.);
#3258=ADVANCED_FACE('',(#455),#259,.F.);
#3259=ADVANCED_FACE('',(#456),#3111,.T.);
#3260=ADVANCED_FACE('',(#457),#260,.T.);
#3261=ADVANCED_FACE('',(#458),#3112,.T.);
#3262=ADVANCED_FACE('',(#459),#261,.T.);
#3263=ADVANCED_FACE('',(#460),#3113,.T.);
#3264=ADVANCED_FACE('',(#461),#262,.T.);
#3265=ADVANCED_FACE('',(#462),#3114,.T.);
#3266=ADVANCED_FACE('',(#463),#263,.F.);
#3267=ADVANCED_FACE('',(#464),#3115,.T.);
#3268=ADVANCED_FACE('',(#465),#264,.T.);
#3269=ADVANCED_FACE('',(#466),#3116,.T.);
#3270=ADVANCED_FACE('',(#467),#265,.T.);
#3271=ADVANCED_FACE('',(#468),#3117,.T.);
#3272=ADVANCED_FACE('',(#469),#266,.T.);
#3273=ADVANCED_FACE('',(#470),#3118,.T.);
#3274=ADVANCED_FACE('',(#471),#267,.F.);
#3275=ADVANCED_FACE('',(#472),#3119,.T.);
#3276=ADVANCED_FACE('',(#473),#268,.T.);
#3277=ADVANCED_FACE('',(#474),#3120,.T.);
#3278=ADVANCED_FACE('',(#475),#269,.T.);
#3279=ADVANCED_FACE('',(#476),#3121,.T.);
#3280=ADVANCED_FACE('',(#477),#270,.T.);
#3281=ADVANCED_FACE('',(#478),#3122,.T.);
#3282=ADVANCED_FACE('',(#479),#271,.F.);
#3283=ADVANCED_FACE('',(#480),#3123,.T.);
#3284=ADVANCED_FACE('',(#481),#272,.T.);
#3285=ADVANCED_FACE('',(#482),#3124,.T.);
#3286=ADVANCED_FACE('',(#483),#273,.T.);
#3287=ADVANCED_FACE('',(#484),#3125,.T.);
#3288=ADVANCED_FACE('',(#485),#274,.T.);
#3289=ADVANCED_FACE('',(#486),#3126,.T.);
#3290=ADVANCED_FACE('',(#487),#275,.F.);
#3291=ADVANCED_FACE('',(#488),#3127,.T.);
#3292=ADVANCED_FACE('',(#489),#276,.T.);
#3293=ADVANCED_FACE('',(#490),#3128,.T.);
#3294=ADVANCED_FACE('',(#491),#277,.T.);
#3295=ADVANCED_FACE('',(#492),#3129,.T.);
#3296=ADVANCED_FACE('',(#493),#278,.T.);
#3297=ADVANCED_FACE('',(#494),#3130,.T.);
#3298=ADVANCED_FACE('',(#495),#279,.F.);
#3299=ADVANCED_FACE('',(#496),#3131,.T.);
#3300=ADVANCED_FACE('',(#497),#280,.T.);
#3301=ADVANCED_FACE('',(#498),#3132,.T.);
#3302=ADVANCED_FACE('',(#499),#281,.T.);
#3303=ADVANCED_FACE('',(#500),#3133,.T.);
#3304=ADVANCED_FACE('',(#501),#282,.T.);
#3305=ADVANCED_FACE('',(#502),#3134,.T.);
#3306=ADVANCED_FACE('',(#503),#283,.F.);
#3307=ADVANCED_FACE('',(#504),#3135,.T.);
#3308=ADVANCED_FACE('',(#505),#284,.T.);
#3309=ADVANCED_FACE('',(#506),#3136,.T.);
#3310=ADVANCED_FACE('',(#507),#285,.T.);
#3311=ADVANCED_FACE('',(#508),#286,.T.);
#3312=ADVANCED_FACE('',(#509,#332,#333,#334,#335,#336),#3137,.F.);
#3313=ADVANCED_FACE('',(#510),#191,.F.);
#3314=ADVANCED_FACE('',(#511),#185,.T.);
#3315=ADVANCED_FACE('',(#512,#337),#3138,.T.);
#3316=ADVANCED_FACE('',(#513),#192,.F.);
#3317=ADVANCED_FACE('',(#514),#186,.T.);
#3318=ADVANCED_FACE('',(#515,#338),#3139,.T.);
#3319=ADVANCED_FACE('',(#516,#339),#3140,.T.);
#3320=ADVANCED_FACE('',(#517),#287,.F.);
#3321=ADVANCED_FACE('',(#518),#288,.F.);
#3322=ADVANCED_FACE('',(#519,#340),#3141,.T.);
#3323=ADVANCED_FACE('',(#520),#289,.F.);
#3324=ADVANCED_FACE('',(#521,#341),#3142,.T.);
#3325=ADVANCED_FACE('',(#522),#290,.F.);
#3326=ADVANCED_FACE('',(#523),#291,.T.);
#3327=ADVANCED_FACE('',(#524),#292,.T.);
#3328=ADVANCED_FACE('',(#525,#342),#3143,.T.);
#3329=ADVANCED_FACE('',(#526),#293,.T.);
#3330=ADVANCED_FACE('',(#527,#343),#3144,.T.);
#3331=ADVANCED_FACE('',(#528,#344),#3145,.F.);
#3332=ADVANCED_FACE('',(#529),#294,.T.);
#3333=ADVANCED_FACE('',(#530),#3146,.T.);
#3334=ADVANCED_FACE('',(#531),#215,.T.);
#3335=ADVANCED_FACE('',(#532),#295,.T.);
#3336=ADVANCED_FACE('',(#533),#3147,.F.);
#3337=ADVANCED_FACE('',(#534,#345),#3148,.T.);
#3338=CLOSED_SHELL('',(#3149,#3150,#3151,#3152,#3153,#3154,#3155,#3156,
#3157,#3158,#3159,#3160,#3161,#3162,#3163,#3164,#3165,#3166,#3167,#3168,
#3169));
#3339=CLOSED_SHELL('',(#3170,#3171,#3172,#3173,#3174,#3175,#3176,#3177,
#3178,#3179,#3180,#3181,#3182,#3183,#3184,#3185,#3186,#3187,#3188,#3189,
#3190,#3191,#3192,#3193,#3194,#3195,#3196,#3197,#3198,#3199,#3200,#3201,
#3202,#3203,#3204,#3205,#3206,#3207,#3208,#3209,#3210,#3211,#3212,#3213,
#3214,#3215,#3216,#3217,#3218,#3219,#3220,#3221,#3222,#3223,#3224,#3225,
#3226,#3227,#3228,#3229,#3230,#3231,#3232,#3233,#3234,#3235,#3236,#3237,
#3238,#3239,#3240,#3241,#3242,#3243,#3244,#3245,#3246,#3247,#3248,#3249,
#3250,#3251,#3252,#3253,#3254,#3255,#3256,#3257,#3258,#3259,#3260,#3261,
#3262,#3263,#3264,#3265,#3266,#3267,#3268,#3269,#3270,#3271,#3272,#3273,
#3274,#3275,#3276,#3277,#3278,#3279,#3280,#3281,#3282,#3283,#3284,#3285,
#3286,#3287,#3288,#3289,#3290,#3291,#3292,#3293,#3294,#3295,#3296,#3297,
#3298,#3299,#3300,#3301,#3302,#3303,#3304,#3305,#3306,#3307,#3308,#3309,
#3310,#3311,#3312));
#3340=CLOSED_SHELL('',(#3313,#3314,#3315,#3316,#3317,#3318,#3319,#3320,
#3321,#3322,#3323));
#3341=CLOSED_SHELL('',(#3324,#3325,#3326,#3327,#3328,#3329,#3330,#3331));
#3342=CLOSED_SHELL('',(#3332,#3333,#3334,#3335,#3336,#3337));
#3343=DERIVED_UNIT_ELEMENT(#3353,1.);
#3344=DERIVED_UNIT_ELEMENT(#6170,-3.);
#3345=DERIVED_UNIT_ELEMENT(#3353,1.);
#3346=DERIVED_UNIT_ELEMENT(#6170,-3.);
#3347=DERIVED_UNIT_ELEMENT(#3353,1.);
#3348=DERIVED_UNIT_ELEMENT(#6170,-3.);
#3349=DERIVED_UNIT_ELEMENT(#3353,1.);
#3350=DERIVED_UNIT_ELEMENT(#6170,-3.);
#3351=DERIVED_UNIT_ELEMENT(#3353,1.);
#3352=DERIVED_UNIT_ELEMENT(#6170,-3.);
#3353=(
MASS_UNIT()
NAMED_UNIT(*)
SI_UNIT(.KILO.,.GRAM.)
);
#3354=DERIVED_UNIT((#3343,#3344));
#3355=DERIVED_UNIT((#3345,#3346));
#3356=DERIVED_UNIT((#3347,#3348));
#3357=DERIVED_UNIT((#3349,#3350));
#3358=DERIVED_UNIT((#3351,#3352));
#3359=MEASURE_REPRESENTATION_ITEM('density measure',
POSITIVE_RATIO_MEASURE(7850.),#3354);
#3360=MEASURE_REPRESENTATION_ITEM('density measure',
POSITIVE_RATIO_MEASURE(7850.),#3355);
#3361=MEASURE_REPRESENTATION_ITEM('density measure',
POSITIVE_RATIO_MEASURE(7850.),#3356);
#3362=MEASURE_REPRESENTATION_ITEM('density measure',
POSITIVE_RATIO_MEASURE(7850.),#3357);
#3363=MEASURE_REPRESENTATION_ITEM('density measure',
POSITIVE_RATIO_MEASURE(7850.),#3358);
#3364=PROPERTY_DEFINITION_REPRESENTATION(#3389,#3374);
#3365=PROPERTY_DEFINITION_REPRESENTATION(#3390,#3375);
#3366=PROPERTY_DEFINITION_REPRESENTATION(#3391,#3376);
#3367=PROPERTY_DEFINITION_REPRESENTATION(#3392,#3377);
#3368=PROPERTY_DEFINITION_REPRESENTATION(#3393,#3378);
#3369=PROPERTY_DEFINITION_REPRESENTATION(#3394,#3379);
#3370=PROPERTY_DEFINITION_REPRESENTATION(#3395,#3380);
#3371=PROPERTY_DEFINITION_REPRESENTATION(#3396,#3381);
#3372=PROPERTY_DEFINITION_REPRESENTATION(#3397,#3382);
#3373=PROPERTY_DEFINITION_REPRESENTATION(#3398,#3383);
#3374=REPRESENTATION('material name',(#3384),#6163);
#3375=REPRESENTATION('density',(#3359),#6163);
#3376=REPRESENTATION('material name',(#3385),#6164);
#3377=REPRESENTATION('density',(#3360),#6164);
#3378=REPRESENTATION('material name',(#3386),#6165);
#3379=REPRESENTATION('density',(#3361),#6165);
#3380=REPRESENTATION('material name',(#3387),#6166);
#3381=REPRESENTATION('density',(#3362),#6166);
#3382=REPRESENTATION('material name',(#3388),#6167);
#3383=REPRESENTATION('density',(#3363),#6167);
#3384=DESCRIPTIVE_REPRESENTATION_ITEM('Steel','Steel');
#3385=DESCRIPTIVE_REPRESENTATION_ITEM('Steel','Steel');
#3386=DESCRIPTIVE_REPRESENTATION_ITEM('Steel','Steel');
#3387=DESCRIPTIVE_REPRESENTATION_ITEM('Steel','Steel');
#3388=DESCRIPTIVE_REPRESENTATION_ITEM('Steel','Steel');
#3389=PROPERTY_DEFINITION('material property','material name',#6236);
#3390=PROPERTY_DEFINITION('material property','density of part',#6236);
#3391=PROPERTY_DEFINITION('material property','material name',#6237);
#3392=PROPERTY_DEFINITION('material property','density of part',#6237);
#3393=PROPERTY_DEFINITION('material property','material name',#6238);
#3394=PROPERTY_DEFINITION('material property','density of part',#6238);
#3395=PROPERTY_DEFINITION('material property','material name',#6239);
#3396=PROPERTY_DEFINITION('material property','density of part',#6239);
#3397=PROPERTY_DEFINITION('material property','material name',#6240);
#3398=PROPERTY_DEFINITION('material property','density of part',#6240);
#3399=AXIS2_PLACEMENT_3D('',#4868,#3801,#3802);
#3400=AXIS2_PLACEMENT_3D('',#4869,#3803,#3804);
#3401=AXIS2_PLACEMENT_3D('',#4870,#3805,#3806);
#3402=AXIS2_PLACEMENT_3D('',#4873,#3807,#3808);
#3403=AXIS2_PLACEMENT_3D('',#4875,#3810,#3811);
#3404=AXIS2_PLACEMENT_3D('',#4877,#3812,#3813);
#3405=AXIS2_PLACEMENT_3D('',#4879,#3814,#3815);
#3406=AXIS2_PLACEMENT_3D('',#4880,#3816,#3817);
#3407=AXIS2_PLACEMENT_3D('',#4883,#3818,#3819);
#3408=AXIS2_PLACEMENT_3D('',#4885,#3821,#3822);
#3409=AXIS2_PLACEMENT_3D('',#4888,#3825,#3826);
#3410=AXIS2_PLACEMENT_3D('',#4890,#3827,#3828);
#3411=AXIS2_PLACEMENT_3D('',#4892,#3830,#3831);
#3412=AXIS2_PLACEMENT_3D('',#4894,#3832,#3833);
#3413=AXIS2_PLACEMENT_3D('',#4897,#3835,#3836);
#3414=AXIS2_PLACEMENT_3D('',#4898,#3837,#3838);
#3415=AXIS2_PLACEMENT_3D('',#4900,#3839,#3840);
#3416=AXIS2_PLACEMENT_3D('',#4903,#3842,#3843);
#3417=AXIS2_PLACEMENT_3D('',#4904,#3844,#3845);
#3418=AXIS2_PLACEMENT_3D('',#4906,#3846,#3847);
#3419=AXIS2_PLACEMENT_3D('',#4909,#3849,#3850);
#3420=AXIS2_PLACEMENT_3D('',#4910,#3851,#3852);
#3421=AXIS2_PLACEMENT_3D('',#4912,#3853,#3854);
#3422=AXIS2_PLACEMENT_3D('',#4915,#3856,#3857);
#3423=AXIS2_PLACEMENT_3D('',#4916,#3858,#3859);
#3424=AXIS2_PLACEMENT_3D('',#4918,#3860,#3861);
#3425=AXIS2_PLACEMENT_3D('',#4920,#3862,#3863);
#3426=AXIS2_PLACEMENT_3D('',#4921,#3864,#3865);
#3427=AXIS2_PLACEMENT_3D('',#4923,#3866,#3867);
#3428=AXIS2_PLACEMENT_3D('',#4925,#3868,#3869);
#3429=AXIS2_PLACEMENT_3D('',#4926,#3870,#3871);
#3430=AXIS2_PLACEMENT_3D('',#4928,#3873,#3874);
#3431=AXIS2_PLACEMENT_3D('',#4930,#3875,#3876);
#3432=AXIS2_PLACEMENT_3D('',#4931,#3877,#3878);
#3433=AXIS2_PLACEMENT_3D('',#4933,#3879,#3880);
#3434=AXIS2_PLACEMENT_3D('',#4935,#3882,#3883);
#3435=AXIS2_PLACEMENT_3D('',#4937,#3885,#3886);
#3436=AXIS2_PLACEMENT_3D('',#4939,#3887,#3888);
#3437=AXIS2_PLACEMENT_3D('',#4941,#3889,#3890);
#3438=AXIS2_PLACEMENT_3D('',#4942,#3891,#3892);
#3439=AXIS2_PLACEMENT_3D('',#4944,#3893,#3894);
#3440=AXIS2_PLACEMENT_3D('',#4946,#3895,#3896);
#3441=AXIS2_PLACEMENT_3D('',#4947,#3897,#3898);
#3442=AXIS2_PLACEMENT_3D('',#4949,#3900,#3901);
#3443=AXIS2_PLACEMENT_3D('',#4951,#3902,#3903);
#3444=AXIS2_PLACEMENT_3D('',#4953,#3905,#3906);
#3445=AXIS2_PLACEMENT_3D('',#4955,#3908,#3909);
#3446=AXIS2_PLACEMENT_3D('',#4957,#3911,#3912);
#3447=AXIS2_PLACEMENT_3D('',#4958,#3913,#3914);
#3448=AXIS2_PLACEMENT_3D('',#4965,#3917,#3918);
#3449=AXIS2_PLACEMENT_3D('',#4969,#3920,#3921);
#3450=AXIS2_PLACEMENT_3D('',#4972,#3923,#3924);
#3451=AXIS2_PLACEMENT_3D('',#4973,#3925,#3926);
#3452=AXIS2_PLACEMENT_3D('',#4977,#3928,#3929);
#3453=AXIS2_PLACEMENT_3D('',#4980,#3931,#3932);
#3454=AXIS2_PLACEMENT_3D('',#4981,#3933,#3934);
#3455=AXIS2_PLACEMENT_3D('',#4985,#3936,#3937);
#3456=AXIS2_PLACEMENT_3D('',#4987,#3939,#3940);
#3457=AXIS2_PLACEMENT_3D('',#4992,#3944,#3945);
#3458=AXIS2_PLACEMENT_3D('',#4996,#3948,#3949);
#3459=AXIS2_PLACEMENT_3D('',#5000,#3951,#3952);
#3460=AXIS2_PLACEMENT_3D('',#5004,#3954,#3955);
#3461=AXIS2_PLACEMENT_3D('',#5012,#3959,#3960);
#3462=AXIS2_PLACEMENT_3D('',#5016,#3962,#3963);
#3463=AXIS2_PLACEMENT_3D('',#5024,#3967,#3968);
#3464=AXIS2_PLACEMENT_3D('',#5028,#3970,#3971);
#3465=AXIS2_PLACEMENT_3D('',#5036,#3975,#3976);
#3466=AXIS2_PLACEMENT_3D('',#5040,#3978,#3979);
#3467=AXIS2_PLACEMENT_3D('',#5048,#3983,#3984);
#3468=AXIS2_PLACEMENT_3D('',#5052,#3986,#3987);
#3469=AXIS2_PLACEMENT_3D('',#5060,#3991,#3992);
#3470=AXIS2_PLACEMENT_3D('',#5064,#3994,#3995);
#3471=AXIS2_PLACEMENT_3D('',#5072,#3999,#4000);
#3472=AXIS2_PLACEMENT_3D('',#5076,#4002,#4003);
#3473=AXIS2_PLACEMENT_3D('',#5084,#4007,#4008);
#3474=AXIS2_PLACEMENT_3D('',#5088,#4010,#4011);
#3475=AXIS2_PLACEMENT_3D('',#5091,#4013,#4014);
#3476=AXIS2_PLACEMENT_3D('',#5093,#4015,#4016);
#3477=AXIS2_PLACEMENT_3D('',#5095,#4017,#4018);
#3478=AXIS2_PLACEMENT_3D('',#5097,#4019,#4020);
#3479=AXIS2_PLACEMENT_3D('',#5099,#4021,#4022);
#3480=AXIS2_PLACEMENT_3D('',#5100,#4023,#4024);
#3481=AXIS2_PLACEMENT_3D('',#5106,#4028,#4029);
#3482=AXIS2_PLACEMENT_3D('',#5108,#4031,#4032);
#3483=AXIS2_PLACEMENT_3D('',#5109,#4033,#4034);
#3484=AXIS2_PLACEMENT_3D('',#5116,#4037,#4038);
#3485=AXIS2_PLACEMENT_3D('',#5120,#4040,#4041);
#3486=AXIS2_PLACEMENT_3D('',#5123,#4043,#4044);
#3487=AXIS2_PLACEMENT_3D('',#5124,#4045,#4046);
#3488=AXIS2_PLACEMENT_3D('',#5127,#4048,#4049);
#3489=AXIS2_PLACEMENT_3D('',#5130,#4051,#4052);
#3490=AXIS2_PLACEMENT_3D('',#5131,#4053,#4054);
#3491=AXIS2_PLACEMENT_3D('',#5134,#4056,#4057);
#3492=AXIS2_PLACEMENT_3D('',#5135,#4058,#4059);
#3493=AXIS2_PLACEMENT_3D('',#5140,#4063,#4064);
#3494=AXIS2_PLACEMENT_3D('',#5144,#4067,#4068);
#3495=AXIS2_PLACEMENT_3D('',#5146,#4069,#4070);
#3496=AXIS2_PLACEMENT_3D('',#5149,#4072,#4073);
#3497=AXIS2_PLACEMENT_3D('',#5151,#4074,#4075);
#3498=AXIS2_PLACEMENT_3D('',#5152,#4076,#4077);
#3499=AXIS2_PLACEMENT_3D('',#5158,#4081,#4082);
#3500=AXIS2_PLACEMENT_3D('',#5160,#4084,#4085);
#3501=AXIS2_PLACEMENT_3D('',#5161,#4086,#4087);
#3502=AXIS2_PLACEMENT_3D('',#5168,#4090,#4091);
#3503=AXIS2_PLACEMENT_3D('',#5172,#4093,#4094);
#3504=AXIS2_PLACEMENT_3D('',#5175,#4096,#4097);
#3505=AXIS2_PLACEMENT_3D('',#5176,#4098,#4099);
#3506=AXIS2_PLACEMENT_3D('',#5179,#4101,#4102);
#3507=AXIS2_PLACEMENT_3D('',#5182,#4104,#4105);
#3508=AXIS2_PLACEMENT_3D('',#5183,#4106,#4107);
#3509=AXIS2_PLACEMENT_3D('',#5186,#4109,#4110);
#3510=AXIS2_PLACEMENT_3D('',#5187,#4111,#4112);
#3511=AXIS2_PLACEMENT_3D('',#5192,#4116,#4117);
#3512=AXIS2_PLACEMENT_3D('',#5196,#4120,#4121);
#3513=AXIS2_PLACEMENT_3D('',#5198,#4122,#4123);
#3514=AXIS2_PLACEMENT_3D('',#5201,#4125,#4126);
#3515=AXIS2_PLACEMENT_3D('',#5203,#4127,#4128);
#3516=AXIS2_PLACEMENT_3D('',#5204,#4129,#4130);
#3517=AXIS2_PLACEMENT_3D('',#5210,#4134,#4135);
#3518=AXIS2_PLACEMENT_3D('',#5212,#4137,#4138);
#3519=AXIS2_PLACEMENT_3D('',#5213,#4139,#4140);
#3520=AXIS2_PLACEMENT_3D('',#5220,#4143,#4144);
#3521=AXIS2_PLACEMENT_3D('',#5224,#4146,#4147);
#3522=AXIS2_PLACEMENT_3D('',#5227,#4149,#4150);
#3523=AXIS2_PLACEMENT_3D('',#5228,#4151,#4152);
#3524=AXIS2_PLACEMENT_3D('',#5231,#4154,#4155);
#3525=AXIS2_PLACEMENT_3D('',#5234,#4157,#4158);
#3526=AXIS2_PLACEMENT_3D('',#5235,#4159,#4160);
#3527=AXIS2_PLACEMENT_3D('',#5238,#4162,#4163);
#3528=AXIS2_PLACEMENT_3D('',#5239,#4164,#4165);
#3529=AXIS2_PLACEMENT_3D('',#5244,#4169,#4170);
#3530=AXIS2_PLACEMENT_3D('',#5248,#4173,#4174);
#3531=AXIS2_PLACEMENT_3D('',#5250,#4175,#4176);
#3532=AXIS2_PLACEMENT_3D('',#5253,#4178,#4179);
#3533=AXIS2_PLACEMENT_3D('',#5255,#4180,#4181);
#3534=AXIS2_PLACEMENT_3D('',#5256,#4182,#4183);
#3535=AXIS2_PLACEMENT_3D('',#5262,#4187,#4188);
#3536=AXIS2_PLACEMENT_3D('',#5264,#4190,#4191);
#3537=AXIS2_PLACEMENT_3D('',#5265,#4192,#4193);
#3538=AXIS2_PLACEMENT_3D('',#5272,#4196,#4197);
#3539=AXIS2_PLACEMENT_3D('',#5276,#4199,#4200);
#3540=AXIS2_PLACEMENT_3D('',#5279,#4202,#4203);
#3541=AXIS2_PLACEMENT_3D('',#5280,#4204,#4205);
#3542=AXIS2_PLACEMENT_3D('',#5283,#4207,#4208);
#3543=AXIS2_PLACEMENT_3D('',#5286,#4210,#4211);
#3544=AXIS2_PLACEMENT_3D('',#5287,#4212,#4213);
#3545=AXIS2_PLACEMENT_3D('',#5290,#4215,#4216);
#3546=AXIS2_PLACEMENT_3D('',#5291,#4217,#4218);
#3547=AXIS2_PLACEMENT_3D('',#5296,#4222,#4223);
#3548=AXIS2_PLACEMENT_3D('',#5300,#4226,#4227);
#3549=AXIS2_PLACEMENT_3D('',#5302,#4228,#4229);
#3550=AXIS2_PLACEMENT_3D('',#5305,#4231,#4232);
#3551=AXIS2_PLACEMENT_3D('',#5307,#4233,#4234);
#3552=AXIS2_PLACEMENT_3D('',#5308,#4235,#4236);
#3553=AXIS2_PLACEMENT_3D('',#5314,#4240,#4241);
#3554=AXIS2_PLACEMENT_3D('',#5316,#4243,#4244);
#3555=AXIS2_PLACEMENT_3D('',#5317,#4245,#4246);
#3556=AXIS2_PLACEMENT_3D('',#5324,#4249,#4250);
#3557=AXIS2_PLACEMENT_3D('',#5328,#4252,#4253);
#3558=AXIS2_PLACEMENT_3D('',#5331,#4255,#4256);
#3559=AXIS2_PLACEMENT_3D('',#5332,#4257,#4258);
#3560=AXIS2_PLACEMENT_3D('',#5335,#4260,#4261);
#3561=AXIS2_PLACEMENT_3D('',#5338,#4263,#4264);
#3562=AXIS2_PLACEMENT_3D('',#5339,#4265,#4266);
#3563=AXIS2_PLACEMENT_3D('',#5342,#4268,#4269);
#3564=AXIS2_PLACEMENT_3D('',#5343,#4270,#4271);
#3565=AXIS2_PLACEMENT_3D('',#5348,#4275,#4276);
#3566=AXIS2_PLACEMENT_3D('',#5352,#4279,#4280);
#3567=AXIS2_PLACEMENT_3D('',#5354,#4281,#4282);
#3568=AXIS2_PLACEMENT_3D('',#5357,#4284,#4285);
#3569=AXIS2_PLACEMENT_3D('',#5359,#4286,#4287);
#3570=AXIS2_PLACEMENT_3D('',#5360,#4288,#4289);
#3571=AXIS2_PLACEMENT_3D('',#5366,#4293,#4294);
#3572=AXIS2_PLACEMENT_3D('',#5368,#4296,#4297);
#3573=AXIS2_PLACEMENT_3D('',#5369,#4298,#4299);
#3574=AXIS2_PLACEMENT_3D('',#5376,#4302,#4303);
#3575=AXIS2_PLACEMENT_3D('',#5380,#4305,#4306);
#3576=AXIS2_PLACEMENT_3D('',#5383,#4308,#4309);
#3577=AXIS2_PLACEMENT_3D('',#5384,#4310,#4311);
#3578=AXIS2_PLACEMENT_3D('',#5387,#4313,#4314);
#3579=AXIS2_PLACEMENT_3D('',#5390,#4316,#4317);
#3580=AXIS2_PLACEMENT_3D('',#5391,#4318,#4319);
#3581=AXIS2_PLACEMENT_3D('',#5394,#4321,#4322);
#3582=AXIS2_PLACEMENT_3D('',#5395,#4323,#4324);
#3583=AXIS2_PLACEMENT_3D('',#5400,#4328,#4329);
#3584=AXIS2_PLACEMENT_3D('',#5404,#4332,#4333);
#3585=AXIS2_PLACEMENT_3D('',#5406,#4334,#4335);
#3586=AXIS2_PLACEMENT_3D('',#5409,#4337,#4338);
#3587=AXIS2_PLACEMENT_3D('',#5411,#4339,#4340);
#3588=AXIS2_PLACEMENT_3D('',#5412,#4341,#4342);
#3589=AXIS2_PLACEMENT_3D('',#5418,#4346,#4347);
#3590=AXIS2_PLACEMENT_3D('',#5420,#4349,#4350);
#3591=AXIS2_PLACEMENT_3D('',#5421,#4351,#4352);
#3592=AXIS2_PLACEMENT_3D('',#5430,#4357,#4358);
#3593=AXIS2_PLACEMENT_3D('',#5434,#4360,#4361);
#3594=AXIS2_PLACEMENT_3D('',#5437,#4363,#4364);
#3595=AXIS2_PLACEMENT_3D('',#5438,#4365,#4366);
#3596=AXIS2_PLACEMENT_3D('',#5441,#4368,#4369);
#3597=AXIS2_PLACEMENT_3D('',#5443,#4371,#4372);
#3598=AXIS2_PLACEMENT_3D('',#5448,#4375,#4376);
#3599=AXIS2_PLACEMENT_3D('',#5451,#4378,#4379);
#3600=AXIS2_PLACEMENT_3D('',#5453,#4380,#4381);
#3601=AXIS2_PLACEMENT_3D('',#5454,#4382,#4383);
#3602=AXIS2_PLACEMENT_3D('',#5456,#4384,#4385);
#3603=AXIS2_PLACEMENT_3D('',#5460,#4387,#4388);
#3604=AXIS2_PLACEMENT_3D('',#5463,#4390,#4391);
#3605=AXIS2_PLACEMENT_3D('',#5464,#4392,#4393);
#3606=AXIS2_PLACEMENT_3D('',#5468,#4396,#4397);
#3607=AXIS2_PLACEMENT_3D('',#5470,#4398,#4399);
#3608=AXIS2_PLACEMENT_3D('',#5473,#4401,#4402);
#3609=AXIS2_PLACEMENT_3D('',#5475,#4403,#4404);
#3610=AXIS2_PLACEMENT_3D('',#5476,#4405,#4406);
#3611=AXIS2_PLACEMENT_3D('',#5478,#4408,#4409);
#3612=AXIS2_PLACEMENT_3D('',#5479,#4410,#4411);
#3613=AXIS2_PLACEMENT_3D('',#5481,#4413,#4414);
#3614=AXIS2_PLACEMENT_3D('',#5484,#4416,#4417);
#3615=AXIS2_PLACEMENT_3D('',#5485,#4418,#4419);
#3616=AXIS2_PLACEMENT_3D('',#5488,#4421,#4422);
#3617=AXIS2_PLACEMENT_3D('',#5489,#4423,#4424);
#3618=AXIS2_PLACEMENT_3D('',#5491,#4426,#4427);
#3619=AXIS2_PLACEMENT_3D('',#5494,#4429,#4430);
#3620=AXIS2_PLACEMENT_3D('',#5495,#4431,#4432);
#3621=AXIS2_PLACEMENT_3D('',#5497,#4434,#4435);
#3622=AXIS2_PLACEMENT_3D('',#5500,#4437,#4438);
#3623=AXIS2_PLACEMENT_3D('',#5501,#4439,#4440);
#3624=AXIS2_PLACEMENT_3D('',#5503,#4442,#4443);
#3625=AXIS2_PLACEMENT_3D('',#5506,#4445,#4446);
#3626=AXIS2_PLACEMENT_3D('',#5507,#4447,#4448);
#3627=AXIS2_PLACEMENT_3D('',#5509,#4450,#4451);
#3628=AXIS2_PLACEMENT_3D('',#5511,#4453,#4454);
#3629=AXIS2_PLACEMENT_3D('',#5513,#4456,#4457);
#3630=AXIS2_PLACEMENT_3D('',#5515,#4459,#4460);
#3631=AXIS2_PLACEMENT_3D('',#5519,#4463,#4464);
#3632=AXIS2_PLACEMENT_3D('',#5521,#4465,#4466);
#3633=AXIS2_PLACEMENT_3D('',#5523,#4468,#4469);
#3634=AXIS2_PLACEMENT_3D('',#5527,#4472,#4473);
#3635=AXIS2_PLACEMENT_3D('',#5528,#4474,#4475);
#3636=AXIS2_PLACEMENT_3D('',#5529,#4476,#4477);
#3637=AXIS2_PLACEMENT_3D('',#5530,#4478,#4479);
#3638=AXIS2_PLACEMENT_3D('',#5532,#4481,#4482);
#3639=AXIS2_PLACEMENT_3D('',#5534,#4484,#4485);
#3640=AXIS2_PLACEMENT_3D('',#5535,#4486,#4487);
#3641=AXIS2_PLACEMENT_3D('',#5539,#4490,#4491);
#3642=AXIS2_PLACEMENT_3D('',#5541,#4492,#4493);
#3643=AXIS2_PLACEMENT_3D('',#5543,#4495,#4496);
#3644=AXIS2_PLACEMENT_3D('',#5547,#4499,#4500);
#3645=AXIS2_PLACEMENT_3D('',#5548,#4501,#4502);
#3646=AXIS2_PLACEMENT_3D('',#5549,#4503,#4504);
#3647=AXIS2_PLACEMENT_3D('',#5550,#4505,#4506);
#3648=AXIS2_PLACEMENT_3D('',#5552,#4508,#4509);
#3649=AXIS2_PLACEMENT_3D('',#5554,#4511,#4512);
#3650=AXIS2_PLACEMENT_3D('',#5555,#4513,#4514);
#3651=AXIS2_PLACEMENT_3D('',#5559,#4517,#4518);
#3652=AXIS2_PLACEMENT_3D('',#5561,#4519,#4520);
#3653=AXIS2_PLACEMENT_3D('',#5563,#4522,#4523);
#3654=AXIS2_PLACEMENT_3D('',#5567,#4526,#4527);
#3655=AXIS2_PLACEMENT_3D('',#5568,#4528,#4529);
#3656=AXIS2_PLACEMENT_3D('',#5569,#4530,#4531);
#3657=AXIS2_PLACEMENT_3D('',#5570,#4532,#4533);
#3658=AXIS2_PLACEMENT_3D('',#5572,#4535,#4536);
#3659=AXIS2_PLACEMENT_3D('',#5574,#4538,#4539);
#3660=AXIS2_PLACEMENT_3D('',#5575,#4540,#4541);
#3661=AXIS2_PLACEMENT_3D('',#5579,#4544,#4545);
#3662=AXIS2_PLACEMENT_3D('',#5581,#4546,#4547);
#3663=AXIS2_PLACEMENT_3D('',#5583,#4549,#4550);
#3664=AXIS2_PLACEMENT_3D('',#5587,#4553,#4554);
#3665=AXIS2_PLACEMENT_3D('',#5588,#4555,#4556);
#3666=AXIS2_PLACEMENT_3D('',#5589,#4557,#4558);
#3667=AXIS2_PLACEMENT_3D('',#5590,#4559,#4560);
#3668=AXIS2_PLACEMENT_3D('',#5592,#4562,#4563);
#3669=AXIS2_PLACEMENT_3D('',#5594,#4565,#4566);
#3670=AXIS2_PLACEMENT_3D('',#5595,#4567,#4568);
#3671=AXIS2_PLACEMENT_3D('',#5599,#4571,#4572);
#3672=AXIS2_PLACEMENT_3D('',#5601,#4573,#4574);
#3673=AXIS2_PLACEMENT_3D('',#5603,#4576,#4577);
#3674=AXIS2_PLACEMENT_3D('',#5607,#4580,#4581);
#3675=AXIS2_PLACEMENT_3D('',#5608,#4582,#4583);
#3676=AXIS2_PLACEMENT_3D('',#5609,#4584,#4585);
#3677=AXIS2_PLACEMENT_3D('',#5610,#4586,#4587);
#3678=AXIS2_PLACEMENT_3D('',#5612,#4589,#4590);
#3679=AXIS2_PLACEMENT_3D('',#5614,#4592,#4593);
#3680=AXIS2_PLACEMENT_3D('',#5615,#4594,#4595);
#3681=AXIS2_PLACEMENT_3D('',#5619,#4598,#4599);
#3682=AXIS2_PLACEMENT_3D('',#5621,#4600,#4601);
#3683=AXIS2_PLACEMENT_3D('',#5623,#4603,#4604);
#3684=AXIS2_PLACEMENT_3D('',#5627,#4607,#4608);
#3685=AXIS2_PLACEMENT_3D('',#5629,#4609,#4610);
#3686=AXIS2_PLACEMENT_3D('',#5631,#4612,#4613);
#3687=AXIS2_PLACEMENT_3D('',#5633,#4615,#4616);
#3688=AXIS2_PLACEMENT_3D('',#5635,#4618,#4619);
#3689=AXIS2_PLACEMENT_3D('',#5637,#4621,#4622);
#3690=AXIS2_PLACEMENT_3D('',#5639,#4624,#4625);
#3691=AXIS2_PLACEMENT_3D('',#5640,#4626,#4627);
#3692=AXIS2_PLACEMENT_3D('',#5642,#4628,#4629);
#3693=AXIS2_PLACEMENT_3D('',#5644,#4631,#4632);
#3694=AXIS2_PLACEMENT_3D('',#5648,#4635,#4636);
#3695=AXIS2_PLACEMENT_3D('',#5649,#4637,#4638);
#3696=AXIS2_PLACEMENT_3D('',#5650,#4639,#4640);
#3697=AXIS2_PLACEMENT_3D('',#5651,#4641,#4642);
#3698=AXIS2_PLACEMENT_3D('',#5653,#4644,#4645);
#3699=AXIS2_PLACEMENT_3D('',#5655,#4647,#4648);
#3700=AXIS2_PLACEMENT_3D('',#5656,#4649,#4650);
#3701=AXIS2_PLACEMENT_3D('',#5660,#4653,#4654);
#3702=AXIS2_PLACEMENT_3D('',#5662,#4655,#4656);
#3703=AXIS2_PLACEMENT_3D('',#5664,#4658,#4659);
#3704=AXIS2_PLACEMENT_3D('',#5668,#4662,#4663);
#3705=AXIS2_PLACEMENT_3D('',#5669,#4664,#4665);
#3706=AXIS2_PLACEMENT_3D('',#5670,#4666,#4667);
#3707=AXIS2_PLACEMENT_3D('',#5671,#4668,#4669);
#3708=AXIS2_PLACEMENT_3D('',#5673,#4671,#4672);
#3709=AXIS2_PLACEMENT_3D('',#5675,#4674,#4675);
#3710=AXIS2_PLACEMENT_3D('',#5676,#4676,#4677);
#3711=AXIS2_PLACEMENT_3D('',#5677,#4678,#4679);
#3712=AXIS2_PLACEMENT_3D('',#5678,#4680,#4681);
#3713=AXIS2_PLACEMENT_3D('',#5741,#4682,#4683);
#3714=AXIS2_PLACEMENT_3D('',#5867,#4684,#4685);
#3715=AXIS2_PLACEMENT_3D('',#5868,#4686,#4687);
#3716=AXIS2_PLACEMENT_3D('',#5870,#4688,#4689);
#3717=AXIS2_PLACEMENT_3D('',#5923,#4690,#4691);
#3718=AXIS2_PLACEMENT_3D('',#6044,#4692,#4693);
#3719=AXIS2_PLACEMENT_3D('',#6046,#4694,#4695);
#3720=AXIS2_PLACEMENT_3D('',#6047,#4696,#4697);
#3721=AXIS2_PLACEMENT_3D('',#6049,#4698,#4699);
#3722=AXIS2_PLACEMENT_3D('',#6051,#4700,#4701);
#3723=AXIS2_PLACEMENT_3D('',#6052,#4702,#4703);
#3724=AXIS2_PLACEMENT_3D('',#6054,#4705,#4706);
#3725=AXIS2_PLACEMENT_3D('',#6057,#4708,#4709);
#3726=AXIS2_PLACEMENT_3D('',#6058,#4710,#4711);
#3727=AXIS2_PLACEMENT_3D('',#6060,#4712,#4713);
#3728=AXIS2_PLACEMENT_3D('',#6061,#4714,#4715);
#3729=AXIS2_PLACEMENT_3D('',#6063,#4717,#4718);
#3730=AXIS2_PLACEMENT_3D('',#6064,#4719,#4720);
#3731=AXIS2_PLACEMENT_3D('',#6066,#4721,#4722);
#3732=AXIS2_PLACEMENT_3D('',#6068,#4723,#4724);
#3733=AXIS2_PLACEMENT_3D('',#6069,#4725,#4726);
#3734=AXIS2_PLACEMENT_3D('',#6072,#4728,#4729);
#3735=AXIS2_PLACEMENT_3D('',#6073,#4730,#4731);
#3736=AXIS2_PLACEMENT_3D('',#6076,#4733,#4734);
#3737=AXIS2_PLACEMENT_3D('',#6077,#4735,#4736);
#3738=AXIS2_PLACEMENT_3D('',#6079,#4737,#4738);
#3739=AXIS2_PLACEMENT_3D('',#6082,#4740,#4741);
#3740=AXIS2_PLACEMENT_3D('',#6083,#4742,#4743);
#3741=AXIS2_PLACEMENT_3D('',#6084,#4744,#4745);
#3742=AXIS2_PLACEMENT_3D('',#6086,#4746,#4747);
#3743=AXIS2_PLACEMENT_3D('',#6089,#4749,#4750);
#3744=AXIS2_PLACEMENT_3D('',#6090,#4751,#4752);
#3745=AXIS2_PLACEMENT_3D('',#6091,#4753,#4754);
#3746=AXIS2_PLACEMENT_3D('',#6092,#4755,#4756);
#3747=AXIS2_PLACEMENT_3D('',#6093,#4757,#4758);
#3748=AXIS2_PLACEMENT_3D('',#6095,#4759,#4760);
#3749=AXIS2_PLACEMENT_3D('',#6098,#4762,#4763);
#3750=AXIS2_PLACEMENT_3D('',#6099,#4764,#4765);
#3751=AXIS2_PLACEMENT_3D('',#6100,#4766,#4767);
#3752=AXIS2_PLACEMENT_3D('',#6102,#4768,#4769);
#3753=AXIS2_PLACEMENT_3D('',#6105,#4771,#4772);
#3754=AXIS2_PLACEMENT_3D('',#6106,#4773,#4774);
#3755=AXIS2_PLACEMENT_3D('',#6108,#4775,#4776);
#3756=AXIS2_PLACEMENT_3D('',#6110,#4778,#4779);
#3757=AXIS2_PLACEMENT_3D('',#6111,#4780,#4781);
#3758=AXIS2_PLACEMENT_3D('',#6112,#4782,#4783);
#3759=AXIS2_PLACEMENT_3D('',#6113,#4784,#4785);
#3760=AXIS2_PLACEMENT_3D('',#6114,#4786,#4787);
#3761=AXIS2_PLACEMENT_3D('',#6115,#4788,#4789);
#3762=AXIS2_PLACEMENT_3D('',#6116,#4790,#4791);
#3763=AXIS2_PLACEMENT_3D('',#6117,#4792,#4793);
#3764=AXIS2_PLACEMENT_3D('',#6118,#4794,#4795);
#3765=AXIS2_PLACEMENT_3D('',#6119,#4796,#4797);
#3766=AXIS2_PLACEMENT_3D('',#6120,#4798,#4799);
#3767=AXIS2_PLACEMENT_3D('',#6121,#4800,#4801);
#3768=AXIS2_PLACEMENT_3D('',#6122,#4802,#4803);
#3769=AXIS2_PLACEMENT_3D('',#6123,#4804,#4805);
#3770=AXIS2_PLACEMENT_3D('',#6124,#4806,#4807);
#3771=AXIS2_PLACEMENT_3D('',#6125,#4808,#4809);
#3772=AXIS2_PLACEMENT_3D('',#6126,#4810,#4811);
#3773=AXIS2_PLACEMENT_3D('',#6127,#4812,#4813);
#3774=AXIS2_PLACEMENT_3D('',#6128,#4814,#4815);
#3775=AXIS2_PLACEMENT_3D('',#6129,#4816,#4817);
#3776=AXIS2_PLACEMENT_3D('',#6130,#4818,#4819);
#3777=AXIS2_PLACEMENT_3D('',#6131,#4820,#4821);
#3778=AXIS2_PLACEMENT_3D('',#6132,#4822,#4823);
#3779=AXIS2_PLACEMENT_3D('',#6133,#4824,#4825);
#3780=AXIS2_PLACEMENT_3D('',#6134,#4826,#4827);
#3781=AXIS2_PLACEMENT_3D('',#6135,#4828,#4829);
#3782=AXIS2_PLACEMENT_3D('',#6136,#4830,#4831);
#3783=AXIS2_PLACEMENT_3D('',#6137,#4832,#4833);
#3784=AXIS2_PLACEMENT_3D('',#6138,#4834,#4835);
#3785=AXIS2_PLACEMENT_3D('',#6139,#4836,#4837);
#3786=AXIS2_PLACEMENT_3D('',#6140,#4838,#4839);
#3787=AXIS2_PLACEMENT_3D('',#6141,#4840,#4841);
#3788=AXIS2_PLACEMENT_3D('',#6142,#4842,#4843);
#3789=AXIS2_PLACEMENT_3D('',#6143,#4844,#4845);
#3790=AXIS2_PLACEMENT_3D('',#6144,#4846,#4847);
#3791=AXIS2_PLACEMENT_3D('',#6145,#4848,#4849);
#3792=AXIS2_PLACEMENT_3D('',#6146,#4850,#4851);
#3793=AXIS2_PLACEMENT_3D('',#6147,#4852,#4853);
#3794=AXIS2_PLACEMENT_3D('',#6148,#4854,#4855);
#3795=AXIS2_PLACEMENT_3D('',#6149,#4856,#4857);
#3796=AXIS2_PLACEMENT_3D('',#6150,#4858,#4859);
#3797=AXIS2_PLACEMENT_3D('',#6151,#4860,#4861);
#3798=AXIS2_PLACEMENT_3D('',#6152,#4862,#4863);
#3799=AXIS2_PLACEMENT_3D('',#6153,#4864,#4865);
#3800=AXIS2_PLACEMENT_3D('',#6154,#4866,#4867);
#3801=DIRECTION('axis',(0.,0.,1.));
#3802=DIRECTION('refdir',(1.,0.,0.));
#3803=DIRECTION('axis',(0.,0.,1.));
#3804=DIRECTION('refdir',(1.,0.,0.));
#3805=DIRECTION('center_axis',(0.,-1.,0.));
#3806=DIRECTION('ref_axis',(1.,0.,0.));
#3807=DIRECTION('center_axis',(0.,1.,0.));
#3808=DIRECTION('ref_axis',(1.,0.,0.));
#3809=DIRECTION('',(-1.,0.,0.));
#3810=DIRECTION('center_axis',(0.,1.,0.));
#3811=DIRECTION('ref_axis',(-1.,0.,0.));
#3812=DIRECTION('center_axis',(0.,-1.,0.));
#3813=DIRECTION('ref_axis',(-1.,0.,0.));
#3814=DIRECTION('center_axis',(0.,-1.,0.));
#3815=DIRECTION('ref_axis',(1.,0.,0.));
#3816=DIRECTION('center_axis',(0.,-1.,0.));
#3817=DIRECTION('ref_axis',(1.,0.,0.));
#3818=DIRECTION('center_axis',(0.,1.,0.));
#3819=DIRECTION('ref_axis',(1.,0.,0.));
#3820=DIRECTION('',(1.,0.,0.));
#3821=DIRECTION('center_axis',(0.,0.,-1.));
#3822=DIRECTION('ref_axis',(-1.,0.,0.));
#3823=DIRECTION('',(0.,1.,0.));
#3824=DIRECTION('',(0.,1.,0.));
#3825=DIRECTION('center_axis',(0.,1.,0.));
#3826=DIRECTION('ref_axis',(1.,0.,0.));
#3827=DIRECTION('center_axis',(0.,1.,0.));
#3828=DIRECTION('ref_axis',(1.,0.,0.));
#3829=DIRECTION('',(0.,1.,0.));
#3830=DIRECTION('center_axis',(0.,1.,0.));
#3831=DIRECTION('ref_axis',(1.,0.,0.));
#3832=DIRECTION('center_axis',(0.,1.,0.));
#3833=DIRECTION('ref_axis',(1.,0.,0.));
#3834=DIRECTION('',(0.,1.,0.));
#3835=DIRECTION('center_axis',(0.,-1.,0.));
#3836=DIRECTION('ref_axis',(1.,0.,0.));
#3837=DIRECTION('center_axis',(0.,1.,0.));
#3838=DIRECTION('ref_axis',(1.,0.,0.));
#3839=DIRECTION('center_axis',(0.,1.,0.));
#3840=DIRECTION('ref_axis',(1.,0.,0.));
#3841=DIRECTION('',(0.,1.,0.));
#3842=DIRECTION('center_axis',(0.,-1.,0.));
#3843=DIRECTION('ref_axis',(1.,0.,0.));
#3844=DIRECTION('center_axis',(0.,1.,0.));
#3845=DIRECTION('ref_axis',(1.,0.,0.));
#3846=DIRECTION('center_axis',(0.,1.,0.));
#3847=DIRECTION('ref_axis',(1.,0.,0.));
#3848=DIRECTION('',(0.,1.,0.));
#3849=DIRECTION('center_axis',(0.,-1.,0.));
#3850=DIRECTION('ref_axis',(1.,0.,0.));
#3851=DIRECTION('center_axis',(0.,1.,0.));
#3852=DIRECTION('ref_axis',(1.,0.,0.));
#3853=DIRECTION('center_axis',(0.,1.,0.));
#3854=DIRECTION('ref_axis',(1.,0.,0.));
#3855=DIRECTION('',(0.,1.,0.));
#3856=DIRECTION('center_axis',(0.,-1.,0.));
#3857=DIRECTION('ref_axis',(1.,0.,0.));
#3858=DIRECTION('center_axis',(0.,1.,0.));
#3859=DIRECTION('ref_axis',(1.,0.,0.));
#3860=DIRECTION('center_axis',(0.,1.,0.));
#3861=DIRECTION('ref_axis',(1.,0.,0.));
#3862=DIRECTION('center_axis',(0.,-1.,0.));
#3863=DIRECTION('ref_axis',(1.,0.,0.));
#3864=DIRECTION('center_axis',(0.,1.,0.));
#3865=DIRECTION('ref_axis',(0.,0.,1.));
#3866=DIRECTION('center_axis',(0.,1.,0.));
#3867=DIRECTION('ref_axis',(1.,0.,0.));
#3868=DIRECTION('center_axis',(0.,-1.,0.));
#3869=DIRECTION('ref_axis',(-1.,0.,0.));
#3870=DIRECTION('center_axis',(0.,1.,0.));
#3871=DIRECTION('ref_axis',(1.,0.,0.));
#3872=DIRECTION('',(0.,1.,0.));
#3873=DIRECTION('center_axis',(0.,1.,0.));
#3874=DIRECTION('ref_axis',(-1.,0.,0.));
#3875=DIRECTION('center_axis',(0.,-1.,0.));
#3876=DIRECTION('ref_axis',(-1.,0.,0.));
#3877=DIRECTION('center_axis',(0.,1.,0.));
#3878=DIRECTION('ref_axis',(-1.,0.,0.));
#3879=DIRECTION('center_axis',(0.,1.,0.));
#3880=DIRECTION('ref_axis',(-1.,0.,0.));
#3881=DIRECTION('',(0.,1.,0.));
#3882=DIRECTION('center_axis',(0.,1.,0.));
#3883=DIRECTION('ref_axis',(-1.,0.,0.));
#3884=DIRECTION('',(0.707106781186548,0.707106781186547,-8.65956056235493E-17));
#3885=DIRECTION('center_axis',(0.,1.,0.));
#3886=DIRECTION('ref_axis',(1.,0.,0.));
#3887=DIRECTION('center_axis',(0.,1.,0.));
#3888=DIRECTION('ref_axis',(1.,0.,0.));
#3889=DIRECTION('center_axis',(0.,-1.,0.));
#3890=DIRECTION('ref_axis',(1.,0.,0.));
#3891=DIRECTION('center_axis',(0.,1.,0.));
#3892=DIRECTION('ref_axis',(0.,0.,1.));
#3893=DIRECTION('center_axis',(0.,1.,0.));
#3894=DIRECTION('ref_axis',(1.,0.,0.));
#3895=DIRECTION('center_axis',(0.,-1.,0.));
#3896=DIRECTION('ref_axis',(-1.,0.,0.));
#3897=DIRECTION('center_axis',(0.,1.,0.));
#3898=DIRECTION('ref_axis',(1.,0.,0.));
#3899=DIRECTION('',(0.,-1.,0.));
#3900=DIRECTION('center_axis',(0.,1.,0.));
#3901=DIRECTION('ref_axis',(-1.,0.,0.));
#3902=DIRECTION('center_axis',(0.,1.,0.));
#3903=DIRECTION('ref_axis',(-1.,0.,0.));
#3904=DIRECTION('',(0.,-1.,0.));
#3905=DIRECTION('center_axis',(0.,-1.,0.));
#3906=DIRECTION('ref_axis',(-1.,0.,0.));
#3907=DIRECTION('',(0.707106781186548,-0.707106781186547,-8.65956056235493E-17));
#3908=DIRECTION('center_axis',(0.,1.,0.));
#3909=DIRECTION('ref_axis',(1.,0.,0.));
#3910=DIRECTION('',(0.,-1.,0.));
#3911=DIRECTION('axis',(0.,0.,1.));
#3912=DIRECTION('refdir',(1.,0.,0.));
#3913=DIRECTION('center_axis',(1.55887751255032E-13,0.707106781186548,0.707106781186547));
#3914=DIRECTION('ref_axis',(1.,-1.55887751255032E-13,-6.45708207776776E-14));
#3915=DIRECTION('',(1.,-2.10469297878741E-18,-2.20456467339731E-13));
#3916=DIRECTION('',(-6.42932655077755E-14,-0.707106781186547,0.707106781186548));
#3917=DIRECTION('center_axis',(1.55887751255032E-13,0.707106781186548,0.707106781186547));
#3918=DIRECTION('ref_axis',(-6.60511181438377E-14,-0.707106781186547,0.707106781186548));
#3919=DIRECTION('',(-1.,1.25652256479414E-12,-1.03606399276143E-12));
#3920=DIRECTION('center_axis',(1.55887751255032E-13,0.707106781186548,0.707106781186547));
#3921=DIRECTION('ref_axis',(-1.,1.56411115407926E-13,6.40474566247831E-14));
#3922=DIRECTION('',(1.92200469878841E-12,0.707106781186547,-0.707106781186548));
#3923=DIRECTION('center_axis',(-1.55887751255032E-13,-0.707106781186548,
-0.707106781186547));
#3924=DIRECTION('ref_axis',(1.,-1.55887751255032E-13,-6.45708207776776E-14));
#3925=DIRECTION('center_axis',(-1.,0.,2.2045857203271E-13));
#3926=DIRECTION('ref_axis',(2.2045857203271E-13,0.,1.));
#3927=DIRECTION('',(-1.55887751255032E-13,-0.707106781186548,-0.707106781186547));
#3928=DIRECTION('center_axis',(1.,0.,-2.2045857203271E-13));
#3929=DIRECTION('ref_axis',(0.,1.,-5.55111512312578E-16));
#3930=DIRECTION('',(0.,-1.,0.));
#3931=DIRECTION('center_axis',(-1.,0.,2.2045857203271E-13));
#3932=DIRECTION('ref_axis',(1.55431223447522E-13,0.707106781186548,0.707106781186547));
#3933=DIRECTION('center_axis',(1.,0.,-2.2045857203271E-13));
#3934=DIRECTION('ref_axis',(0.,1.,0.));
#3935=DIRECTION('',(-1.,2.10469297878741E-18,2.20456467339731E-13));
#3936=DIRECTION('center_axis',(-1.,0.,2.2045857203271E-13));
#3937=DIRECTION('ref_axis',(1.55986334959834E-13,0.707106781186548,0.707106781186548));
#3938=DIRECTION('',(-1.,0.,2.20455595547354E-13));
#3939=DIRECTION('center_axis',(1.,-1.5569149004153E-13,-6.47670819911795E-14));
#3940=DIRECTION('ref_axis',(6.42932655077755E-14,0.707106781186547,-0.707106781186548));
#3941=DIRECTION('',(1.55887751255032E-13,0.707106781186548,0.707106781186547));
#3942=DIRECTION('',(6.42932655077755E-14,0.707106781186547,-0.707106781186548));
#3943=DIRECTION('',(1.55887751255032E-13,0.707106781186548,0.707106781186547));
#3944=DIRECTION('center_axis',(-1.,1.46929184200205E-12,-1.24883326996934E-12));
#3945=DIRECTION('ref_axis',(-1.92200469878841E-12,-0.707106781186547,0.707106781186548));
#3946=DIRECTION('',(1.55887751255032E-13,0.707106781186548,0.707106781186547));
#3947=DIRECTION('',(-1.92200469878841E-12,-0.707106781186547,0.707106781186548));
#3948=DIRECTION('center_axis',(0.,1.,0.));
#3949=DIRECTION('ref_axis',(1.,0.,0.));
#3950=DIRECTION('',(-2.77555269902171E-16,0.,-1.));
#3951=DIRECTION('center_axis',(0.,-1.,0.));
#3952=DIRECTION('ref_axis',(0.999999998995664,0.,4.48182071423886E-5));
#3953=DIRECTION('',(-8.59999245528883E-16,0.,1.));
#3954=DIRECTION('center_axis',(0.,1.,0.));
#3955=DIRECTION('ref_axis',(-1.,0.,-9.51619735392797E-16));
#3956=DIRECTION('',(0.707106781185234,0.,0.707106781187861));
#3957=DIRECTION('',(-0.707106781186391,0.,0.707106781186704));
#3958=DIRECTION('',(-0.707106781186548,0.,-0.707106781186547));
#3959=DIRECTION('center_axis',(0.,-1.,0.));
#3960=DIRECTION('ref_axis',(0.707138471734567,0.,-0.707075089218183));
#3961=DIRECTION('',(0.707106781186547,0.,0.707106781186548));
#3962=DIRECTION('center_axis',(0.,1.,0.));
#3963=DIRECTION('ref_axis',(-0.707106781186548,0.,0.707106781186547));
#3964=DIRECTION('',(1.,0.,1.85856542469243E-12));
#3965=DIRECTION('',(2.20298566248528E-13,0.,1.));
#3966=DIRECTION('',(-1.,0.,5.55110539804341E-16));
#3967=DIRECTION('center_axis',(0.,-1.,0.));
#3968=DIRECTION('ref_axis',(4.48182071258075E-5,0.,-0.999999998995664));
#3969=DIRECTION('',(1.,0.,9.0544160566263E-11));
#3970=DIRECTION('center_axis',(0.,1.,0.));
#3971=DIRECTION('ref_axis',(-4.44089209849972E-15,0.,1.));
#3972=DIRECTION('',(0.707106781187861,0.,-0.707106781185234));
#3973=DIRECTION('',(0.707106781186704,0.,0.707106781186391));
#3974=DIRECTION('',(-0.707106781186547,0.,0.707106781186548));
#3975=DIRECTION('center_axis',(0.,-1.,0.));
#3976=DIRECTION('ref_axis',(-0.707075089218184,0.,-0.707138471734566));
#3977=DIRECTION('',(0.707106781186548,0.,-0.707106781186547));
#3978=DIRECTION('center_axis',(0.,1.,0.));
#3979=DIRECTION('ref_axis',(0.707106781186545,0.,0.70710678118655));
#3980=DIRECTION('',(1.85686810466988E-12,0.,-1.));
#3981=DIRECTION('',(1.,0.,-2.20615970628228E-13));
#3982=DIRECTION('',(8.32665809706512E-16,0.,1.));
#3983=DIRECTION('center_axis',(0.,-1.,0.));
#3984=DIRECTION('ref_axis',(-0.999999998995664,0.,-4.48182071423886E-5));
#3985=DIRECTION('',(0.,0.,-1.));
#3986=DIRECTION('center_axis',(0.,1.,0.));
#3987=DIRECTION('ref_axis',(1.,0.,2.53765262771413E-15));
#3988=DIRECTION('',(-0.707106781185234,0.,-0.707106781187862));
#3989=DIRECTION('',(0.707106781186392,0.,-0.707106781186703));
#3990=DIRECTION('',(0.707106781186548,0.,0.707106781186547));
#3991=DIRECTION('center_axis',(0.,-1.,0.));
#3992=DIRECTION('ref_axis',(-0.707138471734565,0.,0.707075089218185));
#3993=DIRECTION('',(-0.707106781186547,0.,-0.707106781186548));
#3994=DIRECTION('center_axis',(0.,1.,0.));
#3995=DIRECTION('ref_axis',(0.707106781186551,0.,-0.707106781186544));
#3996=DIRECTION('',(-1.,0.,-1.85517078464733E-12));
#3997=DIRECTION('',(-2.2045788462958E-13,0.,-1.));
#3998=DIRECTION('',(1.,0.,-2.77555269902171E-16));
#3999=DIRECTION('center_axis',(0.,-1.,0.));
#4000=DIRECTION('ref_axis',(-4.48182071423886E-5,0.,0.999999998995664));
#4001=DIRECTION('',(-1.,0.,-8.59999245528884E-16));
#4002=DIRECTION('center_axis',(0.,1.,0.));
#4003=DIRECTION('ref_axis',(4.12368552003546E-15,0.,-1.));
#4004=DIRECTION('',(-0.707106781187861,0.,0.707106781185234));
#4005=DIRECTION('',(-0.707106781186704,0.,-0.707106781186391));
#4006=DIRECTION('',(0.707106781186547,0.,-0.707106781186548));
#4007=DIRECTION('center_axis',(0.,-1.,0.));
#4008=DIRECTION('ref_axis',(0.707075089218185,0.,0.707138471734565));
#4009=DIRECTION('',(-0.707106781186548,0.,0.707106781186547));
#4010=DIRECTION('center_axis',(0.,1.,0.));
#4011=DIRECTION('ref_axis',(-0.707106781186547,0.,-0.707106781186548));
#4012=DIRECTION('',(-1.85743387801073E-12,0.,1.));
#4013=DIRECTION('center_axis',(0.,-1.,0.));
#4014=DIRECTION('ref_axis',(1.,0.,0.));
#4015=DIRECTION('center_axis',(0.,-1.,0.));
#4016=DIRECTION('ref_axis',(1.,0.,0.));
#4017=DIRECTION('center_axis',(0.,-1.,0.));
#4018=DIRECTION('ref_axis',(1.,0.,0.));
#4019=DIRECTION('center_axis',(0.,-1.,0.));
#4020=DIRECTION('ref_axis',(1.,0.,0.));
#4021=DIRECTION('center_axis',(0.,-1.,0.));
#4022=DIRECTION('ref_axis',(1.,0.,0.));
#4023=DIRECTION('center_axis',(1.,0.,-2.77555269902171E-16));
#4024=DIRECTION('ref_axis',(-2.77555269902171E-16,0.,-1.));
#4025=DIRECTION('',(0.,1.,0.));
#4026=DIRECTION('',(2.77555269902171E-16,0.,1.));
#4027=DIRECTION('',(0.,1.,0.));
#4028=DIRECTION('center_axis',(1.,0.,-2.2045857203271E-13));
#4029=DIRECTION('ref_axis',(0.,1.,0.));
#4030=DIRECTION('',(1.,0.,-2.20455595547354E-13));
#4031=DIRECTION('center_axis',(1.,0.,-2.2045857203271E-13));
#4032=DIRECTION('ref_axis',(0.,1.,0.));
#4033=DIRECTION('center_axis',(0.50000000000011,0.707106781186548,0.499999999999889));
#4034=DIRECTION('ref_axis',(0.853553390593209,-0.50000000000011,-0.146446609406726));
#4035=DIRECTION('',(0.707106781186391,0.,-0.707106781186704));
#4036=DIRECTION('',(0.499999999999955,-0.707106781186547,0.500000000000046));
#4037=DIRECTION('center_axis',(0.50000000000011,0.707106781186548,0.499999999999889));
#4038=DIRECTION('ref_axis',(0.499999999999954,-0.707106781186547,0.500000000000047));
#4039=DIRECTION('',(-0.707106781187279,1.2552181516412E-12,0.707106781185816));
#4040=DIRECTION('center_axis',(0.50000000000011,0.707106781186548,0.499999999999889));
#4041=DIRECTION('ref_axis',(-0.707106781186502,1.56125112837889E-13,0.707106781186593));
#4042=DIRECTION('',(-0.499999999998641,0.707106781186547,-0.50000000000136));
#4043=DIRECTION('center_axis',(-0.50000000000011,-0.707106781186548,-0.499999999999889));
#4044=DIRECTION('ref_axis',(0.853553390593209,-0.50000000000011,-0.146446609406726));
#4045=DIRECTION('center_axis',(-0.707106781186391,0.,0.707106781186704));
#4046=DIRECTION('ref_axis',(0.707106781186704,0.,0.707106781186391));
#4047=DIRECTION('',(-0.50000000000011,-0.707106781186548,-0.499999999999889));
#4048=DIRECTION('center_axis',(0.707106781186391,0.,-0.707106781186704));
#4049=DIRECTION('ref_axis',(-3.33066907387547E-15,1.,-3.33066907387547E-15));
#4050=DIRECTION('',(0.,-1.,0.));
#4051=DIRECTION('center_axis',(-0.707106781186391,0.,0.707106781186704));
#4052=DIRECTION('ref_axis',(0.50000000000011,0.707106781186548,0.499999999999889));
#4053=DIRECTION('center_axis',(0.707106781186391,0.,-0.707106781186704));
#4054=DIRECTION('ref_axis',(0.,1.,0.));
#4055=DIRECTION('',(-0.707106781186391,0.,0.707106781186704));
#4056=DIRECTION('center_axis',(-0.707106781186391,0.,0.707106781186704));
#4057=DIRECTION('ref_axis',(0.50000000000011,0.707106781186548,0.499999999999889));
#4058=DIRECTION('center_axis',(0.707106781186502,-1.55875312657372E-13,
-0.707106781186594));
#4059=DIRECTION('ref_axis',(-0.499999999999955,0.707106781186547,-0.500000000000046));
#4060=DIRECTION('',(0.50000000000011,0.707106781186548,0.499999999999889));
#4061=DIRECTION('',(-0.499999999999955,0.707106781186547,-0.500000000000046));
#4062=DIRECTION('',(0.50000000000011,0.707106781186548,0.499999999999889));
#4063=DIRECTION('center_axis',(-0.707106781187431,1.46965772884755E-12,
0.707106781185665));
#4064=DIRECTION('ref_axis',(0.499999999998641,-0.707106781186547,0.50000000000136));
#4065=DIRECTION('',(0.50000000000011,0.707106781186548,0.499999999999889));
#4066=DIRECTION('',(0.499999999998641,-0.707106781186547,0.50000000000136));
#4067=DIRECTION('center_axis',(1.55887751255032E-13,0.707106781186548,0.707106781186547));
#4068=DIRECTION('ref_axis',(1.,-1.55887751255032E-13,-6.45708207776776E-14));
#4069=DIRECTION('center_axis',(1.55887751255032E-13,0.707106781186548,0.707106781186547));
#4070=DIRECTION('ref_axis',(-1.,1.56411115407926E-13,6.40474566247831E-14));
#4071=DIRECTION('',(1.,-1.25652256479414E-12,1.03606399276143E-12));
#4072=DIRECTION('center_axis',(1.55887751255032E-13,0.707106781186548,0.707106781186547));
#4073=DIRECTION('ref_axis',(-6.60511181438377E-14,-0.707106781186547,0.707106781186548));
#4074=DIRECTION('center_axis',(-1.55887751255032E-13,-0.707106781186548,
-0.707106781186547));
#4075=DIRECTION('ref_axis',(1.,-1.55887751255032E-13,-6.45708207776776E-14));
#4076=DIRECTION('center_axis',(0.707106781186547,0.,-0.707106781186548));
#4077=DIRECTION('ref_axis',(-0.707106781186548,0.,-0.707106781186547));
#4078=DIRECTION('',(0.,1.,0.));
#4079=DIRECTION('',(0.707106781186548,0.,0.707106781186547));
#4080=DIRECTION('',(0.,1.,0.));
#4081=DIRECTION('center_axis',(0.707106781186391,0.,-0.707106781186704));
#4082=DIRECTION('ref_axis',(0.,1.,0.));
#4083=DIRECTION('',(0.707106781186391,0.,-0.707106781186704));
#4084=DIRECTION('center_axis',(0.707106781186391,0.,-0.707106781186704));
#4085=DIRECTION('ref_axis',(-2.22044604925031E-15,1.,-2.22044604925031E-15));
#4086=DIRECTION('center_axis',(0.707106781186548,0.707106781186548,-1.55775601793697E-13));
#4087=DIRECTION('ref_axis',(0.707106781186548,-0.707106781186548,6.45243669497801E-14));
#4088=DIRECTION('',(-2.20298977029788E-13,-9.91713689230819E-19,-1.));
#4089=DIRECTION('',(0.707106781186548,-0.707106781186548,6.39692564099758E-14));
#4090=DIRECTION('center_axis',(0.707106781186548,0.707106781186548,-1.55775601793697E-13));
#4091=DIRECTION('ref_axis',(0.707106781186547,-0.707106781186547,6.60046643159402E-14));
#4092=DIRECTION('',(-1.03611044658932E-12,1.2564104153328E-12,1.));
#4093=DIRECTION('center_axis',(0.707106781186548,0.707106781186548,-1.55775601793697E-13));
#4094=DIRECTION('ref_axis',(6.45243669497801E-14,1.55775601793697E-13,1.));
#4095=DIRECTION('',(-0.707106781186548,0.707106781186548,-1.92308979164221E-12));
#4096=DIRECTION('center_axis',(-0.707106781186548,-0.707106781186548,1.55775601793697E-13));
#4097=DIRECTION('ref_axis',(0.707106781186547,-0.707106781186547,6.45243669497801E-14));
#4098=DIRECTION('center_axis',(2.20299968743477E-13,0.,1.));
#4099=DIRECTION('ref_axis',(1.,0.,-2.20299968743477E-13));
#4100=DIRECTION('',(-0.707106781186548,-0.707106781186548,1.55775601793697E-13));
#4101=DIRECTION('center_axis',(-2.20299968743477E-13,0.,-1.));
#4102=DIRECTION('ref_axis',(0.,1.,0.));
#4103=DIRECTION('',(0.,-1.,0.));
#4104=DIRECTION('center_axis',(2.20299968743477E-13,0.,1.));
#4105=DIRECTION('ref_axis',(0.707106781186547,0.707106781186548,-1.55431223447522E-13));
#4106=DIRECTION('center_axis',(-2.20299968743477E-13,0.,-1.));
#4107=DIRECTION('ref_axis',(0.,1.,0.));
#4108=DIRECTION('',(2.20298977029788E-13,9.91713689230819E-19,1.));
#4109=DIRECTION('center_axis',(2.20299968743477E-13,0.,1.));
#4110=DIRECTION('ref_axis',(0.707106781186548,0.707106781186548,-1.55431223447522E-13));
#4111=DIRECTION('center_axis',(-6.49168893767838E-14,-1.55383079366694E-13,
-1.));
#4112=DIRECTION('ref_axis',(-0.707106781186548,0.707106781186548,-6.39692564099758E-14));
#4113=DIRECTION('',(0.707106781186548,0.707106781186548,-1.55775601793697E-13));
#4114=DIRECTION('',(-0.707106781186548,0.707106781186548,-6.39692564099758E-14));
#4115=DIRECTION('',(0.707106781186548,0.707106781186548,-1.55775601793697E-13));
#4116=DIRECTION('center_axis',(-1.24967984812909E-12,1.46997981687257E-12,
1.));
#4117=DIRECTION('ref_axis',(0.707106781186548,-0.707106781186548,1.92308979164221E-12));
#4118=DIRECTION('',(0.707106781186548,0.707106781186548,-1.55775601793697E-13));
#4119=DIRECTION('',(0.707106781186548,-0.707106781186548,1.92308979164221E-12));
#4120=DIRECTION('center_axis',(0.50000000000011,0.707106781186548,0.499999999999889));
#4121=DIRECTION('ref_axis',(0.853553390593209,-0.50000000000011,-0.146446609406726));
#4122=DIRECTION('center_axis',(0.50000000000011,0.707106781186548,0.499999999999889));
#4123=DIRECTION('ref_axis',(-0.707106781186502,1.56125112837889E-13,0.707106781186593));
#4124=DIRECTION('',(0.707106781187279,-1.2552181516412E-12,-0.707106781185816));
#4125=DIRECTION('center_axis',(0.50000000000011,0.707106781186548,0.499999999999889));
#4126=DIRECTION('ref_axis',(0.499999999999954,-0.707106781186547,0.500000000000047));
#4127=DIRECTION('center_axis',(-0.50000000000011,-0.707106781186548,-0.499999999999889));
#4128=DIRECTION('ref_axis',(0.853553390593209,-0.50000000000011,-0.146446609406726));
#4129=DIRECTION('center_axis',(-5.55110539804341E-16,0.,-1.));
#4130=DIRECTION('ref_axis',(-1.,0.,5.55110539804341E-16));
#4131=DIRECTION('',(0.,1.,0.));
#4132=DIRECTION('',(1.,0.,-5.55110539804341E-16));
#4133=DIRECTION('',(0.,1.,0.));
#4134=DIRECTION('center_axis',(-2.20299968743477E-13,0.,-1.));
#4135=DIRECTION('ref_axis',(0.,1.,0.));
#4136=DIRECTION('',(-2.20298566248528E-13,0.,-1.));
#4137=DIRECTION('center_axis',(-2.20299968743477E-13,0.,-1.));
#4138=DIRECTION('ref_axis',(0.,1.,0.));
#4139=DIRECTION('center_axis',(-1.55999900716366E-13,0.707106781186548,
-0.707106781186548));
#4140=DIRECTION('ref_axis',(1.,1.55999900716366E-13,-6.46172746055753E-14));
#4141=DIRECTION('',(-1.,-8.51847093990713E-19,2.20616323474848E-13));
#4142=DIRECTION('',(6.37846087958688E-14,-0.707106781186548,-0.707106781186548));
#4143=DIRECTION('center_axis',(-1.55999900716366E-13,0.707106781186548,
-0.707106781186548));
#4144=DIRECTION('ref_axis',(6.60975719717354E-14,-0.707106781186547,-0.707106781186547));
#4145=DIRECTION('',(1.,1.25663471425547E-12,1.03601753893353E-12));
#4146=DIRECTION('center_axis',(-1.55999900716366E-13,0.707106781186548,
-0.707106781186548));
#4147=DIRECTION('ref_axis',(1.,1.55476536563472E-13,-6.51406387584698E-14));
#4148=DIRECTION('',(-1.92148537927545E-12,0.707106781186548,0.707106781186548));
#4149=DIRECTION('center_axis',(1.55999900716366E-13,-0.707106781186548,
0.707106781186548));
#4150=DIRECTION('ref_axis',(1.,1.55999900716366E-13,-6.46172746055753E-14));
#4151=DIRECTION('center_axis',(1.,0.,-2.20617175321942E-13));
#4152=DIRECTION('ref_axis',(-2.20617175321942E-13,0.,-1.));
#4153=DIRECTION('',(1.55999900716366E-13,-0.707106781186548,0.707106781186548));
#4154=DIRECTION('center_axis',(-1.,0.,2.20617175321942E-13));
#4155=DIRECTION('ref_axis',(0.,1.,0.));
#4156=DIRECTION('',(0.,-1.,0.));
#4157=DIRECTION('center_axis',(1.,0.,-2.20617175321942E-13));
#4158=DIRECTION('ref_axis',(-1.55431223447522E-13,0.707106781186548,-0.707106781186547));
#4159=DIRECTION('center_axis',(-1.,0.,2.20617175321942E-13));
#4160=DIRECTION('ref_axis',(0.,1.,0.));
#4161=DIRECTION('',(1.,8.51847093990713E-19,-2.20616323474848E-13));
#4162=DIRECTION('center_axis',(1.,0.,-2.20617175321942E-13));
#4163=DIRECTION('ref_axis',(-1.55986334959834E-13,0.707106781186548,-0.707106781186547));
#4164=DIRECTION('center_axis',(-1.,-1.55411117075861E-13,6.52060582460809E-14));
#4165=DIRECTION('ref_axis',(-6.37846087958688E-14,0.707106781186548,0.707106781186548));
#4166=DIRECTION('',(-1.55999900716366E-13,0.707106781186548,-0.707106781186548));
#4167=DIRECTION('',(-6.37846087958688E-14,0.707106781186548,0.707106781186548));
#4168=DIRECTION('',(-1.55999900716366E-13,0.707106781186548,-0.707106781186548));
#4169=DIRECTION('center_axis',(1.,1.46900392929745E-12,1.24838675397551E-12));
#4170=DIRECTION('ref_axis',(1.92148537927545E-12,-0.707106781186548,-0.707106781186548));
#4171=DIRECTION('',(-1.55999900716366E-13,0.707106781186548,-0.707106781186548));
#4172=DIRECTION('',(1.92148537927545E-12,-0.707106781186548,-0.707106781186548));
#4173=DIRECTION('center_axis',(0.707106781186548,0.707106781186548,-1.55775601793697E-13));
#4174=DIRECTION('ref_axis',(0.707106781186548,-0.707106781186548,6.45243669497801E-14));
#4175=DIRECTION('center_axis',(0.707106781186548,0.707106781186548,-1.55775601793697E-13));
#4176=DIRECTION('ref_axis',(6.45243669497801E-14,1.55775601793697E-13,1.));
#4177=DIRECTION('',(1.03611044658932E-12,-1.2564104153328E-12,-1.));
#4178=DIRECTION('center_axis',(0.707106781186548,0.707106781186548,-1.55775601793697E-13));
#4179=DIRECTION('ref_axis',(0.707106781186547,-0.707106781186547,6.60046643159402E-14));
#4180=DIRECTION('center_axis',(-0.707106781186548,-0.707106781186548,1.55775601793697E-13));
#4181=DIRECTION('ref_axis',(0.707106781186547,-0.707106781186547,6.45243669497801E-14));
#4182=DIRECTION('center_axis',(-1.,0.,8.32665809706512E-16));
#4183=DIRECTION('ref_axis',(8.32665809706512E-16,0.,1.));
#4184=DIRECTION('',(0.,1.,0.));
#4185=DIRECTION('',(-8.32665809706512E-16,0.,-1.));
#4186=DIRECTION('',(0.,1.,0.));
#4187=DIRECTION('center_axis',(-1.,0.,2.20617175321942E-13));
#4188=DIRECTION('ref_axis',(0.,1.,0.));
#4189=DIRECTION('',(-1.,0.,2.20615970628228E-13));
#4190=DIRECTION('center_axis',(-1.,0.,2.20617175321942E-13));
#4191=DIRECTION('ref_axis',(0.,1.,0.));
#4192=DIRECTION('center_axis',(-0.50000000000011,0.707106781186547,-0.49999999999989));
#4193=DIRECTION('ref_axis',(0.853553390593209,0.50000000000011,-0.146446609406726));
#4194=DIRECTION('',(-0.707106781186392,-2.22044604925031E-16,0.707106781186704));
#4195=DIRECTION('',(-0.499999999999954,-0.707106781186548,-0.500000000000046));
#4196=DIRECTION('center_axis',(-0.50000000000011,0.707106781186547,-0.49999999999989));
#4197=DIRECTION('ref_axis',(-0.499999999999952,-0.707106781186547,-0.500000000000047));
#4198=DIRECTION('',(0.707106781187281,1.25749410884168E-12,-0.707106781185814));
#4199=DIRECTION('center_axis',(-0.50000000000011,0.707106781186547,-0.49999999999989));
#4200=DIRECTION('ref_axis',(0.707106781186502,1.56171372130581E-13,-0.707106781186593));
#4201=DIRECTION('',(0.49999999999864,0.707106781186548,0.50000000000136));
#4202=DIRECTION('center_axis',(0.50000000000011,-0.707106781186547,0.49999999999989));
#4203=DIRECTION('ref_axis',(0.853553390593209,0.50000000000011,-0.146446609406726));
#4204=DIRECTION('center_axis',(0.707106781186392,0.,-0.707106781186704));
#4205=DIRECTION('ref_axis',(-0.707106781186704,0.,-0.707106781186392));
#4206=DIRECTION('',(0.50000000000011,-0.707106781186547,0.49999999999989));
#4207=DIRECTION('center_axis',(-0.707106781186392,0.,0.707106781186704));
#4208=DIRECTION('ref_axis',(2.22044604925031E-15,1.,2.22044604925031E-15));
#4209=DIRECTION('',(0.,-1.,0.));
#4210=DIRECTION('center_axis',(0.707106781186392,0.,-0.707106781186704));
#4211=DIRECTION('ref_axis',(-0.500000000000107,0.707106781186551,-0.499999999999887));
#4212=DIRECTION('center_axis',(-0.707106781186392,0.,0.707106781186704));
#4213=DIRECTION('ref_axis',(0.,1.,0.));
#4214=DIRECTION('',(0.707106781186392,2.22044604925031E-16,-0.707106781186704));
#4215=DIRECTION('center_axis',(0.707106781186392,0.,-0.707106781186704));
#4216=DIRECTION('ref_axis',(-0.500000000000109,0.70710678118655,-0.499999999999888));
#4217=DIRECTION('center_axis',(-0.707106781186502,-1.55930823808603E-13,
0.707106781186594));
#4218=DIRECTION('ref_axis',(0.499999999999954,0.707106781186548,0.500000000000046));
#4219=DIRECTION('',(-0.50000000000011,0.707106781186547,-0.49999999999989));
#4220=DIRECTION('',(0.499999999999954,0.707106781186548,0.500000000000046));
#4221=DIRECTION('',(-0.50000000000011,0.707106781186547,-0.49999999999989));
#4222=DIRECTION('center_axis',(0.707106781187431,1.47015732920863E-12,-0.707106781185664));
#4223=DIRECTION('ref_axis',(-0.49999999999864,-0.707106781186548,-0.50000000000136));
#4224=DIRECTION('',(-0.50000000000011,0.707106781186547,-0.49999999999989));
#4225=DIRECTION('',(-0.49999999999864,-0.707106781186548,-0.50000000000136));
#4226=DIRECTION('center_axis',(-1.55999900716366E-13,0.707106781186548,
-0.707106781186548));
#4227=DIRECTION('ref_axis',(1.,1.55999900716366E-13,-6.46172746055753E-14));
#4228=DIRECTION('center_axis',(-1.55999900716366E-13,0.707106781186548,
-0.707106781186548));
#4229=DIRECTION('ref_axis',(1.,1.55476536563472E-13,-6.51406387584698E-14));
#4230=DIRECTION('',(-1.,-1.25663471425547E-12,-1.03601753893353E-12));
#4231=DIRECTION('center_axis',(-1.55999900716366E-13,0.707106781186548,
-0.707106781186548));
#4232=DIRECTION('ref_axis',(6.60975719717354E-14,-0.707106781186547,-0.707106781186547));
#4233=DIRECTION('center_axis',(1.55999900716366E-13,-0.707106781186548,
0.707106781186548));
#4234=DIRECTION('ref_axis',(1.,1.55999900716366E-13,-6.46172746055753E-14));
#4235=DIRECTION('center_axis',(-0.707106781186547,0.,0.707106781186548));
#4236=DIRECTION('ref_axis',(0.707106781186548,0.,0.707106781186547));
#4237=DIRECTION('',(0.,1.,0.));
#4238=DIRECTION('',(-0.707106781186548,0.,-0.707106781186547));
#4239=DIRECTION('',(0.,1.,0.));
#4240=DIRECTION('center_axis',(-0.707106781186392,0.,0.707106781186704));
#4241=DIRECTION('ref_axis',(0.,1.,0.));
#4242=DIRECTION('',(-0.707106781186392,0.,0.707106781186703));
#4243=DIRECTION('center_axis',(-0.707106781186392,0.,0.707106781186704));
#4244=DIRECTION('ref_axis',(2.22044604925031E-15,1.,2.22044604925031E-15));
#4245=DIRECTION('center_axis',(-0.707106781186548,0.707106781186548,1.55887751255032E-13));
#4246=DIRECTION('ref_axis',(0.707106781186548,0.707106781186548,6.45708207776777E-14));
#4247=DIRECTION('',(2.20458085965295E-13,-4.86067414438225E-19,1.));
#4248=DIRECTION('',(-0.707106781186548,-0.707106781186548,-6.42932655077755E-14));
#4249=DIRECTION('center_axis',(-0.707106781186548,0.707106781186548,1.55887751255032E-13));
#4250=DIRECTION('ref_axis',(-0.707106781186547,-0.707106781186547,-6.60511181438378E-14));
#4251=DIRECTION('',(1.03606399276143E-12,1.25652256479414E-12,-1.));
#4252=DIRECTION('center_axis',(-0.707106781186548,0.707106781186548,1.55887751255032E-13));
#4253=DIRECTION('ref_axis',(-6.45708207776777E-14,1.55887751255032E-13,
-1.));
#4254=DIRECTION('',(0.707106781186548,0.707106781186548,1.91974160542501E-12));
#4255=DIRECTION('center_axis',(0.707106781186548,-0.707106781186548,-1.55887751255032E-13));
#4256=DIRECTION('ref_axis',(0.707106781186547,0.707106781186547,6.45708207776777E-14));
#4257=DIRECTION('center_axis',(-2.2045857203271E-13,0.,-1.));
#4258=DIRECTION('ref_axis',(-1.,0.,2.2045857203271E-13));
#4259=DIRECTION('',(0.707106781186548,-0.707106781186548,-1.55887751255032E-13));
#4260=DIRECTION('center_axis',(2.2045857203271E-13,0.,1.));
#4261=DIRECTION('ref_axis',(0.,1.,0.));
#4262=DIRECTION('',(0.,-1.,0.));
#4263=DIRECTION('center_axis',(-2.2045857203271E-13,0.,-1.));
#4264=DIRECTION('ref_axis',(-0.707106781186548,0.707106781186548,1.55431223447522E-13));
#4265=DIRECTION('center_axis',(2.2045857203271E-13,0.,1.));
#4266=DIRECTION('ref_axis',(0.,1.,0.));
#4267=DIRECTION('',(-2.20458085965295E-13,4.86067414438225E-19,-1.));
#4268=DIRECTION('center_axis',(-2.2045857203271E-13,0.,-1.));
#4269=DIRECTION('ref_axis',(-0.707106781186548,0.707106781186547,1.55986334959834E-13));
#4270=DIRECTION('center_axis',(6.47670819911796E-14,-1.5569149004153E-13,
1.));
#4271=DIRECTION('ref_axis',(0.707106781186548,0.707106781186548,6.42932655077755E-14));
#4272=DIRECTION('',(-0.707106781186548,0.707106781186548,1.55887751255032E-13));
#4273=DIRECTION('',(0.707106781186548,0.707106781186548,6.42932655077755E-14));
#4274=DIRECTION('',(-0.707106781186548,0.707106781186548,1.55887751255032E-13));
#4275=DIRECTION('center_axis',(1.24723302130562E-12,1.46769159333833E-12,
-1.));
#4276=DIRECTION('ref_axis',(-0.707106781186548,-0.707106781186548,-1.91974160542501E-12));
#4277=DIRECTION('',(-0.707106781186548,0.707106781186548,1.55887751255032E-13));
#4278=DIRECTION('',(-0.707106781186548,-0.707106781186548,-1.91974160542501E-12));
#4279=DIRECTION('center_axis',(-0.50000000000011,0.707106781186547,-0.49999999999989));
#4280=DIRECTION('ref_axis',(0.853553390593209,0.50000000000011,-0.146446609406726));
#4281=DIRECTION('center_axis',(-0.50000000000011,0.707106781186547,-0.49999999999989));
#4282=DIRECTION('ref_axis',(0.707106781186502,1.56171372130581E-13,-0.707106781186593));
#4283=DIRECTION('',(-0.707106781187281,-1.25749410884168E-12,0.707106781185814));
#4284=DIRECTION('center_axis',(-0.50000000000011,0.707106781186547,-0.49999999999989));
#4285=DIRECTION('ref_axis',(-0.499999999999952,-0.707106781186547,-0.500000000000047));
#4286=DIRECTION('center_axis',(0.50000000000011,-0.707106781186547,0.49999999999989));
#4287=DIRECTION('ref_axis',(0.853553390593209,0.50000000000011,-0.146446609406726));
#4288=DIRECTION('center_axis',(2.77555269902171E-16,0.,1.));
#4289=DIRECTION('ref_axis',(1.,0.,-2.77555269902171E-16));
#4290=DIRECTION('',(0.,1.,0.));
#4291=DIRECTION('',(-1.,0.,2.77555269902171E-16));
#4292=DIRECTION('',(0.,1.,0.));
#4293=DIRECTION('center_axis',(2.2045857203271E-13,0.,1.));
#4294=DIRECTION('ref_axis',(0.,1.,0.));
#4295=DIRECTION('',(2.2045788462958E-13,0.,1.));
#4296=DIRECTION('center_axis',(2.2045857203271E-13,0.,1.));
#4297=DIRECTION('ref_axis',(0.,1.,0.));
#4298=DIRECTION('center_axis',(-0.499999999999889,0.707106781186549,0.50000000000011));
#4299=DIRECTION('ref_axis',(0.853553390593339,0.499999999999889,0.146446609406726));
#4300=DIRECTION('',(0.707106781186704,2.22044604925031E-16,0.707106781186391));
#4301=DIRECTION('',(-0.500000000000046,-0.707106781186546,0.499999999999955));
#4302=DIRECTION('center_axis',(-0.499999999999889,0.707106781186549,0.50000000000011));
#4303=DIRECTION('ref_axis',(-0.500000000000048,-0.707106781186546,0.499999999999954));
#4304=DIRECTION('',(-0.707106781185814,1.25749410884168E-12,-0.70710678118728));
#4305=DIRECTION('center_axis',(-0.499999999999889,0.707106781186549,0.50000000000011));
#4306=DIRECTION('ref_axis',(-0.707106781186593,1.5649518717943E-13,-0.707106781186502));
#4307=DIRECTION('',(0.50000000000136,0.707106781186546,-0.499999999998642));
#4308=DIRECTION('center_axis',(0.499999999999889,-0.707106781186549,-0.50000000000011));
#4309=DIRECTION('ref_axis',(0.853553390593339,0.499999999999889,0.146446609406726));
#4310=DIRECTION('center_axis',(-0.707106781186704,0.,-0.707106781186391));
#4311=DIRECTION('ref_axis',(-0.707106781186391,0.,0.707106781186704));
#4312=DIRECTION('',(0.499999999999889,-0.707106781186549,-0.50000000000011));
#4313=DIRECTION('center_axis',(0.707106781186704,0.,0.707106781186391));
#4314=DIRECTION('ref_axis',(0.,1.,0.));
#4315=DIRECTION('',(0.,-1.,0.));
#4316=DIRECTION('center_axis',(-0.707106781186704,0.,-0.707106781186391));
#4317=DIRECTION('ref_axis',(-0.499999999999887,0.707106781186551,0.500000000000108));
#4318=DIRECTION('center_axis',(0.707106781186704,0.,0.707106781186391));
#4319=DIRECTION('ref_axis',(0.,1.,0.));
#4320=DIRECTION('',(-0.707106781186704,-2.22044604925031E-16,-0.707106781186391));
#4321=DIRECTION('center_axis',(-0.707106781186704,0.,-0.707106781186391));
#4322=DIRECTION('ref_axis',(-0.499999999999887,0.707106781186551,0.500000000000108));
#4323=DIRECTION('center_axis',(0.707106781186594,-1.55819801506141E-13,
0.707106781186501));
#4324=DIRECTION('ref_axis',(0.500000000000046,0.707106781186546,-0.499999999999956));
#4325=DIRECTION('',(-0.499999999999889,0.707106781186549,0.50000000000011));
#4326=DIRECTION('',(0.500000000000046,0.707106781186546,-0.499999999999955));
#4327=DIRECTION('',(-0.499999999999889,0.707106781186549,0.50000000000011));
#4328=DIRECTION('center_axis',(-0.707106781185665,1.46960221769632E-12,
-0.70710678118743));
#4329=DIRECTION('ref_axis',(-0.50000000000136,-0.707106781186546,0.499999999998642));
#4330=DIRECTION('',(-0.499999999999889,0.707106781186549,0.50000000000011));
#4331=DIRECTION('',(-0.50000000000136,-0.707106781186546,0.499999999998642));
#4332=DIRECTION('center_axis',(-0.707106781186548,0.707106781186548,1.55887751255032E-13));
#4333=DIRECTION('ref_axis',(0.707106781186548,0.707106781186548,6.45708207776777E-14));
#4334=DIRECTION('center_axis',(-0.707106781186548,0.707106781186548,1.55887751255032E-13));
#4335=DIRECTION('ref_axis',(-6.45708207776777E-14,1.55887751255032E-13,
-1.));
#4336=DIRECTION('',(-1.03606399276143E-12,-1.25652256479414E-12,1.));
#4337=DIRECTION('center_axis',(-0.707106781186548,0.707106781186548,1.55887751255032E-13));
#4338=DIRECTION('ref_axis',(-0.707106781186547,-0.707106781186547,-6.60511181438378E-14));
#4339=DIRECTION('center_axis',(0.707106781186548,-0.707106781186548,-1.55887751255032E-13));
#4340=DIRECTION('ref_axis',(0.707106781186547,0.707106781186547,6.45708207776777E-14));
#4341=DIRECTION('center_axis',(0.707106781186548,0.,0.707106781186547));
#4342=DIRECTION('ref_axis',(0.707106781186547,0.,-0.707106781186548));
#4343=DIRECTION('',(0.,1.,0.));
#4344=DIRECTION('',(-0.707106781186547,0.,0.707106781186548));
#4345=DIRECTION('',(0.,1.,0.));
#4346=DIRECTION('center_axis',(0.707106781186704,0.,0.707106781186391));
#4347=DIRECTION('ref_axis',(0.,1.,0.));
#4348=DIRECTION('',(0.707106781186704,0.,0.707106781186391));
#4349=DIRECTION('center_axis',(0.707106781186704,0.,0.707106781186391));
#4350=DIRECTION('ref_axis',(0.,1.,0.));
#4351=DIRECTION('center_axis',(-0.707106781186594,-1.56041846111066E-13,
-0.707106781186502));
#4352=DIRECTION('ref_axis',(-0.500000000000045,0.707106781186548,0.499999999999954));
#4353=DIRECTION('',(0.49999999999989,0.707106781186547,-0.500000000000111));
#4354=DIRECTION('',(-0.500000000000045,0.707106781186548,0.499999999999954));
#4355=DIRECTION('',(0.49999999999989,0.707106781186547,-0.500000000000111));
#4356=DIRECTION('',(0.500000000000045,-0.707106781186548,-0.499999999999954));
#4357=DIRECTION('center_axis',(-0.707106781186704,0.,-0.707106781186391));
#4358=DIRECTION('ref_axis',(0.,1.,0.));
#4359=DIRECTION('',(-0.707106781186704,0.,-0.707106781186391));
#4360=DIRECTION('center_axis',(0.707106781186704,0.,0.707106781186391));
#4361=DIRECTION('ref_axis',(0.499999999999889,0.707106781186547,-0.500000000000111));
#4362=DIRECTION('',(-0.707106781186704,0.,-0.707106781186391));
#4363=DIRECTION('center_axis',(-0.707106781186704,0.,-0.707106781186391));
#4364=DIRECTION('ref_axis',(-2.22044604925031E-15,1.,2.77555756156289E-15));
#4365=DIRECTION('center_axis',(0.707106781186704,0.,0.707106781186391));
#4366=DIRECTION('ref_axis',(0.707106781186391,0.,-0.707106781186704));
#4367=DIRECTION('',(-0.49999999999989,-0.707106781186547,0.500000000000111));
#4368=DIRECTION('center_axis',(-0.707106781186704,0.,-0.707106781186391));
#4369=DIRECTION('ref_axis',(-3.33066907387547E-15,1.,3.33066907387547E-15));
#4370=DIRECTION('',(0.,-1.,0.));
#4371=DIRECTION('center_axis',(0.49999999999989,0.707106781186547,-0.500000000000111));
#4372=DIRECTION('ref_axis',(0.853553390593338,-0.499999999999889,0.146446609406726));
#4373=DIRECTION('',(0.707106781186704,0.,0.707106781186391));
#4374=DIRECTION('',(0.500000000001359,-0.707106781186548,-0.499999999998641));
#4375=DIRECTION('center_axis',(0.49999999999989,0.707106781186547,-0.500000000000111));
#4376=DIRECTION('ref_axis',(0.707106781186593,1.56680224350201E-13,0.707106781186502));
#4377=DIRECTION('',(-0.707106781185813,-1.25988108834463E-12,-0.707106781187282));
#4378=DIRECTION('center_axis',(0.49999999999989,0.707106781186547,-0.500000000000111));
#4379=DIRECTION('ref_axis',(0.500000000000047,-0.707106781186548,-0.499999999999953));
#4380=DIRECTION('center_axis',(-0.49999999999989,-0.707106781186547,0.500000000000111));
#4381=DIRECTION('ref_axis',(0.853553390593338,-0.499999999999889,0.146446609406726));
#4382=DIRECTION('center_axis',(0.49999999999989,0.707106781186547,-0.500000000000111));
#4383=DIRECTION('ref_axis',(0.853553390593338,-0.499999999999889,0.146446609406726));
#4384=DIRECTION('center_axis',(0.49999999999989,0.707106781186547,-0.500000000000111));
#4385=DIRECTION('ref_axis',(0.500000000000047,-0.707106781186548,-0.499999999999953));
#4386=DIRECTION('',(0.707106781185813,1.25988108834463E-12,0.707106781187282));
#4387=DIRECTION('center_axis',(0.49999999999989,0.707106781186547,-0.500000000000111));
#4388=DIRECTION('ref_axis',(0.707106781186593,1.56680224350201E-13,0.707106781186502));
#4389=DIRECTION('',(-0.500000000001359,0.707106781186548,0.499999999998641));
#4390=DIRECTION('center_axis',(-0.49999999999989,-0.707106781186547,0.500000000000111));
#4391=DIRECTION('ref_axis',(0.853553390593338,-0.499999999999889,0.146446609406726));
#4392=DIRECTION('center_axis',(0.707106781185234,0.,0.707106781187861));
#4393=DIRECTION('ref_axis',(0.707106781187861,0.,-0.707106781185234));
#4394=DIRECTION('',(0.,1.,0.));
#4395=DIRECTION('',(-0.707106781187861,0.,0.707106781185234));
#4396=DIRECTION('center_axis',(-0.499999999999889,0.707106781186549,0.50000000000011));
#4397=DIRECTION('ref_axis',(0.853553390593339,0.499999999999889,0.146446609406726));
#4398=DIRECTION('center_axis',(-0.499999999999889,0.707106781186549,0.50000000000011));
#4399=DIRECTION('ref_axis',(-0.707106781186593,1.5649518717943E-13,-0.707106781186502));
#4400=DIRECTION('',(0.707106781185814,-1.25749410884168E-12,0.70710678118728));
#4401=DIRECTION('center_axis',(-0.499999999999889,0.707106781186549,0.50000000000011));
#4402=DIRECTION('ref_axis',(-0.500000000000048,-0.707106781186546,0.499999999999954));
#4403=DIRECTION('center_axis',(0.499999999999889,-0.707106781186549,-0.50000000000011));
#4404=DIRECTION('ref_axis',(0.853553390593339,0.499999999999889,0.146446609406726));
#4405=DIRECTION('center_axis',(-0.707106781186704,0.,-0.707106781186391));
#4406=DIRECTION('ref_axis',(-0.707106781186391,0.,0.707106781186704));
#4407=DIRECTION('',(0.,1.,0.));
#4408=DIRECTION('center_axis',(0.707106781186704,0.,0.707106781186391));
#4409=DIRECTION('ref_axis',(0.49999999999989,0.707106781186547,-0.500000000000111));
#4410=DIRECTION('center_axis',(-0.499999999999889,0.707106781186549,0.50000000000011));
#4411=DIRECTION('ref_axis',(0.853553390593339,0.499999999999889,0.146446609406726));
#4412=DIRECTION('',(0.499999999999889,-0.707106781186549,-0.50000000000011));
#4413=DIRECTION('center_axis',(0.,1.,0.));
#4414=DIRECTION('ref_axis',(1.,0.,0.));
#4415=DIRECTION('',(0.,-1.,0.));
#4416=DIRECTION('center_axis',(0.,-1.,0.));
#4417=DIRECTION('ref_axis',(1.,0.,0.));
#4418=DIRECTION('center_axis',(0.,1.,0.));
#4419=DIRECTION('ref_axis',(1.,0.,0.));
#4420=DIRECTION('',(0.,-1.,0.));
#4421=DIRECTION('center_axis',(0.,-1.,0.));
#4422=DIRECTION('ref_axis',(1.,0.,0.));
#4423=DIRECTION('center_axis',(-1.55999900716366E-13,0.707106781186548,
-0.707106781186548));
#4424=DIRECTION('ref_axis',(1.,1.55999900716366E-13,-6.46172746055753E-14));
#4425=DIRECTION('',(1.55999900716366E-13,-0.707106781186548,0.707106781186548));
#4426=DIRECTION('center_axis',(0.,1.,0.));
#4427=DIRECTION('ref_axis',(1.,0.,0.));
#4428=DIRECTION('',(0.,-1.,0.));
#4429=DIRECTION('center_axis',(0.,-1.,0.));
#4430=DIRECTION('ref_axis',(1.,0.,0.));
#4431=DIRECTION('center_axis',(-0.50000000000011,0.707106781186547,-0.49999999999989));
#4432=DIRECTION('ref_axis',(0.853553390593209,0.50000000000011,-0.146446609406726));
#4433=DIRECTION('',(0.50000000000011,-0.707106781186547,0.49999999999989));
#4434=DIRECTION('center_axis',(0.,1.,0.));
#4435=DIRECTION('ref_axis',(1.,0.,0.));
#4436=DIRECTION('',(0.,-1.,0.));
#4437=DIRECTION('center_axis',(0.,-1.,0.));
#4438=DIRECTION('ref_axis',(1.,0.,0.));
#4439=DIRECTION('center_axis',(1.55887751255032E-13,0.707106781186548,0.707106781186547));
#4440=DIRECTION('ref_axis',(1.,-1.55887751255032E-13,-6.45708207776776E-14));
#4441=DIRECTION('',(-1.55887751255032E-13,-0.707106781186548,-0.707106781186547));
#4442=DIRECTION('center_axis',(0.,1.,0.));
#4443=DIRECTION('ref_axis',(1.,0.,0.));
#4444=DIRECTION('',(0.,-1.,0.));
#4445=DIRECTION('center_axis',(0.,-1.,0.));
#4446=DIRECTION('ref_axis',(1.,0.,0.));
#4447=DIRECTION('center_axis',(-0.707106781186548,0.707106781186548,1.55887751255032E-13));
#4448=DIRECTION('ref_axis',(0.707106781186547,0.707106781186547,6.45708207776777E-14));
#4449=DIRECTION('',(0.707106781186547,-0.707106781186547,-1.55887751255032E-13));
#4450=DIRECTION('center_axis',(0.49999999999989,0.707106781186547,-0.500000000000111));
#4451=DIRECTION('ref_axis',(0.853553390593338,-0.499999999999889,0.146446609406726));
#4452=DIRECTION('',(-0.49999999999989,-0.707106781186547,0.500000000000111));
#4453=DIRECTION('center_axis',(0.50000000000011,0.707106781186548,0.499999999999889));
#4454=DIRECTION('ref_axis',(0.853553390593209,-0.50000000000011,-0.146446609406726));
#4455=DIRECTION('',(-0.50000000000011,-0.707106781186548,-0.499999999999889));
#4456=DIRECTION('center_axis',(0.707106781186548,0.707106781186548,-1.55775601793697E-13));
#4457=DIRECTION('ref_axis',(0.707106781186547,-0.707106781186547,6.45243669497801E-14));
#4458=DIRECTION('',(-0.707106781186547,-0.707106781186547,1.55775601793697E-13));
#4459=DIRECTION('center_axis',(-0.707106781187861,0.,0.707106781185234));
#4460=DIRECTION('ref_axis',(0.707106781185234,0.,0.707106781187861));
#4461=DIRECTION('',(0.,1.,0.));
#4462=DIRECTION('',(-0.707106781185234,0.,-0.707106781187861));
#4463=DIRECTION('center_axis',(0.,1.,0.));
#4464=DIRECTION('ref_axis',(-1.,0.,-9.51619735392797E-16));
#4465=DIRECTION('center_axis',(0.,1.,0.));
#4466=DIRECTION('ref_axis',(-1.,0.,-9.51619735392797E-16));
#4467=DIRECTION('',(0.,1.,0.));
#4468=DIRECTION('center_axis',(-1.,0.,-8.59999245528883E-16));
#4469=DIRECTION('ref_axis',(-8.59999245528883E-16,0.,1.));
#4470=DIRECTION('',(8.59999245528883E-16,0.,-1.));
#4471=DIRECTION('',(0.,1.,0.));
#4472=DIRECTION('center_axis',(0.,1.,0.));
#4473=DIRECTION('ref_axis',(2.94167811417926E-5,0.,-0.999999999567327));
#4474=DIRECTION('center_axis',(0.,1.,0.));
#4475=DIRECTION('ref_axis',(0.999999998995664,0.,4.48182071423886E-5));
#4476=DIRECTION('center_axis',(1.,0.,-2.2045857203271E-13));
#4477=DIRECTION('ref_axis',(-2.2045857203271E-13,0.,-1.));
#4478=DIRECTION('center_axis',(1.55887751255032E-13,0.707106781186548,0.707106781186547));
#4479=DIRECTION('ref_axis',(-6.60511181438377E-14,-0.707106781186547,0.707106781186548));
#4480=DIRECTION('',(1.55887751255032E-13,0.707106781186548,0.707106781186547));
#4481=DIRECTION('center_axis',(-1.62110350130466E-12,-0.707106781186547,
0.707106781186548));
#4482=DIRECTION('ref_axis',(1.,-1.25652256479414E-12,1.03606399276143E-12));
#4483=DIRECTION('',(1.55887751255032E-13,0.707106781186548,0.707106781186547));
#4484=DIRECTION('center_axis',(1.55887751255032E-13,0.707106781186548,0.707106781186547));
#4485=DIRECTION('ref_axis',(-1.,1.56411115407926E-13,6.40474566247831E-14));
#4486=DIRECTION('center_axis',(-1.,0.,-1.85743387801073E-12));
#4487=DIRECTION('ref_axis',(-1.85743387801073E-12,0.,1.));
#4488=DIRECTION('',(0.,1.,0.));
#4489=DIRECTION('',(1.85743387801073E-12,0.,-1.));
#4490=DIRECTION('center_axis',(0.,1.,0.));
#4491=DIRECTION('ref_axis',(-0.707106781186547,0.,-0.707106781186548));
#4492=DIRECTION('center_axis',(0.,1.,0.));
#4493=DIRECTION('ref_axis',(-0.707106781186547,0.,-0.707106781186548));
#4494=DIRECTION('',(0.,1.,0.));
#4495=DIRECTION('center_axis',(-0.707106781186547,0.,-0.707106781186548));
#4496=DIRECTION('ref_axis',(-0.707106781186548,0.,0.707106781186547));
#4497=DIRECTION('',(0.707106781186548,0.,-0.707106781186547));
#4498=DIRECTION('',(0.,1.,0.));
#4499=DIRECTION('center_axis',(0.,1.,0.));
#4500=DIRECTION('ref_axis',(0.707127581686027,0.,-0.707085980075175));
#4501=DIRECTION('center_axis',(0.,1.,0.));
#4502=DIRECTION('ref_axis',(0.707075089218185,0.,0.707138471734565));
#4503=DIRECTION('center_axis',(0.707106781186704,0.,0.707106781186391));
#4504=DIRECTION('ref_axis',(0.707106781186391,0.,-0.707106781186704));
#4505=DIRECTION('center_axis',(-0.499999999999889,0.707106781186549,0.50000000000011));
#4506=DIRECTION('ref_axis',(-0.500000000000048,-0.707106781186546,0.499999999999954));
#4507=DIRECTION('',(-0.499999999999889,0.707106781186549,0.50000000000011));
#4508=DIRECTION('center_axis',(-0.500000000001148,-0.707106781186546,0.499999999998854));
#4509=DIRECTION('ref_axis',(0.707106781185815,-1.25749410884168E-12,0.70710678118728));
#4510=DIRECTION('',(-0.499999999999889,0.707106781186549,0.50000000000011));
#4511=DIRECTION('center_axis',(-0.499999999999889,0.707106781186549,0.50000000000011));
#4512=DIRECTION('ref_axis',(-0.707106781186593,1.5649518717943E-13,-0.707106781186502));
#4513=DIRECTION('center_axis',(-0.707106781185234,0.,-0.707106781187861));
#4514=DIRECTION('ref_axis',(-0.707106781187861,0.,0.707106781185234));
#4515=DIRECTION('',(0.,1.,0.));
#4516=DIRECTION('',(0.707106781187861,0.,-0.707106781185234));
#4517=DIRECTION('center_axis',(0.,1.,0.));
#4518=DIRECTION('ref_axis',(4.12368552003546E-15,0.,-1.));
#4519=DIRECTION('center_axis',(0.,1.,0.));
#4520=DIRECTION('ref_axis',(4.12368552003546E-15,0.,-1.));
#4521=DIRECTION('',(0.,1.,0.));
#4522=DIRECTION('center_axis',(8.59999245528884E-16,0.,-1.));
#4523=DIRECTION('ref_axis',(-1.,0.,-8.59999245528884E-16));
#4524=DIRECTION('',(1.,0.,8.59999245528884E-16));
#4525=DIRECTION('',(0.,1.,0.));
#4526=DIRECTION('center_axis',(0.,1.,0.));
#4527=DIRECTION('ref_axis',(0.999999999567327,0.,2.94167811417926E-5));
#4528=DIRECTION('center_axis',(0.,1.,0.));
#4529=DIRECTION('ref_axis',(-4.48182071423886E-5,0.,0.999999998995664));
#4530=DIRECTION('center_axis',(2.2045857203271E-13,0.,1.));
#4531=DIRECTION('ref_axis',(1.,0.,-2.2045857203271E-13));
#4532=DIRECTION('center_axis',(-0.707106781186548,0.707106781186548,1.55887751255032E-13));
#4533=DIRECTION('ref_axis',(-0.707106781186547,-0.707106781186547,-6.60511181438378E-14));
#4534=DIRECTION('',(-0.707106781186548,0.707106781186548,1.55887751255032E-13));
#4535=DIRECTION('center_axis',(-0.707106781186548,-0.707106781186548,-1.62110350130466E-12));
#4536=DIRECTION('ref_axis',(-1.03606399276143E-12,-1.25652256479414E-12,
1.));
#4537=DIRECTION('',(-0.707106781186548,0.707106781186548,1.55887751255032E-13));
#4538=DIRECTION('center_axis',(-0.707106781186548,0.707106781186548,1.55887751255032E-13));
#4539=DIRECTION('ref_axis',(-6.45708207776777E-14,1.55887751255032E-13,
-1.));
#4540=DIRECTION('center_axis',(1.85517078464733E-12,0.,-1.));
#4541=DIRECTION('ref_axis',(-1.,0.,-1.85517078464733E-12));
#4542=DIRECTION('',(0.,1.,0.));
#4543=DIRECTION('',(1.,0.,1.85517078464733E-12));
#4544=DIRECTION('center_axis',(0.,1.,0.));
#4545=DIRECTION('ref_axis',(0.707106781186551,0.,-0.707106781186544));
#4546=DIRECTION('center_axis',(0.,1.,0.));
#4547=DIRECTION('ref_axis',(0.707106781186551,0.,-0.707106781186544));
#4548=DIRECTION('',(0.,1.,0.));
#4549=DIRECTION('center_axis',(0.707106781186548,0.,-0.707106781186547));
#4550=DIRECTION('ref_axis',(-0.707106781186547,0.,-0.707106781186548));
#4551=DIRECTION('',(0.707106781186547,0.,0.707106781186548));
#4552=DIRECTION('',(0.,1.,0.));
#4553=DIRECTION('center_axis',(0.,1.,0.));
#4554=DIRECTION('ref_axis',(0.70708598007645,0.,0.707127581684753));
#4555=DIRECTION('center_axis',(0.,1.,0.));
#4556=DIRECTION('ref_axis',(-0.707138471734565,0.,0.707075089218185));
#4557=DIRECTION('center_axis',(-0.707106781186392,0.,0.707106781186704));
#4558=DIRECTION('ref_axis',(0.707106781186704,0.,0.707106781186392));
#4559=DIRECTION('center_axis',(-0.50000000000011,0.707106781186547,-0.49999999999989));
#4560=DIRECTION('ref_axis',(-0.499999999999952,-0.707106781186547,-0.500000000000047));
#4561=DIRECTION('',(-0.50000000000011,0.707106781186547,-0.49999999999989));
#4562=DIRECTION('center_axis',(-0.499999999998853,-0.707106781186548,-0.500000000001147));
#4563=DIRECTION('ref_axis',(-0.70710678118728,-1.25749410884168E-12,0.707106781185814));
#4564=DIRECTION('',(-0.50000000000011,0.707106781186547,-0.49999999999989));
#4565=DIRECTION('center_axis',(-0.50000000000011,0.707106781186547,-0.49999999999989));
#4566=DIRECTION('ref_axis',(0.707106781186502,1.56171372130581E-13,-0.707106781186593));
#4567=DIRECTION('center_axis',(0.707106781187862,0.,-0.707106781185234));
#4568=DIRECTION('ref_axis',(-0.707106781185234,0.,-0.707106781187862));
#4569=DIRECTION('',(0.,1.,0.));
#4570=DIRECTION('',(0.707106781185234,0.,0.707106781187862));
#4571=DIRECTION('center_axis',(0.,1.,0.));
#4572=DIRECTION('ref_axis',(1.,0.,2.53765262771413E-15));
#4573=DIRECTION('center_axis',(0.,1.,0.));
#4574=DIRECTION('ref_axis',(1.,0.,2.53765262771413E-15));
#4575=DIRECTION('',(0.,1.,0.));
#4576=DIRECTION('center_axis',(1.,0.,0.));
#4577=DIRECTION('ref_axis',(0.,0.,-1.));
#4578=DIRECTION('',(0.,0.,1.));
#4579=DIRECTION('',(0.,1.,0.));
#4580=DIRECTION('center_axis',(0.,1.,0.));
#4581=DIRECTION('ref_axis',(-2.94167811417926E-5,0.,0.999999999567327));
#4582=DIRECTION('center_axis',(0.,1.,0.));
#4583=DIRECTION('ref_axis',(-0.999999998995664,0.,-4.48182071423886E-5));
#4584=DIRECTION('center_axis',(-1.,0.,2.20617175321942E-13));
#4585=DIRECTION('ref_axis',(2.20617175321942E-13,0.,1.));
#4586=DIRECTION('center_axis',(-1.55999900716366E-13,0.707106781186548,
-0.707106781186548));
#4587=DIRECTION('ref_axis',(6.60975719717354E-14,-0.707106781186547,-0.707106781186547));
#4588=DIRECTION('',(-1.55999900716366E-13,0.707106781186548,-0.707106781186548));
#4589=DIRECTION('center_axis',(1.62114995513256E-12,-0.707106781186548,
-0.707106781186548));
#4590=DIRECTION('ref_axis',(-1.,-1.25663471425547E-12,-1.03601753893353E-12));
#4591=DIRECTION('',(-1.55999900716366E-13,0.707106781186548,-0.707106781186548));
#4592=DIRECTION('center_axis',(-1.55999900716366E-13,0.707106781186548,
-0.707106781186548));
#4593=DIRECTION('ref_axis',(1.,1.55476536563472E-13,-6.51406387584698E-14));
#4594=DIRECTION('center_axis',(1.,0.,1.85686810466988E-12));
#4595=DIRECTION('ref_axis',(1.85686810466988E-12,0.,-1.));
#4596=DIRECTION('',(0.,1.,0.));
#4597=DIRECTION('',(-1.85686810466988E-12,0.,1.));
#4598=DIRECTION('center_axis',(0.,1.,0.));
#4599=DIRECTION('ref_axis',(0.707106781186545,0.,0.70710678118655));
#4600=DIRECTION('center_axis',(0.,1.,0.));
#4601=DIRECTION('ref_axis',(0.707106781186545,0.,0.70710678118655));
#4602=DIRECTION('',(0.,1.,0.));
#4603=DIRECTION('center_axis',(0.707106781186547,0.,0.707106781186548));
#4604=DIRECTION('ref_axis',(0.707106781186548,0.,-0.707106781186547));
#4605=DIRECTION('',(-0.707106781186548,0.,0.707106781186547));
#4606=DIRECTION('',(0.,1.,0.));
#4607=DIRECTION('center_axis',(0.,1.,0.));
#4608=DIRECTION('ref_axis',(-0.70712758168692,0.,0.707085980074283));
#4609=DIRECTION('center_axis',(0.,1.,0.));
#4610=DIRECTION('ref_axis',(-0.707075089218184,0.,-0.707138471734566));
#4611=DIRECTION('',(0.,1.,0.));
#4612=DIRECTION('center_axis',(-0.707106781186548,0.,-0.707106781186547));
#4613=DIRECTION('ref_axis',(-0.707106781186547,0.,0.707106781186548));
#4614=DIRECTION('',(0.707106781186547,0.,-0.707106781186548));
#4615=DIRECTION('center_axis',(0.49999999999989,0.707106781186547,-0.500000000000111));
#4616=DIRECTION('ref_axis',(0.500000000000047,-0.707106781186548,-0.499999999999953));
#4617=DIRECTION('',(0.49999999999989,0.707106781186547,-0.500000000000111));
#4618=DIRECTION('center_axis',(0.500000000001149,-0.707106781186548,-0.499999999998851));
#4619=DIRECTION('ref_axis',(-0.707106781185813,-1.25988108834463E-12,-0.707106781187282));
#4620=DIRECTION('',(0.49999999999989,0.707106781186547,-0.500000000000111));
#4621=DIRECTION('center_axis',(0.49999999999989,0.707106781186547,-0.500000000000111));
#4622=DIRECTION('ref_axis',(0.707106781186593,1.56680224350201E-13,0.707106781186502));
#4623=DIRECTION('',(0.49999999999989,0.707106781186547,-0.500000000000111));
#4624=DIRECTION('center_axis',(0.707106781185665,1.46949119539386E-12,0.70710678118743));
#4625=DIRECTION('ref_axis',(0.500000000001359,-0.707106781186548,-0.499999999998641));
#4626=DIRECTION('center_axis',(0.,1.,0.));
#4627=DIRECTION('ref_axis',(-4.44089209849972E-15,0.,1.));
#4628=DIRECTION('center_axis',(0.,1.,0.));
#4629=DIRECTION('ref_axis',(-4.44089209849972E-15,0.,1.));
#4630=DIRECTION('',(0.,1.,0.));
#4631=DIRECTION('center_axis',(-9.0544160566263E-11,0.,1.));
#4632=DIRECTION('ref_axis',(1.,0.,9.0544160566263E-11));
#4633=DIRECTION('',(-1.,0.,-9.0544160566263E-11));
#4634=DIRECTION('',(0.,1.,0.));
#4635=DIRECTION('center_axis',(0.,1.,0.));
#4636=DIRECTION('ref_axis',(-0.999999999567327,0.,-2.94167847296615E-5));
#4637=DIRECTION('center_axis',(0.,1.,0.));
#4638=DIRECTION('ref_axis',(4.48182071258075E-5,0.,-0.999999998995664));
#4639=DIRECTION('center_axis',(-2.20299968743477E-13,0.,-1.));
#4640=DIRECTION('ref_axis',(-1.,0.,2.20299968743477E-13));
#4641=DIRECTION('center_axis',(0.707106781186548,0.707106781186548,-1.55775601793697E-13));
#4642=DIRECTION('ref_axis',(0.707106781186547,-0.707106781186547,6.60046643159402E-14));
#4643=DIRECTION('',(0.707106781186548,0.707106781186548,-1.55775601793697E-13));
#4644=DIRECTION('center_axis',(0.707106781186548,-0.707106781186548,1.62105704747676E-12));
#4645=DIRECTION('ref_axis',(1.03611044658932E-12,-1.2564104153328E-12,-1.));
#4646=DIRECTION('',(0.707106781186548,0.707106781186548,-1.55775601793697E-13));
#4647=DIRECTION('center_axis',(0.707106781186548,0.707106781186548,-1.55775601793697E-13));
#4648=DIRECTION('ref_axis',(6.45243669497801E-14,1.55775601793697E-13,1.));
#4649=DIRECTION('center_axis',(-1.85856542469243E-12,0.,1.));
#4650=DIRECTION('ref_axis',(1.,0.,1.85856542469243E-12));
#4651=DIRECTION('',(0.,1.,0.));
#4652=DIRECTION('',(-1.,0.,-1.85856542469243E-12));
#4653=DIRECTION('center_axis',(0.,1.,0.));
#4654=DIRECTION('ref_axis',(-0.707106781186548,0.,0.707106781186547));
#4655=DIRECTION('center_axis',(0.,1.,0.));
#4656=DIRECTION('ref_axis',(-0.707106781186548,0.,0.707106781186547));
#4657=DIRECTION('',(0.,1.,0.));
#4658=DIRECTION('center_axis',(-0.707106781186548,0.,0.707106781186547));
#4659=DIRECTION('ref_axis',(0.707106781186547,0.,0.707106781186548));
#4660=DIRECTION('',(-0.707106781186547,0.,-0.707106781186548));
#4661=DIRECTION('',(0.,1.,0.));
#4662=DIRECTION('center_axis',(0.,1.,0.));
#4663=DIRECTION('ref_axis',(-0.707085980074283,0.,-0.70712758168692));
#4664=DIRECTION('center_axis',(0.,1.,0.));
#4665=DIRECTION('ref_axis',(0.707138471734567,0.,-0.707075089218183));
#4666=DIRECTION('center_axis',(0.707106781186391,0.,-0.707106781186704));
#4667=DIRECTION('ref_axis',(-0.707106781186704,0.,-0.707106781186391));
#4668=DIRECTION('center_axis',(0.50000000000011,0.707106781186548,0.499999999999889));
#4669=DIRECTION('ref_axis',(0.499999999999954,-0.707106781186547,0.500000000000047));
#4670=DIRECTION('',(0.50000000000011,0.707106781186548,0.499999999999889));
#4671=DIRECTION('center_axis',(0.499999999998856,-0.707106781186547,0.500000000001145));
#4672=DIRECTION('ref_axis',(0.707106781187279,-1.2552181516412E-12,-0.707106781185816));
#4673=DIRECTION('',(0.50000000000011,0.707106781186548,0.499999999999889));
#4674=DIRECTION('center_axis',(0.50000000000011,0.707106781186548,0.499999999999889));
#4675=DIRECTION('ref_axis',(-0.707106781186502,1.56125112837889E-13,0.707106781186593));
#4676=DIRECTION('center_axis',(-0.707106781186704,0.,-0.707106781186391));
#4677=DIRECTION('ref_axis',(0.,1.,0.));
#4678=DIRECTION('center_axis',(0.,1.,0.));
#4679=DIRECTION('ref_axis',(1.,0.,0.));
#4680=DIRECTION('axis',(0.,0.,1.));
#4681=DIRECTION('refdir',(1.,0.,0.));
#4682=DIRECTION('center_axis',(0.,1.,-4.17698616699408E-16));
#4683=DIRECTION('ref_axis',(-1.,0.,0.));
#4684=DIRECTION('center_axis',(-1.,0.,0.));
#4685=DIRECTION('ref_axis',(0.,0.,1.));
#4686=DIRECTION('center_axis',(-1.,0.,0.));
#4687=DIRECTION('ref_axis',(0.,0.,1.));
#4688=DIRECTION('center_axis',(-1.,0.,0.));
#4689=DIRECTION('ref_axis',(0.,0.,1.));
#4690=DIRECTION('center_axis',(0.,1.,-6.26547925049111E-16));
#4691=DIRECTION('ref_axis',(0.0807777815003407,6.2450045135165E-16,0.996732135538873));
#4692=DIRECTION('center_axis',(1.,0.,0.));
#4693=DIRECTION('ref_axis',(0.,0.,-1.));
#4694=DIRECTION('center_axis',(-1.,0.,0.));
#4695=DIRECTION('ref_axis',(0.,0.,1.));
#4696=DIRECTION('center_axis',(1.,0.,0.));
#4697=DIRECTION('ref_axis',(0.,0.,-1.));
#4698=DIRECTION('center_axis',(-1.,0.,0.));
#4699=DIRECTION('ref_axis',(0.,0.,1.));
#4700=DIRECTION('center_axis',(-1.,0.,0.));
#4701=DIRECTION('ref_axis',(0.,0.,1.));
#4702=DIRECTION('center_axis',(-1.,0.,0.));
#4703=DIRECTION('ref_axis',(0.,0.,1.));
#4704=DIRECTION('',(1.,0.,0.));
#4705=DIRECTION('center_axis',(-1.,0.,0.));
#4706=DIRECTION('ref_axis',(0.,0.,1.));
#4707=DIRECTION('',(1.,0.,0.));
#4708=DIRECTION('center_axis',(-1.,0.,0.));
#4709=DIRECTION('ref_axis',(0.,0.,1.));
#4710=DIRECTION('center_axis',(-1.,0.,0.));
#4711=DIRECTION('ref_axis',(0.,0.,1.));
#4712=DIRECTION('center_axis',(-1.,0.,0.));
#4713=DIRECTION('ref_axis',(0.,0.,1.));
#4714=DIRECTION('center_axis',(-1.,0.,0.));
#4715=DIRECTION('ref_axis',(0.,0.,1.));
#4716=DIRECTION('',(1.,0.,0.));
#4717=DIRECTION('axis',(0.,0.,1.));
#4718=DIRECTION('refdir',(1.,0.,0.));
#4719=DIRECTION('center_axis',(0.,-1.,0.));
#4720=DIRECTION('ref_axis',(1.,0.,0.));
#4721=DIRECTION('center_axis',(0.,-1.,0.));
#4722=DIRECTION('ref_axis',(1.,0.,0.));
#4723=DIRECTION('center_axis',(0.,1.,0.));
#4724=DIRECTION('ref_axis',(1.,0.,0.));
#4725=DIRECTION('center_axis',(0.,1.,0.));
#4726=DIRECTION('ref_axis',(1.,0.,0.));
#4727=DIRECTION('',(0.,1.,0.));
#4728=DIRECTION('center_axis',(0.,-1.,0.));
#4729=DIRECTION('ref_axis',(1.,0.,0.));
#4730=DIRECTION('center_axis',(0.,-1.,0.));
#4731=DIRECTION('ref_axis',(1.,0.,0.));
#4732=DIRECTION('',(0.,1.,0.));
#4733=DIRECTION('center_axis',(0.,1.,0.));
#4734=DIRECTION('ref_axis',(1.,0.,0.));
#4735=DIRECTION('center_axis',(0.,-1.,0.));
#4736=DIRECTION('ref_axis',(1.,0.,0.));
#4737=DIRECTION('center_axis',(0.,-1.,0.));
#4738=DIRECTION('ref_axis',(1.,0.,0.));
#4739=DIRECTION('',(0.,1.,0.));
#4740=DIRECTION('center_axis',(0.,1.,0.));
#4741=DIRECTION('ref_axis',(1.,0.,0.));
#4742=DIRECTION('center_axis',(0.,-1.,0.));
#4743=DIRECTION('ref_axis',(1.,0.,0.));
#4744=DIRECTION('center_axis',(0.,1.,0.));
#4745=DIRECTION('ref_axis',(1.,0.,0.));
#4746=DIRECTION('center_axis',(0.,1.,0.));
#4747=DIRECTION('ref_axis',(1.,0.,0.));
#4748=DIRECTION('',(0.,-1.,0.));
#4749=DIRECTION('center_axis',(0.,1.,0.));
#4750=DIRECTION('ref_axis',(1.,0.,0.));
#4751=DIRECTION('center_axis',(0.,1.,0.));
#4752=DIRECTION('ref_axis',(1.,0.,0.));
#4753=DIRECTION('center_axis',(0.,1.,0.));
#4754=DIRECTION('ref_axis',(1.,0.,0.));
#4755=DIRECTION('axis',(0.,0.,1.));
#4756=DIRECTION('refdir',(1.,0.,0.));
#4757=DIRECTION('center_axis',(0.,1.,0.));
#4758=DIRECTION('ref_axis',(-1.,0.,0.));
#4759=DIRECTION('center_axis',(0.,1.,0.));
#4760=DIRECTION('ref_axis',(-1.,0.,0.));
#4761=DIRECTION('',(0.,-1.,0.));
#4762=DIRECTION('center_axis',(0.,-1.,0.));
#4763=DIRECTION('ref_axis',(-1.,0.,0.));
#4764=DIRECTION('center_axis',(0.,1.,0.));
#4765=DIRECTION('ref_axis',(-1.,0.,0.));
#4766=DIRECTION('center_axis',(0.,1.,0.));
#4767=DIRECTION('ref_axis',(1.,0.,0.));
#4768=DIRECTION('center_axis',(0.,-1.,0.));
#4769=DIRECTION('ref_axis',(1.,0.,0.));
#4770=DIRECTION('',(0.707106781186548,-0.707106781186548,-8.65956056235493E-17));
#4771=DIRECTION('center_axis',(0.,1.,0.));
#4772=DIRECTION('ref_axis',(1.,0.,0.));
#4773=DIRECTION('center_axis',(0.,1.,0.));
#4774=DIRECTION('ref_axis',(1.,0.,0.));
#4775=DIRECTION('center_axis',(0.,1.,0.));
#4776=DIRECTION('ref_axis',(1.,0.,0.));
#4777=DIRECTION('',(0.,-1.,0.));
#4778=DIRECTION('center_axis',(0.,1.,0.));
#4779=DIRECTION('ref_axis',(1.,0.,0.));
#4780=DIRECTION('center_axis',(0.,1.,0.));
#4781=DIRECTION('ref_axis',(1.,0.,0.));
#4782=DIRECTION('',(0.,0.,1.));
#4783=DIRECTION('',(1.,0.,0.));
#4784=DIRECTION('',(4.95891995107629E-16,2.20807763473507E-13,1.));
#4785=DIRECTION('',(0.707106781186547,0.707106781186548,-1.55775601793698E-13));
#4786=DIRECTION('',(-2.86859943151264E-16,-2.20477398319127E-13,1.));
#4787=DIRECTION('',(0.707106781186549,-0.707106781186547,-1.55775601793698E-13));
#4788=DIRECTION('',(-7.57306469012171E-28,2.20299968743478E-13,1.));
#4789=DIRECTION('',(-0.707106781186548,0.707106781186548,-1.55775601793698E-13));
#4790=DIRECTION('',(0.,0.,1.));
#4791=DIRECTION('',(1.,0.,0.));
#4792=DIRECTION('',(0.,0.,1.));
#4793=DIRECTION('',(-1.,-1.80411241501588E-16,-4.44748047759342E-48));
#4794=DIRECTION('',(0.707106781186548,2.20807763473507E-13,0.707106781186547));
#4795=DIRECTION('',(0.49999999999989,0.707106781186548,-0.50000000000011));
#4796=DIRECTION('',(0.707106781186547,-2.20477398319127E-13,0.707106781186548));
#4797=DIRECTION('',(0.499999999999891,-0.707106781186547,-0.500000000000111));
#4798=DIRECTION('',(0.707106781186548,2.20299968743478E-13,0.707106781186548));
#4799=DIRECTION('',(-0.500000000000111,0.707106781186548,0.49999999999989));
#4800=DIRECTION('',(1.,2.20807763473507E-13,-4.34659655150261E-16));
#4801=DIRECTION('',(-1.55732303990886E-13,0.707106781186548,-0.707106781186547));
#4802=DIRECTION('',(1.,-2.20477398319127E-13,3.48092283108632E-16));
#4803=DIRECTION('',(-1.55732303990886E-13,-0.707106781186547,-0.707106781186549));
#4804=DIRECTION('',(1.,2.20299968743478E-13,6.1232339958125E-17));
#4805=DIRECTION('',(-1.55818899596509E-13,0.707106781186548,0.707106781186548));
#4806=DIRECTION('',(0.707106781186547,2.20807763473507E-13,-0.707106781186547));
#4807=DIRECTION('',(-0.50000000000011,0.707106781186548,-0.49999999999989));
#4808=DIRECTION('',(0.707106781186548,-2.20477398319127E-13,-0.707106781186547));
#4809=DIRECTION('',(-0.500000000000111,-0.707106781186547,-0.499999999999891));
#4810=DIRECTION('',(0.707106781186548,2.20299968743478E-13,-0.707106781186548));
#4811=DIRECTION('',(0.49999999999989,0.707106781186548,0.500000000000111));
#4812=DIRECTION('',(-3.73427315192894E-16,2.20807763473507E-13,-1.));
#4813=DIRECTION('',(-0.707106781186547,0.707106781186548,1.55689006188074E-13));
#4814=DIRECTION('',(4.09324623066E-16,-2.20477398319127E-13,-1.));
#4815=DIRECTION('',(-0.707106781186549,-0.707106781186547,1.55689006188074E-13));
#4816=DIRECTION('',(1.22464679915493E-16,2.20299968743478E-13,-1.));
#4817=DIRECTION('',(0.707106781186548,0.707106781186548,1.55862197399321E-13));
#4818=DIRECTION('',(-0.707106781186547,2.20807763473507E-13,-0.707106781186547));
#4819=DIRECTION('',(-0.49999999999989,0.707106781186548,0.50000000000011));
#4820=DIRECTION('',(-0.707106781186547,-2.20477398319127E-13,-0.707106781186548));
#4821=DIRECTION('',(-0.499999999999891,-0.707106781186547,0.500000000000111));
#4822=DIRECTION('',(-0.707106781186548,2.20299968743478E-13,-0.707106781186548));
#4823=DIRECTION('',(0.500000000000111,0.707106781186548,-0.49999999999989));
#4824=DIRECTION('',(-1.,2.20807763473507E-13,3.12194975235526E-16));
#4825=DIRECTION('',(1.55645708385262E-13,0.707106781186548,0.707106781186547));
#4826=DIRECTION('',(-1.,-2.20477398319127E-13,-4.70556963023367E-16));
#4827=DIRECTION('',(1.55645708385262E-13,-0.707106781186547,0.707106781186549));
#4828=DIRECTION('',(-1.,2.20299968743478E-13,-1.8369701987286E-16));
#4829=DIRECTION('',(1.55905495202133E-13,0.707106781186548,-0.707106781186548));
#4830=DIRECTION('',(-0.707106781186547,2.20807763473507E-13,0.707106781186547));
#4831=DIRECTION('',(0.50000000000011,0.707106781186548,0.49999999999989));
#4832=DIRECTION('',(-0.707106781186548,-2.20477398319127E-13,0.707106781186547));
#4833=DIRECTION('',(0.500000000000111,-0.707106781186547,0.499999999999891));
#4834=DIRECTION('',(-0.707106781186548,2.20299968743478E-13,0.707106781186547));
#4835=DIRECTION('',(-0.49999999999989,0.707106781186548,-0.500000000000111));
#4836=DIRECTION('',(2.73691106313441E-48,-2.46519032881566E-32,1.));
#4837=DIRECTION('',(0.707106781186548,-0.707106781186547,-1.74315279842105E-32));
#4838=DIRECTION('',(-8.32667268468867E-17,8.32667268468867E-17,1.));
#4839=DIRECTION('',(-0.707106781186552,0.707106781186543,-7.85046229341886E-17));
#4840=DIRECTION('',(0.707106781186548,-2.46519032881566E-32,0.707106781186548));
#4841=DIRECTION('',(0.5,-0.707106781186547,-0.5));
#4842=DIRECTION('',(0.707106781186547,8.32667268468867E-17,0.707106781186548));
#4843=DIRECTION('',(-0.500000000000003,0.707106781186543,0.500000000000003));
#4844=DIRECTION('',(1.,-2.46519032881566E-32,6.12323399573677E-17));
#4845=DIRECTION('',(4.32978028117747E-17,-0.707106781186547,-0.707106781186548));
#4846=DIRECTION('',(1.,8.32667268468867E-17,1.44499066804254E-16));
#4847=DIRECTION('',(-1.21802425745964E-16,0.707106781186543,0.707106781186552));
#4848=DIRECTION('',(0.707106781186548,-2.46519032881566E-32,-0.707106781186547));
#4849=DIRECTION('',(-0.5,-0.707106781186547,-0.5));
#4850=DIRECTION('',(0.707106781186548,8.32667268468867E-17,-0.707106781186547));
#4851=DIRECTION('',(0.500000000000003,0.707106781186543,0.500000000000003));
#4852=DIRECTION('',(1.22464679914735E-16,-2.46519032881566E-32,-1.));
#4853=DIRECTION('',(-0.707106781186548,-0.707106781186547,-8.65956056235493E-17));
#4854=DIRECTION('',(2.05731406761622E-16,8.32667268468867E-17,-1.));
#4855=DIRECTION('',(0.707106781186552,0.707106781186543,1.65100228557739E-16));
#4856=DIRECTION('',(-0.707106781186547,-2.46519032881566E-32,-0.707106781186548));
#4857=DIRECTION('',(-0.5,-0.707106781186547,0.5));
#4858=DIRECTION('',(-0.707106781186547,8.32667268468867E-17,-0.707106781186548));
#4859=DIRECTION('',(0.500000000000004,0.707106781186543,-0.500000000000003));
#4860=DIRECTION('',(-1.,-2.46519032881566E-32,-1.83697019872103E-16));
#4861=DIRECTION('',(-1.29893408435324E-16,-0.707106781186547,0.707106781186548));
#4862=DIRECTION('',(-1.,8.32667268468867E-17,-2.6696374671899E-16));
#4863=DIRECTION('',(2.08398031369513E-16,0.707106781186543,-0.707106781186552));
#4864=DIRECTION('',(-0.707106781186548,-2.46519032881566E-32,0.707106781186547));
#4865=DIRECTION('',(0.5,-0.707106781186547,0.5));
#4866=DIRECTION('',(-0.707106781186548,8.32667268468867E-17,0.707106781186547));
#4867=DIRECTION('',(-0.500000000000003,0.707106781186543,-0.500000000000004));
#4868=CARTESIAN_POINT('',(0.,0.,0.));
#4869=CARTESIAN_POINT('',(0.,0.,0.));
#4870=CARTESIAN_POINT('Origin',(0.,35.,-1.74999998509884));
#4871=CARTESIAN_POINT('',(1.32287568932495,35.,-1.49999997019768));
#4872=CARTESIAN_POINT('',(-1.32287568932495,35.,-1.49999997019768));
#4873=CARTESIAN_POINT('Origin',(0.,35.,0.));
#4874=CARTESIAN_POINT('',(0.661437844662476,35.,-1.49999997019768));
#4875=CARTESIAN_POINT('Origin',(0.,37.5,0.));
#4876=CARTESIAN_POINT('',(4.5,37.5,5.51091059616309E-16));
#4877=CARTESIAN_POINT('Origin',(0.,37.5,0.));
#4878=CARTESIAN_POINT('',(-2.,37.5,2.44929359829471E-16));
#4879=CARTESIAN_POINT('Origin',(0.,37.5,0.));
#4880=CARTESIAN_POINT('Origin',(0.,-7.5,-1.74999998509884));
#4881=CARTESIAN_POINT('',(1.32287568932495,-7.5,-1.49999997019768));
#4882=CARTESIAN_POINT('',(-1.32287568932495,-7.5,-1.49999997019768));
#4883=CARTESIAN_POINT('Origin',(0.,-7.5,0.));
#4884=CARTESIAN_POINT('',(0.661437844662476,-7.5,-1.49999997019768));
#4885=CARTESIAN_POINT('Origin',(1.32287568932495,-10.,-1.49999997019768));
#4886=CARTESIAN_POINT('',(-1.32287568932495,-10.,-1.49999997019768));
#4887=CARTESIAN_POINT('',(1.32287568932495,-10.,-1.49999997019768));
#4888=CARTESIAN_POINT('Origin',(0.,-10.,0.));
#4889=CARTESIAN_POINT('',(-2.,-10.,2.44929359829471E-16));
#4890=CARTESIAN_POINT('Origin',(0.,-10.,0.));
#4891=CARTESIAN_POINT('',(-2.,-10.,2.44929359829471E-16));
#4892=CARTESIAN_POINT('Origin',(8.48528137423857,0.,8.48528137423857));
#4893=CARTESIAN_POINT('',(6.98528137423857,0.,8.48528137423857));
#4894=CARTESIAN_POINT('Origin',(8.48528137423857,0.,8.48528137423857));
#4895=CARTESIAN_POINT('',(6.98528137423857,27.5,8.48528137423857));
#4896=CARTESIAN_POINT('',(6.98528137423857,0.,8.48528137423857));
#4897=CARTESIAN_POINT('Origin',(8.48528137423857,27.5,8.48528137423857));
#4898=CARTESIAN_POINT('Origin',(8.48528137423857,0.,-8.48528137423857));
#4899=CARTESIAN_POINT('',(6.98528137423857,0.,-8.48528137423857));
#4900=CARTESIAN_POINT('Origin',(8.48528137423857,0.,-8.48528137423857));
#4901=CARTESIAN_POINT('',(6.98528137423857,27.5,-8.48528137423857));
#4902=CARTESIAN_POINT('',(6.98528137423857,0.,-8.48528137423857));
#4903=CARTESIAN_POINT('Origin',(8.48528137423857,27.5,-8.48528137423857));
#4904=CARTESIAN_POINT('Origin',(-8.48528137423857,0.,8.48528137423857));
#4905=CARTESIAN_POINT('',(-9.98528137423857,0.,8.48528137423857));
#4906=CARTESIAN_POINT('Origin',(-8.48528137423857,0.,8.48528137423857));
#4907=CARTESIAN_POINT('',(-9.98528137423857,27.5,8.48528137423857));
#4908=CARTESIAN_POINT('',(-9.98528137423857,0.,8.48528137423857));
#4909=CARTESIAN_POINT('Origin',(-8.48528137423857,27.5,8.48528137423857));
#4910=CARTESIAN_POINT('Origin',(-8.48528137423857,0.,-8.48528137423857));
#4911=CARTESIAN_POINT('',(-9.98528137423857,0.,-8.48528137423857));
#4912=CARTESIAN_POINT('Origin',(-8.48528137423857,0.,-8.48528137423857));
#4913=CARTESIAN_POINT('',(-9.98528137423857,27.5,-8.48528137423857));
#4914=CARTESIAN_POINT('',(-9.98528137423857,0.,-8.48528137423857));
#4915=CARTESIAN_POINT('Origin',(-8.48528137423857,27.5,-8.48528137423857));
#4916=CARTESIAN_POINT('Origin',(0.,0.,0.));
#4917=CARTESIAN_POINT('',(-16.,0.,1.95943487863577E-15));
#4918=CARTESIAN_POINT('Origin',(0.,0.,0.));
#4919=CARTESIAN_POINT('',(-9.,0.,-1.10218211923262E-15));
#4920=CARTESIAN_POINT('Origin',(0.,0.,0.));
#4921=CARTESIAN_POINT('Origin',(0.,-3.,0.));
#4922=CARTESIAN_POINT('',(-9.,-3.,-1.10218211923262E-15));
#4923=CARTESIAN_POINT('Origin',(0.,-3.,0.));
#4924=CARTESIAN_POINT('',(7.5,-3.,-9.18485099360515E-16));
#4925=CARTESIAN_POINT('Origin',(0.,-3.,0.));
#4926=CARTESIAN_POINT('Origin',(0.,0.,0.));
#4927=CARTESIAN_POINT('',(-9.,0.,1.10218211923262E-15));
#4928=CARTESIAN_POINT('Origin',(0.,-10.,0.));
#4929=CARTESIAN_POINT('',(4.5,-10.,5.51091059616309E-16));
#4930=CARTESIAN_POINT('Origin',(0.,-10.,0.));
#4931=CARTESIAN_POINT('Origin',(0.,-3.,0.));
#4932=CARTESIAN_POINT('',(7.5,-7.,-9.18485099360515E-16));
#4933=CARTESIAN_POINT('Origin',(0.,-7.,0.));
#4934=CARTESIAN_POINT('',(7.5,-3.,-9.18485099360515E-16));
#4935=CARTESIAN_POINT('Origin',(0.,-8.5,0.));
#4936=CARTESIAN_POINT('',(6.,-8.5,-7.34788079488412E-16));
#4937=CARTESIAN_POINT('Origin',(0.,27.5,0.));
#4938=CARTESIAN_POINT('',(-16.,27.5,1.95943487863577E-15));
#4939=CARTESIAN_POINT('Origin',(0.,27.5,0.));
#4940=CARTESIAN_POINT('',(-9.,27.5,-1.10218211923262E-15));
#4941=CARTESIAN_POINT('Origin',(0.,27.5,0.));
#4942=CARTESIAN_POINT('Origin',(0.,30.5,0.));
#4943=CARTESIAN_POINT('',(-9.,30.5,-1.10218211923262E-15));
#4944=CARTESIAN_POINT('Origin',(0.,30.5,0.));
#4945=CARTESIAN_POINT('',(7.5,30.5,-9.18485099360515E-16));
#4946=CARTESIAN_POINT('Origin',(0.,30.5,0.));
#4947=CARTESIAN_POINT('Origin',(0.,27.5,0.));
#4948=CARTESIAN_POINT('',(-9.,27.5,1.10218211923262E-15));
#4949=CARTESIAN_POINT('Origin',(0.,30.5,0.));
#4950=CARTESIAN_POINT('',(7.5,34.5,-9.18485099360515E-16));
#4951=CARTESIAN_POINT('Origin',(0.,34.5,0.));
#4952=CARTESIAN_POINT('',(7.5,30.5,-9.18485099360515E-16));
#4953=CARTESIAN_POINT('Origin',(0.,36.,0.));
#4954=CARTESIAN_POINT('',(6.,36.,-7.34788079488412E-16));
#4955=CARTESIAN_POINT('Origin',(0.,0.,0.));
#4956=CARTESIAN_POINT('',(-16.,0.,1.95943487863577E-15));
#4957=CARTESIAN_POINT('',(0.,0.,0.));
#4958=CARTESIAN_POINT('Origin',(3.81916720471054E-13,5.64520083687776,1.73322628786244));
#4959=CARTESIAN_POINT('',(-26.499999999994,-0.585786437626903,7.96421356237295));
#4960=CARTESIAN_POINT('',(-19.4999999999863,-0.585786437626903,7.96421356237141));
#4961=CARTESIAN_POINT('',(1.755565048732E-12,-0.585786437626904,7.96421356236711));
#4962=CARTESIAN_POINT('',(-19.4999999999865,-3.19363392794165,10.5720610526862));
#4963=CARTESIAN_POINT('',(-19.499999999986,2.46323023189643,4.91519689284807));
#4964=CARTESIAN_POINT('',(-22.5000000000004,-5.31495427151054,12.6933813962557));
#4965=CARTESIAN_POINT('Origin',(-22.5000000000002,-3.19363392794118,10.5720610526863));
#4966=CARTESIAN_POINT('',(-23.4999999999988,-5.31495427151038,12.6933813962558));
#4967=CARTESIAN_POINT('',(-22.5000000000004,-5.31495427151054,12.6933813962557));
#4968=CARTESIAN_POINT('',(-26.5000000000011,-3.19363392794995,10.572061052696));
#4969=CARTESIAN_POINT('Origin',(-23.5000000000006,-3.19363392795042,10.5720610526958));
#4970=CARTESIAN_POINT('',(-26.5000000000011,-3.19363392794995,10.572061052696));
#4971=CARTESIAN_POINT('',(-24.5000000000004,-3.19363392794961,10.5720610526952));
#4972=CARTESIAN_POINT('Origin',(-23.0000000000004,-3.19363392794985,10.5720610526951));
#4973=CARTESIAN_POINT('Origin',(-26.4999999999937,0.828427124746191,9.37842712474604));
#4974=CARTESIAN_POINT('',(-26.4999999999937,0.828427124746193,9.37842712474604));
#4975=CARTESIAN_POINT('',(-26.499999999994,-0.585786437626903,7.96421356237295));
#4976=CARTESIAN_POINT('',(-26.4999999999896,2.,6.54999999999986));
#4977=CARTESIAN_POINT('Origin',(-26.4999999999896,-2.,6.54999999999986));
#4978=CARTESIAN_POINT('',(-26.4999999999896,0.,6.54999999999986));
#4979=CARTESIAN_POINT('',(-26.4999999999896,0.,6.54999999999986));
#4980=CARTESIAN_POINT('Origin',(-26.4999999999943,-2.,6.54999999999986));
#4981=CARTESIAN_POINT('Origin',(-22.9999999999896,-2.,6.54999999999908));
#4982=CARTESIAN_POINT('',(-19.4999999999859,0.828427124746193,9.3784271247445));
#4983=CARTESIAN_POINT('',(2.06734055124207E-12,0.828427124746192,9.3784271247402));
#4984=CARTESIAN_POINT('',(-19.4999999999861,2.,6.54999999999831));
#4985=CARTESIAN_POINT('Origin',(-19.4999999999866,-2.,6.54999999999831));
#4986=CARTESIAN_POINT('',(1.44398415083385E-12,2.,6.54999999999401));
#4987=CARTESIAN_POINT('Origin',(-19.4999999999865,-3.19363392794165,10.5720610526862));
#4988=CARTESIAN_POINT('',(-19.4999999999863,-0.585786437626904,7.96421356237141));
#4989=CARTESIAN_POINT('',(-19.4999999999862,-1.77942036556855,11.9862746150592));
#4990=CARTESIAN_POINT('',(-19.4999999999857,3.87744379426953,6.32941045522116));
#4991=CARTESIAN_POINT('',(-19.4999999999865,-3.19363392794165,10.5720610526862));
#4992=CARTESIAN_POINT('Origin',(-26.499999999986,2.3566186036549,5.02180852109115));
#4993=CARTESIAN_POINT('',(-26.5000000000008,-1.77942036557685,11.9862746150691));
#4994=CARTESIAN_POINT('',(-26.5000000000011,-3.19363392794995,10.572061052696));
#4995=CARTESIAN_POINT('',(-26.5000000000008,-1.77942036557685,11.9862746150691));
#4996=CARTESIAN_POINT('Origin',(0.,2.,0.));
#4997=CARTESIAN_POINT('',(-19.4999999999861,2.,4.49998598464141));
#4998=CARTESIAN_POINT('',(-19.4999999999861,2.,4.49998598464141));
#4999=CARTESIAN_POINT('',(-17.4999999998885,2.,4.50004481820625));
#5000=CARTESIAN_POINT('Origin',(-18.4999999994867,2.,4.49999999999908));
#5001=CARTESIAN_POINT('',(-17.4999999999013,2.,17.0771644663538));
#5002=CARTESIAN_POINT('',(-17.4999999998885,2.,9.66387736990757));
#5003=CARTESIAN_POINT('',(-15.4497474682067,2.,22.0269119346607));
#5004=CARTESIAN_POINT('Origin',(-10.4999999998998,2.,17.0771644663538));
#5005=CARTESIAN_POINT('',(-14.1067802846644,2.,23.3698791182079));
#5006=CARTESIAN_POINT('',(-9.89949493661212,2.,27.5771644662758));
#5007=CARTESIAN_POINT('',(-9.15703281635714,2.,18.4201316498985));
#5008=CARTESIAN_POINT('',(4.63154941676867,2.,4.63154941676662));
#5009=CARTESIAN_POINT('',(-10.6066116281435,2.,16.9705528381122));
#5010=CARTESIAN_POINT('',(-10.6066116281435,2.,16.9705528381122));
#5011=CARTESIAN_POINT('',(-9.1923564640887,2.,15.5563808772827));
#5012=CARTESIAN_POINT('Origin',(-9.89949493624937,2.,16.263455966927));
#5013=CARTESIAN_POINT('',(-0.298989873098015,2.,24.4497474682915));
#5014=CARTESIAN_POINT('',(-5.54097544986887,2.,19.2077618915026));
#5015=CARTESIAN_POINT('',(4.65075759520882,2.,26.4999999999861));
#5016=CARTESIAN_POINT('Origin',(4.65075759520882,2.,19.4999999999847));
#5017=CARTESIAN_POINT('',(6.54999999999985,2.,26.4999999999896));
#5018=CARTESIAN_POINT('',(12.5,2.,26.5000000000006));
#5019=CARTESIAN_POINT('',(6.54999999999831,2.,19.4999999999861));
#5020=CARTESIAN_POINT('',(6.54999999999402,2.,-1.44295560892654E-12));
#5021=CARTESIAN_POINT('',(4.49998598463674,2.,19.500000000361));
#5022=CARTESIAN_POINT('',(4.49998598464142,2.,19.4999999999861));
#5023=CARTESIAN_POINT('',(4.50004481820625,2.,17.4999999995185));
#5024=CARTESIAN_POINT('Origin',(4.49999999999908,2.,18.4999999994867));
#5025=CARTESIAN_POINT('',(17.0771644663538,2.,17.4999999999012));
#5026=CARTESIAN_POINT('',(9.66387736990757,2.,17.4999999999861));
#5027=CARTESIAN_POINT('',(22.0269119346607,2.,15.4497474682067));
#5028=CARTESIAN_POINT('Origin',(17.0771644663538,2.,10.4999999998998));
#5029=CARTESIAN_POINT('',(23.3698791182079,2.,14.1067802846644));
#5030=CARTESIAN_POINT('',(27.5771644662758,2.,9.89949493661212));
#5031=CARTESIAN_POINT('',(18.4201316498985,2.,9.15703281635714));
#5032=CARTESIAN_POINT('',(4.63154941676662,2.,-4.63154941676867));
#5033=CARTESIAN_POINT('',(16.9705528381122,2.,10.6066116281435));
#5034=CARTESIAN_POINT('',(16.9705528381122,2.,10.6066116281435));
#5035=CARTESIAN_POINT('',(15.5563808772828,2.,9.1923564640887));
#5036=CARTESIAN_POINT('Origin',(16.263455966927,2.,9.89949493624937));
#5037=CARTESIAN_POINT('',(24.4497474682915,2.,0.298989873098021));
#5038=CARTESIAN_POINT('',(19.2077618915026,2.,5.54097544986886));
#5039=CARTESIAN_POINT('',(26.4999999999861,2.,-4.65075759520881));
#5040=CARTESIAN_POINT('Origin',(19.4999999999847,2.,-4.65075759520882));
#5041=CARTESIAN_POINT('',(26.4999999999896,2.,-6.54999999999986));
#5042=CARTESIAN_POINT('',(26.5000000000006,2.,-12.5));
#5043=CARTESIAN_POINT('',(19.4999999999861,2.,-6.54999999999832));
#5044=CARTESIAN_POINT('',(-1.44503460761358E-12,2.,-6.54999999999401));
#5045=CARTESIAN_POINT('',(19.4999999999861,2.,-4.49998598464142));
#5046=CARTESIAN_POINT('',(19.4999999999861,2.,-4.49998598464142));
#5047=CARTESIAN_POINT('',(17.4999999998885,2.,-4.50004481820625));
#5048=CARTESIAN_POINT('Origin',(18.4999999994867,2.,-4.49999999999909));
#5049=CARTESIAN_POINT('',(17.4999999999013,2.,-17.0771644663538));
#5050=CARTESIAN_POINT('',(17.4999999998885,2.,-9.66387736990758));
#5051=CARTESIAN_POINT('',(15.4497474682067,2.,-22.0269119346607));
#5052=CARTESIAN_POINT('Origin',(10.4999999998998,2.,-17.0771644663538));
#5053=CARTESIAN_POINT('',(14.1067802846644,2.,-23.3698791182079));
#5054=CARTESIAN_POINT('',(9.89949493661212,2.,-27.5771644662758));
#5055=CARTESIAN_POINT('',(9.15703281635714,2.,-18.4201316498985));
#5056=CARTESIAN_POINT('',(-4.63154941676867,2.,-4.63154941676663));
#5057=CARTESIAN_POINT('',(10.6066116281435,2.,-16.9705528381122));
#5058=CARTESIAN_POINT('',(10.6066116281435,2.,-16.9705528381122));
#5059=CARTESIAN_POINT('',(9.1923564640887,2.,-15.5563808772827));
#5060=CARTESIAN_POINT('Origin',(9.89949493624937,2.,-16.263455966927));
#5061=CARTESIAN_POINT('',(0.298989873098039,2.,-24.4497474682915));
#5062=CARTESIAN_POINT('',(5.54097544986887,2.,-19.2077618915026));
#5063=CARTESIAN_POINT('',(-4.65075759520882,2.,-26.4999999999861));
#5064=CARTESIAN_POINT('Origin',(-4.65075759520882,2.,-19.4999999999847));
#5065=CARTESIAN_POINT('',(-6.54999999999986,2.,-26.4999999999896));
#5066=CARTESIAN_POINT('',(-12.5,2.,-26.5000000000006));
#5067=CARTESIAN_POINT('',(-6.54999999999831,2.,-19.4999999999861));
#5068=CARTESIAN_POINT('',(-6.54999999999402,2.,1.44399914432243E-12));
#5069=CARTESIAN_POINT('',(-4.49998598464141,2.,-19.4999999999861));
#5070=CARTESIAN_POINT('',(-4.49998598464141,2.,-19.4999999999861));
#5071=CARTESIAN_POINT('',(-4.50004481820625,2.,-17.4999999998885));
#5072=CARTESIAN_POINT('Origin',(-4.49999999999908,2.,-18.4999999994867));
#5073=CARTESIAN_POINT('',(-17.0771644663538,2.,-17.4999999999012));
#5074=CARTESIAN_POINT('',(-9.66387736990757,2.,-17.4999999998885));
#5075=CARTESIAN_POINT('',(-22.0269119346607,2.,-15.4497474682067));
#5076=CARTESIAN_POINT('Origin',(-17.0771644663538,2.,-10.4999999998998));
#5077=CARTESIAN_POINT('',(-23.3698791182079,2.,-14.1067802846644));
#5078=CARTESIAN_POINT('',(-27.5771644662758,2.,-9.89949493661212));
#5079=CARTESIAN_POINT('',(-18.4201316498985,2.,-9.15703281635713));
#5080=CARTESIAN_POINT('',(-4.63154941676662,2.,4.63154941676867));
#5081=CARTESIAN_POINT('',(-16.9705528381122,2.,-10.6066116281435));
#5082=CARTESIAN_POINT('',(-16.9705528381122,2.,-10.6066116281435));
#5083=CARTESIAN_POINT('',(-15.5563808772827,2.,-9.1923564640887));
#5084=CARTESIAN_POINT('Origin',(-16.263455966927,2.,-9.89949493624937));
#5085=CARTESIAN_POINT('',(-24.4497474682915,2.,-0.298989873098026));
#5086=CARTESIAN_POINT('',(-19.2077618915026,2.,-5.54097544986886));
#5087=CARTESIAN_POINT('',(-26.4999999999861,2.,4.65075759520882));
#5088=CARTESIAN_POINT('Origin',(-19.4999999999847,2.,4.65075759520882));
#5089=CARTESIAN_POINT('',(-26.5000000000006,2.,12.5));
#5090=CARTESIAN_POINT('',(-10.1352813742386,2.,-8.48528137423857));
#5091=CARTESIAN_POINT('Origin',(-8.48528137423857,2.,-8.48528137423857));
#5092=CARTESIAN_POINT('',(-9.,2.,0.));
#5093=CARTESIAN_POINT('Origin',(0.,2.,0.));
#5094=CARTESIAN_POINT('',(6.83528137423858,2.,8.48528137423857));
#5095=CARTESIAN_POINT('Origin',(8.48528137423857,2.,8.48528137423857));
#5096=CARTESIAN_POINT('',(6.83528137423857,2.,-8.48528137423857));
#5097=CARTESIAN_POINT('Origin',(8.48528137423857,2.,-8.48528137423857));
#5098=CARTESIAN_POINT('',(-10.1352813742386,2.,8.48528137423857));
#5099=CARTESIAN_POINT('Origin',(-8.48528137423857,2.,8.48528137423857));
#5100=CARTESIAN_POINT('Origin',(-19.4999999999861,0.,12.4999999999867));
#5101=CARTESIAN_POINT('',(-19.4999999999861,0.,6.54999999999831));
#5102=CARTESIAN_POINT('',(-19.4999999999861,0.,6.54999999999831));
#5103=CARTESIAN_POINT('',(-19.4999999999861,0.,4.49998598464141));
#5104=CARTESIAN_POINT('',(-19.4999999999861,0.,4.49998598464141));
#5105=CARTESIAN_POINT('',(-19.4999999999861,0.,4.49998598464141));
#5106=CARTESIAN_POINT('Origin',(-22.9999999999896,-2.,6.54999999999908));
#5107=CARTESIAN_POINT('',(1.44398415083385E-12,0.,6.54999999999401));
#5108=CARTESIAN_POINT('Origin',(-19.4999999999861,-2.,6.54999999999831));
#5109=CARTESIAN_POINT('Origin',(1.22557606147859,5.64520083687775,1.22557606147805));
#5110=CARTESIAN_POINT('',(-13.1067802846675,-0.585786437626902,24.369879118211));
#5111=CARTESIAN_POINT('',(-8.15703281635727,-0.585786437626905,19.4201316498987));
#5112=CARTESIAN_POINT('',(5.63154941676889,-0.585786437626903,5.63154941676641));
#5113=CARTESIAN_POINT('',(-6.31300617165556,-3.19363392794164,21.2641582946007));
#5114=CARTESIAN_POINT('',(-10.3130131793279,2.46323023189643,17.2641512869277));
#5115=CARTESIAN_POINT('',(-6.93432651521805,-5.31495427151054,24.8854786381772));
#5116=CARTESIAN_POINT('Origin',(-8.43432651522478,-3.19363392794118,23.3854786381702));
#5117=CARTESIAN_POINT('',(-7.64143329640341,-5.31495427151038,25.5925854193627));
#5118=CARTESIAN_POINT('',(-6.93432651521805,-5.31495427151054,24.8854786381772));
#5119=CARTESIAN_POINT('',(-11.2627536399647,-3.19363392794994,26.2139057629238));
#5120=CARTESIAN_POINT('Origin',(-9.14143329640491,-3.19363392795041,24.0925854193637));
#5121=CARTESIAN_POINT('',(-11.2627536399647,-3.19363392794994,26.2139057629238));
#5122=CARTESIAN_POINT('',(-10.0682099917018,-2.44363392794968,23.9587019428799));
#5123=CARTESIAN_POINT('Origin',(-8.78787990581198,-3.19363392794984,23.7390320287698));
#5124=CARTESIAN_POINT('Origin',(-12.1067802846672,0.828427124746193,25.3698791182108));
#5125=CARTESIAN_POINT('',(-12.1067802846672,0.828427124746195,25.3698791182108));
#5126=CARTESIAN_POINT('',(-13.1067802846675,-0.585786437626901,24.369879118211));
#5127=CARTESIAN_POINT('Origin',(-14.1067802846644,-2.,23.3698791182079));
#5128=CARTESIAN_POINT('',(-14.1067802846644,0.,23.3698791182079));
#5129=CARTESIAN_POINT('',(-14.1067802846644,0.,23.3698791182079));
#5130=CARTESIAN_POINT('Origin',(-14.1067802846677,-2.,23.3698791182113));
#5131=CARTESIAN_POINT('Origin',(-11.631906550512,-2.,20.8950053840545));
#5132=CARTESIAN_POINT('',(-7.15703281635705,0.828427124746192,20.4201316498984));
#5133=CARTESIAN_POINT('',(6.63154941676911,0.828427124746194,6.63154941676619));
#5134=CARTESIAN_POINT('Origin',(-9.15703281635749,-2.,18.4201316498989));
#5135=CARTESIAN_POINT('Origin',(-6.31300617165556,-3.19363392794165,21.2641582946007));
#5136=CARTESIAN_POINT('',(-8.15703281635727,-0.585786437626904,19.4201316498987));
#5137=CARTESIAN_POINT('',(-5.31300617165534,-1.77942036556855,22.2641582946005));
#5138=CARTESIAN_POINT('',(-9.31301317932763,3.87744379426953,18.2641512869275));
#5139=CARTESIAN_POINT('',(-6.31300617165556,-3.19363392794164,21.2641582946007));
#5140=CARTESIAN_POINT('Origin',(-15.1873748423497,2.35661860365491,22.2892845605175));
#5141=CARTESIAN_POINT('',(-10.2627536399645,-1.77942036557685,27.2139057629236));
#5142=CARTESIAN_POINT('',(-11.2627536399647,-3.19363392794994,26.2139057629238));
#5143=CARTESIAN_POINT('',(-10.2627536399645,-1.77942036557685,27.2139057629236));
#5144=CARTESIAN_POINT('Origin',(6.93692222981118E-13,7.05941439925085,3.14743985023553));
#5145=CARTESIAN_POINT('',(-23.4999999999985,-3.90074070913729,14.1075949586289));
#5146=CARTESIAN_POINT('Origin',(-23.5000000000003,-1.77942036557732,11.9862746150689));
#5147=CARTESIAN_POINT('',(-22.5000000000001,-3.90074070913745,14.1075949586288));
#5148=CARTESIAN_POINT('',(-22.5000000000001,-3.90074070913745,14.1075949586288));
#5149=CARTESIAN_POINT('Origin',(-22.4999999999999,-1.77942036556808,11.9862746150594));
#5150=CARTESIAN_POINT('',(-24.5000000000001,-1.77942036557652,11.9862746150683));
#5151=CARTESIAN_POINT('Origin',(-23.0000000000001,-1.77942036557675,11.9862746150682));
#5152=CARTESIAN_POINT('Origin',(-4.94974746830538,0.,22.6274169979503));
#5153=CARTESIAN_POINT('',(-9.15703281635714,0.,18.4201316498985));
#5154=CARTESIAN_POINT('',(-9.15703281635715,0.,18.4201316498985));
#5155=CARTESIAN_POINT('',(-10.6066116281435,0.,16.9705528381122));
#5156=CARTESIAN_POINT('',(-10.6066116281435,0.,16.9705528381122));
#5157=CARTESIAN_POINT('',(-10.6066116281435,0.,16.9705528381122));
#5158=CARTESIAN_POINT('Origin',(-11.631906550512,-2.,20.8950053840545));
#5159=CARTESIAN_POINT('',(4.63154941676867,0.,4.63154941676662));
#5160=CARTESIAN_POINT('Origin',(-9.15703281635714,-2.,18.4201316498985));
#5161=CARTESIAN_POINT('Origin',(1.73322628786244,5.64520083687776,-3.81916720471054E-13));
#5162=CARTESIAN_POINT('',(7.96421356237295,-0.585786437626905,26.499999999994));
#5163=CARTESIAN_POINT('',(7.96421356237141,-0.585786437626904,19.4999999999863));
#5164=CARTESIAN_POINT('',(7.96421356236711,-0.585786437626905,-1.75459066357468E-12));
#5165=CARTESIAN_POINT('',(10.5720610526862,-3.19363392794165,19.4999999999865));
#5166=CARTESIAN_POINT('',(4.91519689284807,2.46323023189643,19.499999999986));
#5167=CARTESIAN_POINT('',(12.6933813962557,-5.31495427151055,22.5000000000004));
#5168=CARTESIAN_POINT('Origin',(10.5720610526864,-3.19363392794119,22.5000000000002));
#5169=CARTESIAN_POINT('',(12.6933813962558,-5.31495427151039,23.4999999999988));
#5170=CARTESIAN_POINT('',(12.6933813962557,-5.31495427151055,22.5000000000004));
#5171=CARTESIAN_POINT('',(10.572061052696,-3.19363392794996,26.5000000000011));
#5172=CARTESIAN_POINT('Origin',(10.5720610526958,-3.19363392795042,23.5000000000006));
#5173=CARTESIAN_POINT('',(10.572061052696,-3.19363392794996,26.5000000000011));
#5174=CARTESIAN_POINT('',(9.5114008809153,-2.13297375617003,23.0000000000003));
#5175=CARTESIAN_POINT('Origin',(10.5720610526951,-3.19363392794985,23.0000000000004));
#5176=CARTESIAN_POINT('Origin',(9.37842712474604,0.828427124746191,26.4999999999937));
#5177=CARTESIAN_POINT('',(9.37842712474604,0.828427124746191,26.4999999999937));
#5178=CARTESIAN_POINT('',(7.96421356237295,-0.585786437626905,26.499999999994));
#5179=CARTESIAN_POINT('Origin',(6.54999999999985,-2.,26.4999999999896));
#5180=CARTESIAN_POINT('',(6.54999999999985,0.,26.4999999999896));
#5181=CARTESIAN_POINT('',(6.54999999999985,0.,26.4999999999896));
#5182=CARTESIAN_POINT('Origin',(6.54999999999986,-2.,26.4999999999943));
#5183=CARTESIAN_POINT('Origin',(6.54999999999908,-2.,22.9999999999896));
#5184=CARTESIAN_POINT('',(9.3784271247445,0.828427124746192,19.4999999999859));
#5185=CARTESIAN_POINT('',(9.37842712474021,0.828427124746191,-2.06614186716208E-12));
#5186=CARTESIAN_POINT('Origin',(6.54999999999831,-2.,19.4999999999866));
#5187=CARTESIAN_POINT('Origin',(10.5720610526862,-3.19363392794165,19.4999999999865));
#5188=CARTESIAN_POINT('',(7.96421356237141,-0.585786437626904,19.4999999999863));
#5189=CARTESIAN_POINT('',(11.9862746150593,-1.77942036556856,19.4999999999862));
#5190=CARTESIAN_POINT('',(6.32941045522117,3.87744379426953,19.4999999999857));
#5191=CARTESIAN_POINT('',(10.5720610526862,-3.19363392794165,19.4999999999865));
#5192=CARTESIAN_POINT('Origin',(5.02180852109115,2.35661860365489,26.499999999986));
#5193=CARTESIAN_POINT('',(11.9862746150691,-1.77942036557686,26.5000000000008));
#5194=CARTESIAN_POINT('',(10.572061052696,-3.19363392794996,26.5000000000011));
#5195=CARTESIAN_POINT('',(11.9862746150691,-1.77942036557686,26.5000000000008));
#5196=CARTESIAN_POINT('Origin',(2.22557606147881,7.05941439925085,2.22557606147783));
#5197=CARTESIAN_POINT('',(-6.64143329640319,-3.90074070913728,26.5925854193624));
#5198=CARTESIAN_POINT('Origin',(-8.14143329640468,-1.77942036557732,25.0925854193635));
#5199=CARTESIAN_POINT('',(-5.93432651521783,-3.90074070913744,25.885478638177));
#5200=CARTESIAN_POINT('',(-5.93432651521783,-3.90074070913744,25.885478638177));
#5201=CARTESIAN_POINT('Origin',(-7.43432651522456,-1.77942036556808,24.38547863817));
#5202=CARTESIAN_POINT('',(-9.06820999170158,-1.02942036557658,24.9587019428797));
#5203=CARTESIAN_POINT('Origin',(-7.78787990581177,-1.77942036557675,24.7390320287696));
#5204=CARTESIAN_POINT('Origin',(12.4999999999867,0.,19.4999999999861));
#5205=CARTESIAN_POINT('',(6.54999999999831,0.,19.4999999999861));
#5206=CARTESIAN_POINT('',(6.54999999999831,0.,19.4999999999861));
#5207=CARTESIAN_POINT('',(4.49998598463674,0.,19.500000000361));
#5208=CARTESIAN_POINT('',(4.49998598464142,0.,19.4999999999861));
#5209=CARTESIAN_POINT('',(4.49998598463674,0.,19.500000000361));
#5210=CARTESIAN_POINT('Origin',(6.54999999999908,-2.,22.9999999999896));
#5211=CARTESIAN_POINT('',(6.54999999999402,0.,-1.44295560892654E-12));
#5212=CARTESIAN_POINT('Origin',(6.54999999999831,-2.,19.4999999999861));
#5213=CARTESIAN_POINT('Origin',(-3.77475828372553E-13,5.64520083687776,
-1.73322628786244));
#5214=CARTESIAN_POINT('',(26.499999999994,-0.585786437626905,-7.96421356237296));
#5215=CARTESIAN_POINT('',(19.4999999999863,-0.585786437626905,-7.96421356237141));
#5216=CARTESIAN_POINT('',(-1.75212802464393E-12,-0.585786437626905,-7.96421356236711));
#5217=CARTESIAN_POINT('',(19.4999999999865,-3.19363392794166,-10.5720610526862));
#5218=CARTESIAN_POINT('',(19.499999999986,2.46323023189643,-4.91519689284808));
#5219=CARTESIAN_POINT('',(22.5000000000004,-5.31495427151055,-12.6933813962557));
#5220=CARTESIAN_POINT('Origin',(22.5000000000002,-3.19363392794119,-10.5720610526864));
#5221=CARTESIAN_POINT('',(23.4999999999988,-5.31495427151039,-12.6933813962558));
#5222=CARTESIAN_POINT('',(22.5000000000004,-5.31495427151055,-12.6933813962557));
#5223=CARTESIAN_POINT('',(26.5000000000011,-3.19363392794996,-10.572061052696));
#5224=CARTESIAN_POINT('Origin',(23.5000000000006,-3.19363392795042,-10.5720610526958));
#5225=CARTESIAN_POINT('',(26.5000000000011,-3.19363392794996,-10.572061052696));
#5226=CARTESIAN_POINT('',(21.5000000000004,-3.19363392795009,-10.572061052695));
#5227=CARTESIAN_POINT('Origin',(23.0000000000004,-3.19363392794985,-10.5720610526951));
#5228=CARTESIAN_POINT('Origin',(26.4999999999937,0.828427124746191,-9.37842712474605));
#5229=CARTESIAN_POINT('',(26.4999999999937,0.828427124746189,-9.37842712474605));
#5230=CARTESIAN_POINT('',(26.499999999994,-0.585786437626905,-7.96421356237296));
#5231=CARTESIAN_POINT('Origin',(26.4999999999896,-2.,-6.54999999999986));
#5232=CARTESIAN_POINT('',(26.4999999999896,0.,-6.54999999999986));
#5233=CARTESIAN_POINT('',(26.4999999999896,0.,-6.54999999999986));
#5234=CARTESIAN_POINT('Origin',(26.4999999999943,-2.,-6.54999999999986));
#5235=CARTESIAN_POINT('Origin',(22.9999999999896,-2.,-6.54999999999909));
#5236=CARTESIAN_POINT('',(19.499999999986,0.828427124746191,-9.37842712474451));
#5237=CARTESIAN_POINT('',(-2.06412782607667E-12,0.828427124746191,-9.37842712474021));
#5238=CARTESIAN_POINT('Origin',(19.4999999999866,-2.,-6.54999999999831));
#5239=CARTESIAN_POINT('Origin',(19.4999999999865,-3.19363392794166,-10.5720610526862));
#5240=CARTESIAN_POINT('',(19.4999999999863,-0.585786437626905,-7.96421356237141));
#5241=CARTESIAN_POINT('',(19.4999999999862,-1.77942036556856,-11.9862746150593));
#5242=CARTESIAN_POINT('',(19.4999999999857,3.87744379426953,-6.32941045522117));
#5243=CARTESIAN_POINT('',(19.4999999999865,-3.19363392794166,-10.5720610526862));
#5244=CARTESIAN_POINT('Origin',(26.499999999986,2.3566186036549,-5.02180852109115));
#5245=CARTESIAN_POINT('',(26.5000000000008,-1.77942036557686,-11.9862746150691));
#5246=CARTESIAN_POINT('',(26.5000000000011,-3.19363392794996,-10.572061052696));
#5247=CARTESIAN_POINT('',(26.5000000000008,-1.77942036557686,-11.9862746150691));
#5248=CARTESIAN_POINT('Origin',(3.14743985023554,7.05941439925086,-6.93467924058449E-13));
#5249=CARTESIAN_POINT('',(14.1075949586289,-3.90074070913729,23.4999999999985));
#5250=CARTESIAN_POINT('Origin',(11.9862746150689,-1.77942036557733,23.5000000000003));
#5251=CARTESIAN_POINT('',(14.1075949586288,-3.90074070913745,22.5000000000001));
#5252=CARTESIAN_POINT('',(14.1075949586288,-3.90074070913745,22.5000000000001));
#5253=CARTESIAN_POINT('Origin',(11.9862746150594,-1.77942036556809,22.4999999999999));
#5254=CARTESIAN_POINT('',(10.9256144432884,-0.718760193796932,23.));
#5255=CARTESIAN_POINT('Origin',(11.9862746150682,-1.77942036557675,23.0000000000001));
#5256=CARTESIAN_POINT('Origin',(19.4999999999861,0.,-12.4999999999867));
#5257=CARTESIAN_POINT('',(19.4999999999861,0.,-6.54999999999832));
#5258=CARTESIAN_POINT('',(19.4999999999861,0.,-6.54999999999832));
#5259=CARTESIAN_POINT('',(19.4999999999861,0.,-4.49998598464142));
#5260=CARTESIAN_POINT('',(19.4999999999861,0.,-4.49998598464142));
#5261=CARTESIAN_POINT('',(19.4999999999861,0.,-4.49998598464142));
#5262=CARTESIAN_POINT('Origin',(22.9999999999896,-2.,-6.54999999999909));
#5263=CARTESIAN_POINT('',(-1.44503460761358E-12,0.,-6.54999999999401));
#5264=CARTESIAN_POINT('Origin',(19.4999999999861,-2.,-6.54999999999831));
#5265=CARTESIAN_POINT('Origin',(-1.22557606147859,5.64520083687776,-1.22557606147805));
#5266=CARTESIAN_POINT('',(13.1067802846675,-0.585786437626893,-24.369879118211));
#5267=CARTESIAN_POINT('',(8.15703281635727,-0.585786437626896,-19.4201316498987));
#5268=CARTESIAN_POINT('',(-5.63154941676889,-0.585786437626901,-5.63154941676641));
#5269=CARTESIAN_POINT('',(6.31300617165556,-3.19363392794165,-21.2641582946007));
#5270=CARTESIAN_POINT('',(10.3130131793278,2.46323023189644,-17.2641512869277));
#5271=CARTESIAN_POINT('',(6.93432651521805,-5.31495427151055,-24.8854786381772));
#5272=CARTESIAN_POINT('Origin',(8.43432651522478,-3.19363392794118,-23.3854786381702));
#5273=CARTESIAN_POINT('',(7.64143329640341,-5.31495427151038,-25.5925854193627));
#5274=CARTESIAN_POINT('',(6.93432651521805,-5.31495427151055,-24.8854786381772));
#5275=CARTESIAN_POINT('',(11.2627536399647,-3.19363392794995,-26.2139057629238));
#5276=CARTESIAN_POINT('Origin',(9.14143329640491,-3.19363392795042,-24.0925854193637));
#5277=CARTESIAN_POINT('',(11.2627536399647,-3.19363392794995,-26.2139057629238));
#5278=CARTESIAN_POINT('',(7.50754981992217,-3.94363392795001,-23.5193621146597));
#5279=CARTESIAN_POINT('Origin',(8.78787990581199,-3.19363392794984,-23.7390320287698));
#5280=CARTESIAN_POINT('Origin',(12.1067802846673,0.828427124746206,-25.3698791182108));
#5281=CARTESIAN_POINT('',(12.1067802846673,0.828427124746203,-25.3698791182108));
#5282=CARTESIAN_POINT('',(13.1067802846675,-0.585786437626896,-24.369879118211));
#5283=CARTESIAN_POINT('Origin',(14.1067802846644,-2.,-23.3698791182079));
#5284=CARTESIAN_POINT('',(14.1067802846644,0.,-23.3698791182079));
#5285=CARTESIAN_POINT('',(14.1067802846644,0.,-23.3698791182079));
#5286=CARTESIAN_POINT('Origin',(14.1067802846677,-2.,-23.3698791182113));
#5287=CARTESIAN_POINT('Origin',(11.631906550512,-2.,-20.8950053840545));
#5288=CARTESIAN_POINT('',(7.15703281635705,0.828427124746198,-20.4201316498984));
#5289=CARTESIAN_POINT('',(-6.63154941676911,0.828427124746194,-6.63154941676619));
#5290=CARTESIAN_POINT('Origin',(9.15703281635749,-2.,-18.4201316498989));
#5291=CARTESIAN_POINT('Origin',(6.31300617165556,-3.19363392794165,-21.2641582946007));
#5292=CARTESIAN_POINT('',(8.15703281635727,-0.585786437626895,-19.4201316498987));
#5293=CARTESIAN_POINT('',(5.31300617165533,-1.77942036556855,-22.2641582946005));
#5294=CARTESIAN_POINT('',(9.31301317932762,3.87744379426953,-18.2641512869275));
#5295=CARTESIAN_POINT('',(6.31300617165556,-3.19363392794165,-21.2641582946007));
#5296=CARTESIAN_POINT('Origin',(15.1873748423497,2.3566186036549,-22.2892845605175));
#5297=CARTESIAN_POINT('',(10.2627536399645,-1.77942036557685,-27.2139057629236));
#5298=CARTESIAN_POINT('',(11.2627536399647,-3.19363392794995,-26.2139057629238));
#5299=CARTESIAN_POINT('',(10.2627536399645,-1.77942036557685,-27.2139057629236));
#5300=CARTESIAN_POINT('Origin',(-6.89475629805286E-13,7.05941439925086,
-3.14743985023554));
#5301=CARTESIAN_POINT('',(23.4999999999985,-3.9007407091373,-14.1075949586289));
#5302=CARTESIAN_POINT('Origin',(23.5000000000003,-1.77942036557733,-11.9862746150689));
#5303=CARTESIAN_POINT('',(22.5000000000001,-3.90074070913746,-14.1075949586288));
#5304=CARTESIAN_POINT('',(22.5000000000001,-3.90074070913746,-14.1075949586288));
#5305=CARTESIAN_POINT('Origin',(22.4999999999999,-1.77942036556809,-11.9862746150595));
#5306=CARTESIAN_POINT('',(21.5000000000001,-1.77942036557699,-11.9862746150681));
#5307=CARTESIAN_POINT('Origin',(23.0000000000001,-1.77942036557676,-11.9862746150682));
#5308=CARTESIAN_POINT('Origin',(4.94974746830538,0.,-22.6274169979503));
#5309=CARTESIAN_POINT('',(9.15703281635714,0.,-18.4201316498985));
#5310=CARTESIAN_POINT('',(9.15703281635714,0.,-18.4201316498985));
#5311=CARTESIAN_POINT('',(10.6066116281435,0.,-16.9705528381122));
#5312=CARTESIAN_POINT('',(10.6066116281435,0.,-16.9705528381122));
#5313=CARTESIAN_POINT('',(10.6066116281435,0.,-16.9705528381122));
#5314=CARTESIAN_POINT('Origin',(11.631906550512,-2.,-20.8950053840545));
#5315=CARTESIAN_POINT('',(-4.63154941676867,0.,-4.63154941676663));
#5316=CARTESIAN_POINT('Origin',(9.15703281635713,-2.,-18.4201316498985));
#5317=CARTESIAN_POINT('Origin',(-1.73322628786244,5.64520083687776,3.81916720471054E-13));
#5318=CARTESIAN_POINT('',(-7.96421356237295,-0.585786437626904,-26.499999999994));
#5319=CARTESIAN_POINT('',(-7.96421356237141,-0.585786437626905,-19.4999999999863));
#5320=CARTESIAN_POINT('',(-7.96421356236711,-0.585786437626905,1.75558522000259E-12));
#5321=CARTESIAN_POINT('',(-10.5720610526862,-3.19363392794165,-19.4999999999865));
#5322=CARTESIAN_POINT('',(-4.91519689284807,2.46323023189644,-19.499999999986));
#5323=CARTESIAN_POINT('',(-12.6933813962557,-5.31495427151054,-22.5000000000004));
#5324=CARTESIAN_POINT('Origin',(-10.5720610526864,-3.19363392794118,-22.5000000000002));
#5325=CARTESIAN_POINT('',(-12.6933813962558,-5.31495427151039,-23.4999999999988));
#5326=CARTESIAN_POINT('',(-12.6933813962557,-5.31495427151054,-22.5000000000004));
#5327=CARTESIAN_POINT('',(-10.572061052696,-3.19363392794995,-26.5000000000011));
#5328=CARTESIAN_POINT('Origin',(-10.5720610526958,-3.19363392795042,-23.5000000000006));
#5329=CARTESIAN_POINT('',(-10.572061052696,-3.19363392794995,-26.5000000000011));
#5330=CARTESIAN_POINT('',(-11.6327212244749,-4.25429409972967,-23.0000000000005));
#5331=CARTESIAN_POINT('Origin',(-10.5720610526951,-3.19363392794985,-23.0000000000004));
#5332=CARTESIAN_POINT('Origin',(-9.37842712474605,0.828427124746191,-26.4999999999937));
#5333=CARTESIAN_POINT('',(-9.37842712474605,0.828427124746192,-26.4999999999937));
#5334=CARTESIAN_POINT('',(-7.96421356237295,-0.585786437626904,-26.499999999994));
#5335=CARTESIAN_POINT('Origin',(-6.54999999999986,-2.,-26.4999999999896));
#5336=CARTESIAN_POINT('',(-6.54999999999986,0.,-26.4999999999896));
#5337=CARTESIAN_POINT('',(-6.54999999999986,0.,-26.4999999999896));
#5338=CARTESIAN_POINT('Origin',(-6.54999999999986,-2.,-26.4999999999943));
#5339=CARTESIAN_POINT('Origin',(-6.54999999999909,-2.,-22.9999999999896));
#5340=CARTESIAN_POINT('',(-9.37842712474451,0.828427124746191,-19.4999999999859));
#5341=CARTESIAN_POINT('',(-9.37842712474021,0.828427124746191,2.06736072251265E-12));
#5342=CARTESIAN_POINT('Origin',(-6.54999999999831,-2.,-19.4999999999866));
#5343=CARTESIAN_POINT('Origin',(-10.5720610526862,-3.19363392794165,-19.4999999999865));
#5344=CARTESIAN_POINT('',(-7.96421356237141,-0.585786437626905,-19.4999999999863));
#5345=CARTESIAN_POINT('',(-11.9862746150592,-1.77942036556855,-19.4999999999862));
#5346=CARTESIAN_POINT('',(-6.32941045522116,3.87744379426953,-19.4999999999857));
#5347=CARTESIAN_POINT('',(-10.5720610526862,-3.19363392794165,-19.4999999999865));
#5348=CARTESIAN_POINT('Origin',(-5.02180852109115,2.3566186036549,-26.499999999986));
#5349=CARTESIAN_POINT('',(-11.9862746150691,-1.77942036557685,-26.5000000000008));
#5350=CARTESIAN_POINT('',(-10.572061052696,-3.19363392794995,-26.5000000000011));
#5351=CARTESIAN_POINT('',(-11.9862746150691,-1.77942036557685,-26.5000000000008));
#5352=CARTESIAN_POINT('Origin',(-2.22557606147882,7.05941439925085,-2.22557606147783));
#5353=CARTESIAN_POINT('',(6.64143329640319,-3.90074070913729,-26.5925854193625));
#5354=CARTESIAN_POINT('Origin',(8.14143329640468,-1.77942036557732,-25.0925854193635));
#5355=CARTESIAN_POINT('',(5.93432651521783,-3.90074070913745,-25.885478638177));
#5356=CARTESIAN_POINT('',(5.93432651521783,-3.90074070913745,-25.885478638177));
#5357=CARTESIAN_POINT('Origin',(7.43432651522456,-1.77942036556809,-24.38547863817));
#5358=CARTESIAN_POINT('',(6.50754981992195,-2.52942036557691,-24.5193621146595));
#5359=CARTESIAN_POINT('Origin',(7.78787990581177,-1.77942036557675,-24.7390320287696));
#5360=CARTESIAN_POINT('Origin',(-12.4999999999867,0.,-19.4999999999861));
#5361=CARTESIAN_POINT('',(-6.54999999999831,0.,-19.4999999999861));
#5362=CARTESIAN_POINT('',(-6.54999999999831,0.,-19.4999999999861));
#5363=CARTESIAN_POINT('',(-4.49998598464141,0.,-19.4999999999861));
#5364=CARTESIAN_POINT('',(-4.49998598464141,0.,-19.4999999999861));
#5365=CARTESIAN_POINT('',(-4.49998598464141,0.,-19.4999999999861));
#5366=CARTESIAN_POINT('Origin',(-6.54999999999909,-2.,-22.9999999999896));
#5367=CARTESIAN_POINT('',(-6.54999999999402,0.,1.44399914432243E-12));
#5368=CARTESIAN_POINT('Origin',(-6.54999999999831,-2.,-19.4999999999861));
#5369=CARTESIAN_POINT('Origin',(-1.22557606147804,5.64520083687775,1.22557606147858));
#5370=CARTESIAN_POINT('',(-24.369879118211,-0.585786437626898,-13.1067802846675));
#5371=CARTESIAN_POINT('',(-19.4201316498986,-0.585786437626895,-8.15703281635727));
#5372=CARTESIAN_POINT('',(-5.63154941676639,-0.58578643762689,5.63154941676889));
#5373=CARTESIAN_POINT('',(-21.2641582946007,-3.19363392794164,-6.31300617165555));
#5374=CARTESIAN_POINT('',(-17.2641512869277,2.46323023189643,-10.3130131793279));
#5375=CARTESIAN_POINT('',(-24.8854786381772,-5.31495427151054,-6.93432651521804));
#5376=CARTESIAN_POINT('Origin',(-23.3854786381702,-3.19363392794118,-8.43432651522478));
#5377=CARTESIAN_POINT('',(-25.5925854193627,-5.31495427151038,-7.6414332964034));
#5378=CARTESIAN_POINT('',(-24.8854786381772,-5.31495427151054,-6.93432651521804));
#5379=CARTESIAN_POINT('',(-26.2139057629238,-3.19363392794994,-11.2627536399647));
#5380=CARTESIAN_POINT('Origin',(-24.0925854193637,-3.19363392795041,-9.1414332964049));
#5381=CARTESIAN_POINT('',(-26.2139057629238,-3.19363392794994,-11.2627536399647));
#5382=CARTESIAN_POINT('',(-25.0193621146598,-3.94363392794967,-9.00754981992207));
#5383=CARTESIAN_POINT('Origin',(-23.7390320287698,-3.19363392794984,-8.78787990581198));
#5384=CARTESIAN_POINT('Origin',(-25.3698791182108,0.828427124746202,-12.1067802846672));
#5385=CARTESIAN_POINT('',(-25.3698791182108,0.828427124746198,-12.1067802846672));
#5386=CARTESIAN_POINT('',(-24.369879118211,-0.585786437626896,-13.1067802846675));
#5387=CARTESIAN_POINT('Origin',(-23.3698791182079,-2.,-14.1067802846644));
#5388=CARTESIAN_POINT('',(-23.3698791182079,0.,-14.1067802846644));
#5389=CARTESIAN_POINT('',(-23.3698791182079,0.,-14.1067802846644));
#5390=CARTESIAN_POINT('Origin',(-23.3698791182113,-2.,-14.1067802846677));
#5391=CARTESIAN_POINT('Origin',(-20.8950053840545,-2.,-11.631906550512));
#5392=CARTESIAN_POINT('',(-20.4201316498984,0.828427124746203,-7.15703281635705));
#5393=CARTESIAN_POINT('',(-6.63154941676617,0.828427124746207,6.6315494167691));
#5394=CARTESIAN_POINT('Origin',(-18.4201316498989,-2.,-9.15703281635749));
#5395=CARTESIAN_POINT('Origin',(-21.2641582946007,-3.19363392794164,-6.31300617165555));
#5396=CARTESIAN_POINT('',(-19.4201316498986,-0.585786437626896,-8.15703281635727));
#5397=CARTESIAN_POINT('',(-22.2641582946005,-1.77942036556854,-5.31300617165533));
#5398=CARTESIAN_POINT('',(-18.2641512869275,3.87744379426953,-9.31301317932763));
#5399=CARTESIAN_POINT('',(-21.2641582946007,-3.19363392794164,-6.31300617165555));
#5400=CARTESIAN_POINT('Origin',(-22.2892845605175,2.3566186036549,-15.1873748423497));
#5401=CARTESIAN_POINT('',(-27.2139057629236,-1.77942036557684,-10.2627536399645));
#5402=CARTESIAN_POINT('',(-26.2139057629238,-3.19363392794994,-11.2627536399647));
#5403=CARTESIAN_POINT('',(-27.2139057629236,-1.77942036557684,-10.2627536399645));
#5404=CARTESIAN_POINT('Origin',(-3.14743985023554,7.05941439925086,6.93692222981118E-13));
#5405=CARTESIAN_POINT('',(-14.1075949586289,-3.90074070913729,-23.4999999999985));
#5406=CARTESIAN_POINT('Origin',(-11.9862746150689,-1.77942036557732,-23.5000000000003));
#5407=CARTESIAN_POINT('',(-14.1075949586288,-3.90074070913745,-22.5000000000001));
#5408=CARTESIAN_POINT('',(-14.1075949586288,-3.90074070913745,-22.5000000000001));
#5409=CARTESIAN_POINT('Origin',(-11.9862746150594,-1.77942036556809,-22.4999999999999));
#5410=CARTESIAN_POINT('',(-13.046934786848,-2.84008053735657,-23.0000000000002));
#5411=CARTESIAN_POINT('Origin',(-11.9862746150682,-1.77942036557675,-23.0000000000001));
#5412=CARTESIAN_POINT('Origin',(-22.6274169979503,0.,-4.94974746830537));
#5413=CARTESIAN_POINT('',(-18.4201316498985,0.,-9.15703281635713));
#5414=CARTESIAN_POINT('',(-18.4201316498985,0.,-9.15703281635713));
#5415=CARTESIAN_POINT('',(-16.9705528381122,0.,-10.6066116281435));
#5416=CARTESIAN_POINT('',(-16.9705528381122,0.,-10.6066116281435));
#5417=CARTESIAN_POINT('',(-16.9705528381122,0.,-10.6066116281435));
#5418=CARTESIAN_POINT('Origin',(-20.8950053840545,-2.,-11.631906550512));
#5419=CARTESIAN_POINT('',(-4.63154941676662,0.,4.63154941676867));
#5420=CARTESIAN_POINT('Origin',(-18.4201316498985,-2.,-9.15703281635713));
#5421=CARTESIAN_POINT('Origin',(21.2641582946007,-3.19363392794165,6.31300617165556));
#5422=CARTESIAN_POINT('',(19.4201316498987,-0.585786437626906,8.15703281635726));
#5423=CARTESIAN_POINT('',(20.4201316498984,0.828427124746189,7.15703281635704));
#5424=CARTESIAN_POINT('',(19.4201316498987,-0.585786437626907,8.15703281635726));
#5425=CARTESIAN_POINT('',(22.2641582946005,-1.77942036556855,5.31300617165533));
#5426=CARTESIAN_POINT('',(18.2641512869275,3.87744379426953,9.31301317932762));
#5427=CARTESIAN_POINT('',(21.2641582946007,-3.19363392794165,6.31300617165555));
#5428=CARTESIAN_POINT('',(21.2641582946007,-3.19363392794165,6.31300617165555));
#5429=CARTESIAN_POINT('',(17.2641512869277,2.46323023189644,10.3130131793278));
#5430=CARTESIAN_POINT('Origin',(20.8950053840545,-2.,11.631906550512));
#5431=CARTESIAN_POINT('',(24.369879118211,-0.585786437626907,13.1067802846675));
#5432=CARTESIAN_POINT('',(5.6315494167664,-0.585786437626905,-5.6315494167689));
#5433=CARTESIAN_POINT('',(23.3698791182079,0.,14.1067802846644));
#5434=CARTESIAN_POINT('Origin',(23.3698791182113,-2.,14.1067802846677));
#5435=CARTESIAN_POINT('',(18.4201316498985,0.,9.15703281635714));
#5436=CARTESIAN_POINT('',(4.63154941676662,0.,-4.63154941676867));
#5437=CARTESIAN_POINT('Origin',(18.4201316498985,-2.,9.15703281635713));
#5438=CARTESIAN_POINT('Origin',(25.3698791182108,0.828427124746188,12.1067802846672));
#5439=CARTESIAN_POINT('',(25.3698791182108,0.828427124746187,12.1067802846672));
#5440=CARTESIAN_POINT('',(24.369879118211,-0.585786437626907,13.1067802846675));
#5441=CARTESIAN_POINT('Origin',(23.3698791182079,-2.,14.1067802846644));
#5442=CARTESIAN_POINT('',(23.3698791182079,0.,14.1067802846644));
#5443=CARTESIAN_POINT('Origin',(2.22557606147782,7.05941439925085,-2.22557606147882));
#5444=CARTESIAN_POINT('',(6.63154941676618,0.828427124746189,-6.63154941676912));
#5445=CARTESIAN_POINT('',(27.2139057629236,-1.77942036557685,10.2627536399645));
#5446=CARTESIAN_POINT('',(27.2139057629236,-1.77942036557685,10.2627536399645));
#5447=CARTESIAN_POINT('',(26.5925854193624,-3.90074070913729,6.64143329640318));
#5448=CARTESIAN_POINT('Origin',(25.0925854193635,-1.77942036557732,8.14143329640468));
#5449=CARTESIAN_POINT('',(25.885478638177,-3.90074070913745,5.93432651521782));
#5450=CARTESIAN_POINT('',(25.885478638177,-3.90074070913745,5.93432651521782));
#5451=CARTESIAN_POINT('Origin',(24.38547863817,-1.77942036556809,7.43432651522456));
#5452=CARTESIAN_POINT('',(23.4587019428796,-1.02942036557692,7.56820999170167));
#5453=CARTESIAN_POINT('Origin',(24.7390320287696,-1.77942036557675,7.78787990581176));
#5454=CARTESIAN_POINT('Origin',(1.22557606147804,5.64520083687776,-1.22557606147859));
#5455=CARTESIAN_POINT('',(24.8854786381772,-5.31495427151055,6.93432651521805));
#5456=CARTESIAN_POINT('Origin',(23.3854786381702,-3.19363392794118,8.43432651522478));
#5457=CARTESIAN_POINT('',(25.5925854193627,-5.31495427151039,7.64143329640341));
#5458=CARTESIAN_POINT('',(24.8854786381772,-5.31495427151055,6.93432651521805));
#5459=CARTESIAN_POINT('',(26.2139057629238,-3.19363392794995,11.2627536399647));
#5460=CARTESIAN_POINT('Origin',(24.0925854193637,-3.19363392795042,9.1414332964049));
#5461=CARTESIAN_POINT('',(26.2139057629238,-3.19363392794995,11.2627536399647));
#5462=CARTESIAN_POINT('',(22.4587019428798,-2.44363392795001,8.56820999170189));
#5463=CARTESIAN_POINT('Origin',(23.7390320287698,-3.19363392794985,8.78787990581198));
#5464=CARTESIAN_POINT('Origin',(22.0269119346607,0.,15.4497474682067));
#5465=CARTESIAN_POINT('',(22.0269119346607,0.,15.4497474682067));
#5466=CARTESIAN_POINT('',(22.0269119346607,0.,15.4497474682067));
#5467=CARTESIAN_POINT('',(27.5771644662758,0.,9.89949493661212));
#5468=CARTESIAN_POINT('Origin',(-2.22557606147781,7.05941439925085,2.2255760614788));
#5469=CARTESIAN_POINT('',(-26.5925854193624,-3.90074070913728,-6.64143329640319));
#5470=CARTESIAN_POINT('Origin',(-25.0925854193635,-1.77942036557732,-8.14143329640468));
#5471=CARTESIAN_POINT('',(-25.885478638177,-3.90074070913744,-5.93432651521782));
#5472=CARTESIAN_POINT('',(-25.885478638177,-3.90074070913744,-5.93432651521782));
#5473=CARTESIAN_POINT('Origin',(-24.38547863817,-1.77942036556808,-7.43432651522456));
#5474=CARTESIAN_POINT('',(-26.0193621146596,-2.52942036557657,-8.00754981992185));
#5475=CARTESIAN_POINT('Origin',(-24.7390320287696,-1.77942036557674,-7.78787990581176));
#5476=CARTESIAN_POINT('Origin',(19.4201316498987,-0.585786437626906,8.15703281635726));
#5477=CARTESIAN_POINT('',(18.4201316498985,0.,9.15703281635714));
#5478=CARTESIAN_POINT('Origin',(18.4201316498989,-2.,9.15703281635748));
#5479=CARTESIAN_POINT('Origin',(-23.7390320287698,-3.19363392794984,-8.78787990581198));
#5480=CARTESIAN_POINT('',(-25.0193621146598,-3.94363392794967,-9.00754981992207));
#5481=CARTESIAN_POINT('Origin',(-8.48528137423857,0.,8.48528137423857));
#5482=CARTESIAN_POINT('',(-10.1352813742386,0.,8.48528137423857));
#5483=CARTESIAN_POINT('',(-10.1352813742386,0.,8.48528137423857));
#5484=CARTESIAN_POINT('Origin',(-8.48528137423857,0.,8.48528137423857));
#5485=CARTESIAN_POINT('Origin',(8.48528137423857,0.,-8.48528137423857));
#5486=CARTESIAN_POINT('',(6.83528137423857,0.,-8.48528137423857));
#5487=CARTESIAN_POINT('',(6.83528137423857,0.,-8.48528137423857));
#5488=CARTESIAN_POINT('Origin',(8.48528137423857,0.,-8.48528137423857));
#5489=CARTESIAN_POINT('Origin',(23.0000000000004,-3.19363392794985,-10.5720610526951));
#5490=CARTESIAN_POINT('',(21.5000000000004,-3.19363392795009,-10.572061052695));
#5491=CARTESIAN_POINT('Origin',(8.48528137423857,0.,8.48528137423857));
#5492=CARTESIAN_POINT('',(6.83528137423858,0.,8.48528137423857));
#5493=CARTESIAN_POINT('',(6.83528137423858,0.,8.48528137423857));
#5494=CARTESIAN_POINT('Origin',(8.48528137423857,0.,8.48528137423857));
#5495=CARTESIAN_POINT('Origin',(8.78787990581199,-3.19363392794984,-23.7390320287698));
#5496=CARTESIAN_POINT('',(7.50754981992217,-3.94363392795001,-23.5193621146597));
#5497=CARTESIAN_POINT('Origin',(0.,0.,0.));
#5498=CARTESIAN_POINT('',(-9.,0.,1.10218211923262E-15));
#5499=CARTESIAN_POINT('',(-9.,0.,1.10218211923262E-15));
#5500=CARTESIAN_POINT('Origin',(0.,0.,0.));
#5501=CARTESIAN_POINT('Origin',(-23.0000000000004,-3.19363392794985,10.5720610526951));
#5502=CARTESIAN_POINT('',(-24.5000000000004,-3.19363392794961,10.5720610526952));
#5503=CARTESIAN_POINT('Origin',(-8.48528137423857,0.,-8.48528137423857));
#5504=CARTESIAN_POINT('',(-10.1352813742386,0.,-8.48528137423857));
#5505=CARTESIAN_POINT('',(-10.1352813742386,0.,-8.48528137423857));
#5506=CARTESIAN_POINT('Origin',(-8.48528137423857,0.,-8.48528137423857));
#5507=CARTESIAN_POINT('Origin',(-10.5720610526951,-3.19363392794985,-23.0000000000004));
#5508=CARTESIAN_POINT('',(-11.6327212244749,-4.25429409972967,-23.0000000000005));
#5509=CARTESIAN_POINT('Origin',(23.7390320287698,-3.19363392794985,8.78787990581198));
#5510=CARTESIAN_POINT('',(22.4587019428798,-2.44363392795001,8.56820999170189));
#5511=CARTESIAN_POINT('Origin',(-8.78787990581198,-3.19363392794984,23.7390320287698));
#5512=CARTESIAN_POINT('',(-10.0682099917018,-2.44363392794968,23.9587019428799));
#5513=CARTESIAN_POINT('Origin',(10.5720610526951,-3.19363392794985,23.0000000000004));
#5514=CARTESIAN_POINT('',(9.5114008809153,-2.13297375617003,23.0000000000003));
#5515=CARTESIAN_POINT('Origin',(-15.4497474682067,0.,22.0269119346606));
#5516=CARTESIAN_POINT('',(-15.4497474682067,0.,22.0269119346607));
#5517=CARTESIAN_POINT('',(-15.4497474682067,0.,22.0269119346607));
#5518=CARTESIAN_POINT('',(-9.89949493661212,0.,27.5771644662758));
#5519=CARTESIAN_POINT('Origin',(-10.4999999998998,0.,17.0771644663538));
#5520=CARTESIAN_POINT('',(-17.4999999999013,0.,17.0771644663538));
#5521=CARTESIAN_POINT('Origin',(-10.4999999998998,0.,17.0771644663538));
#5522=CARTESIAN_POINT('',(-17.4999999999013,0.,17.0771644663538));
#5523=CARTESIAN_POINT('Origin',(-17.4999999998885,0.,4.50004481820625));
#5524=CARTESIAN_POINT('',(-17.4999999998885,0.,4.50004481820625));
#5525=CARTESIAN_POINT('',(-17.4999999998885,0.,9.66387736990757));
#5526=CARTESIAN_POINT('',(-17.4999999998885,0.,4.50004481820625));
#5527=CARTESIAN_POINT('Origin',(-18.4999999994867,0.,4.49999999999908));
#5528=CARTESIAN_POINT('Origin',(-18.4999999994867,0.,4.49999999999908));
#5529=CARTESIAN_POINT('Origin',(-19.4999999999863,-0.585786437626905,7.96421356237141));
#5530=CARTESIAN_POINT('Origin',(-22.5000000000002,-3.19363392794118,10.5720610526863));
#5531=CARTESIAN_POINT('',(-22.5000000000004,-5.31495427151054,12.6933813962557));
#5532=CARTESIAN_POINT('Origin',(-23.4999999999988,-5.31495427150928,12.6933813962547));
#5533=CARTESIAN_POINT('',(-23.4999999999988,-5.31495427151038,12.6933813962558));
#5534=CARTESIAN_POINT('Origin',(-23.5000000000006,-3.19363392795042,10.5720610526958));
#5535=CARTESIAN_POINT('Origin',(-26.4999999999861,0.,4.65075759520882));
#5536=CARTESIAN_POINT('',(-26.4999999999861,0.,4.65075759520882));
#5537=CARTESIAN_POINT('',(-26.4999999999861,0.,4.65075759520882));
#5538=CARTESIAN_POINT('',(-26.5000000000006,0.,12.5));
#5539=CARTESIAN_POINT('Origin',(-19.4999999999847,0.,4.65075759520882));
#5540=CARTESIAN_POINT('',(-24.4497474682915,0.,-0.298989873098024));
#5541=CARTESIAN_POINT('Origin',(-19.4999999999847,0.,4.65075759520882));
#5542=CARTESIAN_POINT('',(-24.4497474682915,0.,-0.298989873098024));
#5543=CARTESIAN_POINT('Origin',(-15.5563808772827,0.,-9.1923564640887));
#5544=CARTESIAN_POINT('',(-15.5563808772827,0.,-9.1923564640887));
#5545=CARTESIAN_POINT('',(-19.2077618915026,0.,-5.54097544986886));
#5546=CARTESIAN_POINT('',(-15.5563808772827,0.,-9.1923564640887));
#5547=CARTESIAN_POINT('Origin',(-16.263455966927,0.,-9.89949493624937));
#5548=CARTESIAN_POINT('Origin',(-16.263455966927,0.,-9.89949493624937));
#5549=CARTESIAN_POINT('Origin',(-19.4201316498987,-0.585786437626899,-8.15703281635727));
#5550=CARTESIAN_POINT('Origin',(-23.3854786381702,-3.19363392794118,-8.43432651522478));
#5551=CARTESIAN_POINT('',(-24.8854786381772,-5.31495427151054,-6.93432651521804));
#5552=CARTESIAN_POINT('Origin',(-25.5925854193619,-5.31495427150928,-7.64143329640418));
#5553=CARTESIAN_POINT('',(-25.5925854193627,-5.31495427151038,-7.6414332964034));
#5554=CARTESIAN_POINT('Origin',(-24.0925854193637,-3.19363392795041,-9.1414332964049));
#5555=CARTESIAN_POINT('Origin',(-22.0269119346607,0.,-15.4497474682067));
#5556=CARTESIAN_POINT('',(-22.0269119346607,0.,-15.4497474682067));
#5557=CARTESIAN_POINT('',(-22.0269119346607,0.,-15.4497474682067));
#5558=CARTESIAN_POINT('',(-27.5771644662758,0.,-9.89949493661212));
#5559=CARTESIAN_POINT('Origin',(-17.0771644663538,0.,-10.4999999998998));
#5560=CARTESIAN_POINT('',(-17.0771644663538,0.,-17.4999999999012));
#5561=CARTESIAN_POINT('Origin',(-17.0771644663538,0.,-10.4999999998998));
#5562=CARTESIAN_POINT('',(-17.0771644663538,0.,-17.4999999999012));
#5563=CARTESIAN_POINT('Origin',(-4.50004481820625,0.,-17.4999999998885));
#5564=CARTESIAN_POINT('',(-4.50004481820625,0.,-17.4999999998885));
#5565=CARTESIAN_POINT('',(-9.66387736990757,0.,-17.4999999998885));
#5566=CARTESIAN_POINT('',(-4.50004481820625,0.,-17.4999999998885));
#5567=CARTESIAN_POINT('Origin',(-4.49999999999908,0.,-18.4999999994867));
#5568=CARTESIAN_POINT('Origin',(-4.49999999999908,0.,-18.4999999994867));
#5569=CARTESIAN_POINT('Origin',(-7.96421356237141,-0.585786437626906,-19.4999999999863));
#5570=CARTESIAN_POINT('Origin',(-10.5720610526864,-3.19363392794118,-22.5000000000002));
#5571=CARTESIAN_POINT('',(-12.6933813962557,-5.31495427151054,-22.5000000000004));
#5572=CARTESIAN_POINT('Origin',(-12.6933813962547,-5.31495427150929,-23.4999999999988));
#5573=CARTESIAN_POINT('',(-12.6933813962558,-5.31495427151039,-23.4999999999988));
#5574=CARTESIAN_POINT('Origin',(-10.5720610526958,-3.19363392795042,-23.5000000000006));
#5575=CARTESIAN_POINT('Origin',(-4.65075759520882,0.,-26.4999999999861));
#5576=CARTESIAN_POINT('',(-4.65075759520882,0.,-26.4999999999861));
#5577=CARTESIAN_POINT('',(-4.65075759520882,0.,-26.4999999999861));
#5578=CARTESIAN_POINT('',(-12.5,0.,-26.5000000000006));
#5579=CARTESIAN_POINT('Origin',(-4.65075759520882,0.,-19.4999999999847));
#5580=CARTESIAN_POINT('',(0.298989873098039,0.,-24.4497474682915));
#5581=CARTESIAN_POINT('Origin',(-4.65075759520882,0.,-19.4999999999847));
#5582=CARTESIAN_POINT('',(0.298989873098039,0.,-24.4497474682915));
#5583=CARTESIAN_POINT('Origin',(9.1923564640887,0.,-15.5563808772827));
#5584=CARTESIAN_POINT('',(9.1923564640887,0.,-15.5563808772827));
#5585=CARTESIAN_POINT('',(5.54097544986887,0.,-19.2077618915026));
#5586=CARTESIAN_POINT('',(9.1923564640887,0.,-15.5563808772827));
#5587=CARTESIAN_POINT('Origin',(9.89949493624937,0.,-16.263455966927));
#5588=CARTESIAN_POINT('Origin',(9.89949493624937,0.,-16.263455966927));
#5589=CARTESIAN_POINT('Origin',(8.15703281635727,-0.5857864376269,-19.4201316498987));
#5590=CARTESIAN_POINT('Origin',(8.43432651522478,-3.19363392794118,-23.3854786381702));
#5591=CARTESIAN_POINT('',(6.93432651521805,-5.31495427151055,-24.8854786381772));
#5592=CARTESIAN_POINT('Origin',(7.64143329640419,-5.31495427150929,-25.5925854193619));
#5593=CARTESIAN_POINT('',(7.64143329640341,-5.31495427151038,-25.5925854193627));
#5594=CARTESIAN_POINT('Origin',(9.14143329640491,-3.19363392795042,-24.0925854193637));
#5595=CARTESIAN_POINT('Origin',(15.4497474682067,0.,-22.0269119346606));
#5596=CARTESIAN_POINT('',(15.4497474682067,0.,-22.0269119346607));
#5597=CARTESIAN_POINT('',(15.4497474682067,0.,-22.0269119346607));
#5598=CARTESIAN_POINT('',(9.89949493661212,0.,-27.5771644662758));
#5599=CARTESIAN_POINT('Origin',(10.4999999998998,0.,-17.0771644663538));
#5600=CARTESIAN_POINT('',(17.4999999999013,0.,-17.0771644663538));
#5601=CARTESIAN_POINT('Origin',(10.4999999998998,0.,-17.0771644663538));
#5602=CARTESIAN_POINT('',(17.4999999999013,0.,-17.0771644663538));
#5603=CARTESIAN_POINT('Origin',(17.4999999998885,0.,-4.50004481820626));
#5604=CARTESIAN_POINT('',(17.4999999998885,0.,-4.50004481820626));
#5605=CARTESIAN_POINT('',(17.4999999998885,0.,-9.66387736990758));
#5606=CARTESIAN_POINT('',(17.4999999998885,0.,-4.50004481820626));
#5607=CARTESIAN_POINT('Origin',(18.4999999994867,0.,-4.49999999999909));
#5608=CARTESIAN_POINT('Origin',(18.4999999994867,0.,-4.49999999999909));
#5609=CARTESIAN_POINT('Origin',(19.4999999999863,-0.585786437626905,-7.96421356237141));
#5610=CARTESIAN_POINT('Origin',(22.5000000000002,-3.19363392794119,-10.5720610526864));
#5611=CARTESIAN_POINT('',(22.5000000000004,-5.31495427151055,-12.6933813962557));
#5612=CARTESIAN_POINT('Origin',(23.4999999999988,-5.3149542715093,-12.6933813962547));
#5613=CARTESIAN_POINT('',(23.4999999999988,-5.31495427151039,-12.6933813962558));
#5614=CARTESIAN_POINT('Origin',(23.5000000000006,-3.19363392795042,-10.5720610526958));
#5615=CARTESIAN_POINT('Origin',(26.4999999999861,0.,-4.65075759520882));
#5616=CARTESIAN_POINT('',(26.4999999999861,0.,-4.65075759520882));
#5617=CARTESIAN_POINT('',(26.4999999999861,0.,-4.65075759520882));
#5618=CARTESIAN_POINT('',(26.5000000000006,0.,-12.5));
#5619=CARTESIAN_POINT('Origin',(19.4999999999847,0.,-4.65075759520882));
#5620=CARTESIAN_POINT('',(24.4497474682915,0.,0.298989873098022));
#5621=CARTESIAN_POINT('Origin',(19.4999999999847,0.,-4.65075759520882));
#5622=CARTESIAN_POINT('',(24.4497474682915,0.,0.298989873098022));
#5623=CARTESIAN_POINT('Origin',(15.5563808772828,0.,9.1923564640887));
#5624=CARTESIAN_POINT('',(15.5563808772828,0.,9.1923564640887));
#5625=CARTESIAN_POINT('',(19.2077618915026,0.,5.54097544986886));
#5626=CARTESIAN_POINT('',(15.5563808772828,0.,9.1923564640887));
#5627=CARTESIAN_POINT('Origin',(16.263455966927,0.,9.89949493624937));
#5628=CARTESIAN_POINT('',(16.9705528381122,0.,10.6066116281435));
#5629=CARTESIAN_POINT('Origin',(16.263455966927,0.,9.89949493624937));
#5630=CARTESIAN_POINT('',(16.9705528381122,0.,10.6066116281435));
#5631=CARTESIAN_POINT('Origin',(22.6274169979503,0.,4.94974746830537));
#5632=CARTESIAN_POINT('',(16.9705528381122,0.,10.6066116281435));
#5633=CARTESIAN_POINT('Origin',(23.3854786381702,-3.19363392794118,8.43432651522478));
#5634=CARTESIAN_POINT('',(24.8854786381772,-5.31495427151055,6.93432651521805));
#5635=CARTESIAN_POINT('Origin',(25.5925854193619,-5.31495427150929,7.64143329640418));
#5636=CARTESIAN_POINT('',(25.5925854193627,-5.31495427151039,7.64143329640341));
#5637=CARTESIAN_POINT('Origin',(24.0925854193637,-3.19363392795042,9.1414332964049));
#5638=CARTESIAN_POINT('',(26.2139057629238,-3.19363392794995,11.2627536399647));
#5639=CARTESIAN_POINT('Origin',(22.2892845605175,2.3566186036549,15.1873748423497));
#5640=CARTESIAN_POINT('Origin',(17.0771644663538,0.,10.4999999998998));
#5641=CARTESIAN_POINT('',(17.0771644663538,0.,17.4999999999012));
#5642=CARTESIAN_POINT('Origin',(17.0771644663538,0.,10.4999999998998));
#5643=CARTESIAN_POINT('',(17.0771644663538,0.,17.4999999999012));
#5644=CARTESIAN_POINT('Origin',(4.50004481820625,0.,17.4999999995185));
#5645=CARTESIAN_POINT('',(4.50004481820625,0.,17.4999999995185));
#5646=CARTESIAN_POINT('',(9.66387736990757,0.,17.4999999999861));
#5647=CARTESIAN_POINT('',(4.50004481820625,0.,17.4999999995185));
#5648=CARTESIAN_POINT('Origin',(4.49999999999908,0.,18.4999999994867));
#5649=CARTESIAN_POINT('Origin',(4.49999999999908,0.,18.4999999994867));
#5650=CARTESIAN_POINT('Origin',(7.96421356237141,-0.585786437626905,19.4999999999863));
#5651=CARTESIAN_POINT('Origin',(10.5720610526864,-3.19363392794119,22.5000000000002));
#5652=CARTESIAN_POINT('',(12.6933813962557,-5.31495427151055,22.5000000000004));
#5653=CARTESIAN_POINT('Origin',(12.6933813962547,-5.31495427150929,23.4999999999988));
#5654=CARTESIAN_POINT('',(12.6933813962558,-5.31495427151039,23.4999999999988));
#5655=CARTESIAN_POINT('Origin',(10.5720610526958,-3.19363392795042,23.5000000000006));
#5656=CARTESIAN_POINT('Origin',(4.65075759520882,0.,26.4999999999861));
#5657=CARTESIAN_POINT('',(4.65075759520882,0.,26.4999999999861));
#5658=CARTESIAN_POINT('',(4.65075759520882,0.,26.4999999999861));
#5659=CARTESIAN_POINT('',(12.5,0.,26.5000000000006));
#5660=CARTESIAN_POINT('Origin',(4.65075759520882,0.,19.4999999999847));
#5661=CARTESIAN_POINT('',(-0.298989873098015,0.,24.4497474682915));
#5662=CARTESIAN_POINT('Origin',(4.65075759520882,0.,19.4999999999847));
#5663=CARTESIAN_POINT('',(-0.298989873098015,0.,24.4497474682915));
#5664=CARTESIAN_POINT('Origin',(-9.1923564640887,0.,15.5563808772827));
#5665=CARTESIAN_POINT('',(-9.1923564640887,0.,15.5563808772827));
#5666=CARTESIAN_POINT('',(-5.54097544986887,0.,19.2077618915026));
#5667=CARTESIAN_POINT('',(-9.1923564640887,0.,15.5563808772827));
#5668=CARTESIAN_POINT('Origin',(-9.89949493624937,0.,16.263455966927));
#5669=CARTESIAN_POINT('Origin',(-9.89949493624937,0.,16.263455966927));
#5670=CARTESIAN_POINT('Origin',(-8.15703281635727,-0.585786437626905,19.4201316498987));
#5671=CARTESIAN_POINT('Origin',(-8.43432651522478,-3.19363392794118,23.3854786381702));
#5672=CARTESIAN_POINT('',(-6.93432651521805,-5.31495427151054,24.8854786381772));
#5673=CARTESIAN_POINT('Origin',(-7.64143329640419,-5.31495427150928,25.5925854193619));
#5674=CARTESIAN_POINT('',(-7.64143329640341,-5.31495427151038,25.5925854193627));
#5675=CARTESIAN_POINT('Origin',(-9.14143329640491,-3.19363392795041,24.0925854193637));
#5676=CARTESIAN_POINT('Origin',(20.8950053840545,-2.,11.631906550512));
#5677=CARTESIAN_POINT('Origin',(0.,0.,0.));
#5678=CARTESIAN_POINT('',(0.,0.,0.));
#5679=CARTESIAN_POINT('Ctrl Pts',(-13.0807777815003,6.93889390390723E-17,
5.32554717308721));
#5680=CARTESIAN_POINT('Ctrl Pts',(-13.0807777815003,0.796664390847533,5.32554717308721));
#5681=CARTESIAN_POINT('Ctrl Pts',(-13.0807777815004,2.38324694890946,4.95779325395504));
#5682=CARTESIAN_POINT('Ctrl Pts',(-13.0807777815004,4.96311423481318,2.93665198967591));
#5683=CARTESIAN_POINT('Ctrl Pts',(-13.0807777815003,5.94146353647109,-1.35319210569935));
#5684=CARTESIAN_POINT('Ctrl Pts',(-13.0807777815004,2.64573506415682,-5.49575746397366));
#5685=CARTESIAN_POINT('Ctrl Pts',(-13.0807777815003,-2.64313420150007,-5.4910213944094));
#5686=CARTESIAN_POINT('Ctrl Pts',(-13.0807777815004,-5.94761654188857,-1.35404823316296));
#5687=CARTESIAN_POINT('Ctrl Pts',(-13.0807777815003,-4.96080961509987,2.93501059725927));
#5688=CARTESIAN_POINT('Ctrl Pts',(-13.0807777815003,-2.38348508784356,4.95779811461553));
#5689=CARTESIAN_POINT('Ctrl Pts',(-13.0807777815003,-0.796664390847531,
5.32554717308721));
#5690=CARTESIAN_POINT('Ctrl Pts',(-13.0807777815003,8.32667268468867E-16,
5.32554717308721));
#5691=CARTESIAN_POINT('Ctrl Pts',(-13.3636466479961,6.46116382166902E-17,
5.30262273965486));
#5692=CARTESIAN_POINT('Ctrl Pts',(-13.3636466479961,0.793611474371962,5.30262273965486));
#5693=CARTESIAN_POINT('Ctrl Pts',(-13.3636466479961,2.37292245243774,4.93645903485529));
#5694=CARTESIAN_POINT('Ctrl Pts',(-13.3636466479961,4.94203357085633,2.92416622833954));
#5695=CARTESIAN_POINT('Ctrl Pts',(-13.3636466479961,5.91584434614667,-1.34733384654595));
#5696=CARTESIAN_POINT('Ctrl Pts',(-13.3636466479961,2.6345038593775,-5.47234735274756));
#5697=CARTESIAN_POINT('Ctrl Pts',(-13.3636466479961,-2.63182911652611,-5.46736763142937));
#5698=CARTESIAN_POINT('Ctrl Pts',(-13.3636466479961,-5.92221103349052,-1.34827807559676));
#5699=CARTESIAN_POINT('Ctrl Pts',(-13.3636466479961,-4.9395757256508,2.92238321298962));
#5700=CARTESIAN_POINT('Ctrl Pts',(-13.3636466479961,-2.3731813865594,4.93657215486299));
#5701=CARTESIAN_POINT('Ctrl Pts',(-13.3636466479961,-0.793611474371958,
5.30262273965486));
#5702=CARTESIAN_POINT('Ctrl Pts',(-13.3636466479961,8.29727391039709E-16,
5.30262273965486));
#5703=CARTESIAN_POINT('Ctrl Pts',(-13.8363471860107,4.0746425215983E-17,
5.03910892995984));
#5704=CARTESIAN_POINT('Ctrl Pts',(-13.8363471860107,0.753693731871048,5.03910892995984));
#5705=CARTESIAN_POINT('Ctrl Pts',(-13.8363471860107,2.25508351661655,4.69113259385385));
#5706=CARTESIAN_POINT('Ctrl Pts',(-13.8363471860107,4.69607813685223,2.77865196425919));
#5707=CARTESIAN_POINT('Ctrl Pts',(-13.8363471860107,5.62191183909613,-1.28042047670567));
#5708=CARTESIAN_POINT('Ctrl Pts',(-13.8363471860106,2.50338147394715,-5.20008460343034));
#5709=CARTESIAN_POINT('Ctrl Pts',(-13.8363471860107,-2.50094796421067,-5.19568850212332));
#5710=CARTESIAN_POINT('Ctrl Pts',(-13.8363471860106,-5.62765637110739,-1.28120092663992));
#5711=CARTESIAN_POINT('Ctrl Pts',(-13.8363471860107,-4.69395013856831,2.77714685404534));
#5712=CARTESIAN_POINT('Ctrl Pts',(-13.8363471860107,-2.25530180318312,4.69110223865928));
#5713=CARTESIAN_POINT('Ctrl Pts',(-13.8363471860107,-0.753693731871041,
5.03910892995984));
#5714=CARTESIAN_POINT('Ctrl Pts',(-13.8363471860107,7.00020814616517E-16,
5.03910892995984));
#5715=CARTESIAN_POINT('Ctrl Pts',(-14.,3.83693983797884E-18,4.54166224323929));
#5716=CARTESIAN_POINT('Ctrl Pts',(-14.,0.679345965665666,4.54166224323929));
#5717=CARTESIAN_POINT('Ctrl Pts',(-14.,2.03245846852006,4.22803819798692));
#5718=CARTESIAN_POINT('Ctrl Pts',(-14.,4.23253575162096,2.50437385103259));
#5719=CARTESIAN_POINT('Ctrl Pts',(-14.,5.06692616058255,-1.15401611910853));
#5720=CARTESIAN_POINT('Ctrl Pts',(-14.,2.25627762112646,-4.6867827866883));
#5721=CARTESIAN_POINT('Ctrl Pts',(-14.,-2.25407196337542,-4.68278224250302));
#5722=CARTESIAN_POINT('Ctrl Pts',(-14.,-5.07213854938547,-1.15473287882651));
#5723=CARTESIAN_POINT('Ctrl Pts',(-14.,-4.23059408806747,2.50299568913582));
#5724=CARTESIAN_POINT('Ctrl Pts',(-14.,-2.03265838097244,4.22802659252114));
#5725=CARTESIAN_POINT('Ctrl Pts',(-14.,-0.679345965665658,4.54166224323929));
#5726=CARTESIAN_POINT('Ctrl Pts',(-14.,4.3001710342569E-16,4.54166224323929));
#5727=CARTESIAN_POINT('Ctrl Pts',(-14.,-1.11734628835094E-17,4.32881503754834));
#5728=CARTESIAN_POINT('Ctrl Pts',(-14.,0.647560275572761,4.32881503754834));
#5729=CARTESIAN_POINT('Ctrl Pts',(-14.,1.93719722975432,4.02989013020706));
#5730=CARTESIAN_POINT('Ctrl Pts',(-14.,4.03421523356351,2.38702669975338));
#5731=CARTESIAN_POINT('Ctrl Pts',(-14.,4.82945617901862,-1.0999279783766));
#5732=CARTESIAN_POINT('Ctrl Pts',(-14.,2.15055793496083,-4.46716868324661));
#5733=CARTESIAN_POINT('Ctrl Pts',(-14.,-2.14844385109054,-4.46331901888681));
#5734=CARTESIAN_POINT('Ctrl Pts',(-14.,-4.83445758479189,-1.10062387258579));
#5735=CARTESIAN_POINT('Ctrl Pts',(-14.,-4.03234194765568,2.38569251118182));
#5736=CARTESIAN_POINT('Ctrl Pts',(-14.,-1.93739079848358,4.02989408114385));
#5737=CARTESIAN_POINT('Ctrl Pts',(-14.,-0.647560275572753,4.32881503754834));
#5738=CARTESIAN_POINT('Ctrl Pts',(-14.,3.12071172643276E-16,4.32881503754834));
#5739=CARTESIAN_POINT('',(-14.,2.77555756156289E-16,4.32881503754834));
#5740=CARTESIAN_POINT('',(-13.0807777815003,4.16333634234434E-16,5.32554717308721));
#5741=CARTESIAN_POINT('Origin',(-13.,0.,4.32881503754834));
#5742=CARTESIAN_POINT('Ctrl Pts',(-13.0807777815003,6.93889390390723E-17,
5.32554717308721));
#5743=CARTESIAN_POINT('Ctrl Pts',(-13.0807777815003,0.796664390847533,5.32554717308721));
#5744=CARTESIAN_POINT('Ctrl Pts',(-13.0807777815004,2.38324694890946,4.95779325395504));
#5745=CARTESIAN_POINT('Ctrl Pts',(-13.0807777815004,4.96311423481318,2.93665198967591));
#5746=CARTESIAN_POINT('Ctrl Pts',(-13.0807777815003,5.94146353647109,-1.35319210569935));
#5747=CARTESIAN_POINT('Ctrl Pts',(-13.0807777815004,2.64573506415682,-5.49575746397366));
#5748=CARTESIAN_POINT('Ctrl Pts',(-13.0807777815003,-2.64313420150007,-5.4910213944094));
#5749=CARTESIAN_POINT('Ctrl Pts',(-13.0807777815004,-5.94761654188857,-1.35404823316296));
#5750=CARTESIAN_POINT('Ctrl Pts',(-13.0807777815003,-4.96080961509987,2.93501059725927));
#5751=CARTESIAN_POINT('Ctrl Pts',(-13.0807777815003,-2.38348508784356,4.95779811461553));
#5752=CARTESIAN_POINT('Ctrl Pts',(-13.0807777815003,-0.796664390847531,
5.32554717308721));
#5753=CARTESIAN_POINT('Ctrl Pts',(-13.0807777815003,8.32667268468867E-16,
5.32554717308721));
#5754=CARTESIAN_POINT('Ctrl Pts',(-14.,3.12071172643276E-16,4.32881503754834));
#5755=CARTESIAN_POINT('Ctrl Pts',(-14.,-0.647560275572753,4.32881503754834));
#5756=CARTESIAN_POINT('Ctrl Pts',(-14.,-1.93739079848358,4.02989408114385));
#5757=CARTESIAN_POINT('Ctrl Pts',(-14.,-4.03234194765568,2.38569251118182));
#5758=CARTESIAN_POINT('Ctrl Pts',(-14.,-4.83445758479189,-1.10062387258579));
#5759=CARTESIAN_POINT('Ctrl Pts',(-14.,-2.14844385109054,-4.46331901888681));
#5760=CARTESIAN_POINT('Ctrl Pts',(-14.,2.15055793496083,-4.46716868324661));
#5761=CARTESIAN_POINT('Ctrl Pts',(-14.,4.82945617901862,-1.0999279783766));
#5762=CARTESIAN_POINT('Ctrl Pts',(-14.,4.03421523356351,2.38702669975338));
#5763=CARTESIAN_POINT('Ctrl Pts',(-14.,1.93719722975432,4.02989013020706));
#5764=CARTESIAN_POINT('Ctrl Pts',(-14.,0.647560275572761,4.32881503754834));
#5765=CARTESIAN_POINT('Ctrl Pts',(-14.,-1.11734628835094E-17,4.32881503754834));
#5766=CARTESIAN_POINT('Ctrl Pts',(-14.,0.,5.25));
#5767=CARTESIAN_POINT('Ctrl Pts',(-14.,5.25,5.25));
#5768=CARTESIAN_POINT('Ctrl Pts',(-14.,5.25,0.));
#5769=CARTESIAN_POINT('Ctrl Pts',(-14.,5.25,-5.25));
#5770=CARTESIAN_POINT('Ctrl Pts',(-14.,0.,-5.25));
#5771=CARTESIAN_POINT('Ctrl Pts',(-14.,-5.25,-5.25));
#5772=CARTESIAN_POINT('Ctrl Pts',(-14.,-5.25,0.));
#5773=CARTESIAN_POINT('Ctrl Pts',(-14.,-5.25,5.25));
#5774=CARTESIAN_POINT('Ctrl Pts',(-14.,0.,5.25));
#5775=CARTESIAN_POINT('Ctrl Pts',(-13.4402894102088,0.,5.29663777438071));
#5776=CARTESIAN_POINT('Ctrl Pts',(-13.4402894102088,5.29663777438071,5.29663777438071));
#5777=CARTESIAN_POINT('Ctrl Pts',(-13.4402894102088,5.29663777438071,0.));
#5778=CARTESIAN_POINT('Ctrl Pts',(-13.4402894102088,5.29663777438071,-5.29663777438071));
#5779=CARTESIAN_POINT('Ctrl Pts',(-13.4402894102088,0.,-5.29663777438071));
#5780=CARTESIAN_POINT('Ctrl Pts',(-13.4402894102088,-5.29663777438071,-5.29663777438071));
#5781=CARTESIAN_POINT('Ctrl Pts',(-13.4402894102088,-5.29663777438071,0.));
#5782=CARTESIAN_POINT('Ctrl Pts',(-13.4402894102088,-5.29663777438071,5.29663777438071));
#5783=CARTESIAN_POINT('Ctrl Pts',(-13.4402894102088,0.,5.29663777438071));
#5784=CARTESIAN_POINT('Ctrl Pts',(-12.320834585226,0.,5.38797909772196));
#5785=CARTESIAN_POINT('Ctrl Pts',(-12.320834585226,5.38797909772196,5.38797909772196));
#5786=CARTESIAN_POINT('Ctrl Pts',(-12.320834585226,5.38797909772196,0.));
#5787=CARTESIAN_POINT('Ctrl Pts',(-12.320834585226,5.38797909772196,-5.38797909772196));
#5788=CARTESIAN_POINT('Ctrl Pts',(-12.320834585226,0.,-5.38797909772196));
#5789=CARTESIAN_POINT('Ctrl Pts',(-12.320834585226,-5.38797909772196,-5.38797909772196));
#5790=CARTESIAN_POINT('Ctrl Pts',(-12.320834585226,-5.38797909772196,0.));
#5791=CARTESIAN_POINT('Ctrl Pts',(-12.320834585226,-5.38797909772196,5.38797909772196));
#5792=CARTESIAN_POINT('Ctrl Pts',(-12.320834585226,0.,5.38797909772196));
#5793=CARTESIAN_POINT('Ctrl Pts',(-10.6415514539881,0.,5.51919084612994));
#5794=CARTESIAN_POINT('Ctrl Pts',(-10.6415514539881,5.51919084612994,5.51919084612994));
#5795=CARTESIAN_POINT('Ctrl Pts',(-10.6415514539881,5.51919084612994,0.));
#5796=CARTESIAN_POINT('Ctrl Pts',(-10.6415514539881,5.51919084612994,-5.51919084612994));
#5797=CARTESIAN_POINT('Ctrl Pts',(-10.6415514539881,0.,-5.51919084612994));
#5798=CARTESIAN_POINT('Ctrl Pts',(-10.6415514539881,-5.51919084612994,-5.51919084612994));
#5799=CARTESIAN_POINT('Ctrl Pts',(-10.6415514539881,-5.51919084612994,0.));
#5800=CARTESIAN_POINT('Ctrl Pts',(-10.6415514539881,-5.51919084612994,5.51919084612994));
#5801=CARTESIAN_POINT('Ctrl Pts',(-10.6415514539881,0.,5.51919084612994));
#5802=CARTESIAN_POINT('Ctrl Pts',(-8.40229146886765,0.,5.6817332312896));
#5803=CARTESIAN_POINT('Ctrl Pts',(-8.40229146886765,5.6817332312896,5.6817332312896));
#5804=CARTESIAN_POINT('Ctrl Pts',(-8.40229146886765,5.6817332312896,0.));
#5805=CARTESIAN_POINT('Ctrl Pts',(-8.40229146886765,5.6817332312896,-5.6817332312896));
#5806=CARTESIAN_POINT('Ctrl Pts',(-8.40229146886765,0.,-5.6817332312896));
#5807=CARTESIAN_POINT('Ctrl Pts',(-8.40229146886765,-5.6817332312896,-5.6817332312896));
#5808=CARTESIAN_POINT('Ctrl Pts',(-8.40229146886765,-5.6817332312896,0.));
#5809=CARTESIAN_POINT('Ctrl Pts',(-8.40229146886765,-5.6817332312896,5.6817332312896));
#5810=CARTESIAN_POINT('Ctrl Pts',(-8.40229146886765,0.,5.6817332312896));
#5811=CARTESIAN_POINT('Ctrl Pts',(-5.60268083792211,0.,5.8541174950218));
#5812=CARTESIAN_POINT('Ctrl Pts',(-5.60268083792211,5.8541174950218,5.8541174950218));
#5813=CARTESIAN_POINT('Ctrl Pts',(-5.60268083792211,5.8541174950218,0.));
#5814=CARTESIAN_POINT('Ctrl Pts',(-5.60268083792211,5.8541174950218,-5.8541174950218));
#5815=CARTESIAN_POINT('Ctrl Pts',(-5.60268083792211,0.,-5.8541174950218));
#5816=CARTESIAN_POINT('Ctrl Pts',(-5.60268083792211,-5.8541174950218,-5.8541174950218));
#5817=CARTESIAN_POINT('Ctrl Pts',(-5.60268083792211,-5.8541174950218,0.));
#5818=CARTESIAN_POINT('Ctrl Pts',(-5.60268083792211,-5.8541174950218,5.8541174950218));
#5819=CARTESIAN_POINT('Ctrl Pts',(-5.60268083792211,0.,5.8541174950218));
#5820=CARTESIAN_POINT('Ctrl Pts',(-3.36229379696641,0.,5.95186707017958));
#5821=CARTESIAN_POINT('Ctrl Pts',(-3.36229379696641,5.95186707017958,5.95186707017958));
#5822=CARTESIAN_POINT('Ctrl Pts',(-3.36229379696641,5.95186707017958,0.));
#5823=CARTESIAN_POINT('Ctrl Pts',(-3.36229379696641,5.95186707017958,-5.95186707017958));
#5824=CARTESIAN_POINT('Ctrl Pts',(-3.36229379696641,0.,-5.95186707017958));
#5825=CARTESIAN_POINT('Ctrl Pts',(-3.36229379696641,-5.95186707017958,-5.95186707017958));
#5826=CARTESIAN_POINT('Ctrl Pts',(-3.36229379696641,-5.95186707017958,0.));
#5827=CARTESIAN_POINT('Ctrl Pts',(-3.36229379696641,-5.95186707017958,5.95186707017958));
#5828=CARTESIAN_POINT('Ctrl Pts',(-3.36229379696641,0.,5.95186707017958));
#5829=CARTESIAN_POINT('Ctrl Pts',(-1.68141322500985,0.,5.99124426191473));
#5830=CARTESIAN_POINT('Ctrl Pts',(-1.68141322500985,5.99124426191473,5.99124426191473));
#5831=CARTESIAN_POINT('Ctrl Pts',(-1.68141322500985,5.99124426191473,0.));
#5832=CARTESIAN_POINT('Ctrl Pts',(-1.68141322500985,5.99124426191473,-5.99124426191473));
#5833=CARTESIAN_POINT('Ctrl Pts',(-1.68141322500985,0.,-5.99124426191473));
#5834=CARTESIAN_POINT('Ctrl Pts',(-1.68141322500985,-5.99124426191473,-5.99124426191473));
#5835=CARTESIAN_POINT('Ctrl Pts',(-1.68141322500985,-5.99124426191473,0.));
#5836=CARTESIAN_POINT('Ctrl Pts',(-1.68141322500985,-5.99124426191473,5.99124426191473));
#5837=CARTESIAN_POINT('Ctrl Pts',(-1.68141322500985,0.,5.99124426191473));
#5838=CARTESIAN_POINT('Ctrl Pts',(-0.560521843011427,0.,6.));
#5839=CARTESIAN_POINT('Ctrl Pts',(-0.560521843011427,6.,6.));
#5840=CARTESIAN_POINT('Ctrl Pts',(-0.560521843011427,6.,0.));
#5841=CARTESIAN_POINT('Ctrl Pts',(-0.560521843011427,6.,-6.));
#5842=CARTESIAN_POINT('Ctrl Pts',(-0.560521843011427,0.,-6.));
#5843=CARTESIAN_POINT('Ctrl Pts',(-0.560521843011427,-6.,-6.));
#5844=CARTESIAN_POINT('Ctrl Pts',(-0.560521843011427,-6.,0.));
#5845=CARTESIAN_POINT('Ctrl Pts',(-0.560521843011427,-6.,6.));
#5846=CARTESIAN_POINT('Ctrl Pts',(-0.560521843011427,0.,6.));
#5847=CARTESIAN_POINT('Ctrl Pts',(0.,0.,6.));
#5848=CARTESIAN_POINT('Ctrl Pts',(0.,6.,6.));
#5849=CARTESIAN_POINT('Ctrl Pts',(0.,6.,0.));
#5850=CARTESIAN_POINT('Ctrl Pts',(0.,6.,-6.));
#5851=CARTESIAN_POINT('Ctrl Pts',(0.,0.,-6.));
#5852=CARTESIAN_POINT('Ctrl Pts',(0.,-6.,-6.));
#5853=CARTESIAN_POINT('Ctrl Pts',(0.,-6.,0.));
#5854=CARTESIAN_POINT('Ctrl Pts',(0.,-6.,6.));
#5855=CARTESIAN_POINT('Ctrl Pts',(0.,0.,6.));
#5856=CARTESIAN_POINT('',(0.,0.,6.));
#5857=CARTESIAN_POINT('Ctrl Pts',(-13.0807777815003,0.,5.32554717308721));
#5858=CARTESIAN_POINT('Ctrl Pts',(-12.7048930984832,0.,5.3560098517864));
#5859=CARTESIAN_POINT('Ctrl Pts',(-11.769256523618,0.,5.43073590932876));
#5860=CARTESIAN_POINT('Ctrl Pts',(-10.2737983643758,0.,5.54571882299768));
#5861=CARTESIAN_POINT('Ctrl Pts',(-8.21838118120287,0.,5.69305739157869));
#5862=CARTESIAN_POINT('Ctrl Pts',(-5.60268083792211,0.,5.8541174950218));
#5863=CARTESIAN_POINT('Ctrl Pts',(-3.36229379696641,0.,5.95186707017958));
#5864=CARTESIAN_POINT('Ctrl Pts',(-1.68141322500985,0.,5.99124426191473));
#5865=CARTESIAN_POINT('Ctrl Pts',(-0.560521843011427,0.,6.));
#5866=CARTESIAN_POINT('Ctrl Pts',(0.,0.,6.));
#5867=CARTESIAN_POINT('Origin',(0.,0.,0.));
#5868=CARTESIAN_POINT('Origin',(-14.,0.,3.75));
#5869=CARTESIAN_POINT('',(-14.,-4.59242549680257E-16,-3.75));
#5870=CARTESIAN_POINT('Origin',(-14.,0.,0.));
#5871=CARTESIAN_POINT('Ctrl Pts',(14.,-5.55111512312578E-16,4.32881503754834));
#5872=CARTESIAN_POINT('Ctrl Pts',(14.,1.29512055114552,4.32881503754834));
#5873=CARTESIAN_POINT('Ctrl Pts',(14.,3.87408959733844,3.09147112782124));
#5874=CARTESIAN_POINT('Ctrl Pts',(14.,4.82941464034415,-1.10207746089629));
#5875=CARTESIAN_POINT('Ctrl Pts',(14.,2.15032224109226,-4.4674124617085));
#5876=CARTESIAN_POINT('Ctrl Pts',(14.,-2.14767932513586,-4.46178544454084));
#5877=CARTESIAN_POINT('Ctrl Pts',(14.,-4.83644196168222,-1.10381765170209));
#5878=CARTESIAN_POINT('Ctrl Pts',(14.,-3.8696020468803,3.0902524576367));
#5879=CARTESIAN_POINT('Ctrl Pts',(14.,-1.29512055114551,4.32881503754834));
#5880=CARTESIAN_POINT('Ctrl Pts',(14.,1.38777878078145E-16,4.32881503754834));
#5881=CARTESIAN_POINT('Ctrl Pts',(14.,-6.09703456555547E-16,4.61261131180294));
#5882=CARTESIAN_POINT('Ctrl Pts',(14.,1.38032614095188,4.61261131180294));
#5883=CARTESIAN_POINT('Ctrl Pts',(14.,4.1280366457233,3.2943198243548));
#5884=CARTESIAN_POINT('Ctrl Pts',(14.,5.14613065894177,-1.17431955747156));
#5885=CARTESIAN_POINT('Ctrl Pts',(14.,2.29132877646923,-4.76047467685541));
#5886=CARTESIAN_POINT('Ctrl Pts',(14.,-2.28846606332466,-4.75428565706263));
#5887=CARTESIAN_POINT('Ctrl Pts',(14.,-5.15379548918651,-1.1762714572731));
#5888=CARTESIAN_POINT('Ctrl Pts',(14.,-4.1231310536211,3.29297186134145));
#5889=CARTESIAN_POINT('Ctrl Pts',(14.,-1.38032614095182,4.61261131180294));
#5890=CARTESIAN_POINT('Ctrl Pts',(14.,7.50872764613472E-17,4.61261131180294));
#5891=CARTESIAN_POINT('Ctrl Pts',(13.7755309808007,-7.04431117612536E-16,
5.1050531482244));
#5892=CARTESIAN_POINT('Ctrl Pts',(13.7755309808007,1.527204857034,5.1050531482244));
#5893=CARTESIAN_POINT('Ctrl Pts',(13.7755309808007,4.56880642418847,3.64574025822446));
#5894=CARTESIAN_POINT('Ctrl Pts',(13.7755309808007,5.69536728487972,-1.29970587251291));
#5895=CARTESIAN_POINT('Ctrl Pts',(13.7755309808007,2.5358989491997,-5.26841011568742));
#5896=CARTESIAN_POINT('Ctrl Pts',(13.7755309808007,-2.53280636438019,-5.26187473222352));
#5897=CARTESIAN_POINT('Ctrl Pts',(13.7755309808007,-5.70356256949874,-1.30170722037341));
#5898=CARTESIAN_POINT('Ctrl Pts',(13.7755309808007,-4.56357873023602,3.64432880889002));
#5899=CARTESIAN_POINT('Ctrl Pts',(13.7755309808007,-1.52720485703384,5.1050531482244));
#5900=CARTESIAN_POINT('Ctrl Pts',(13.7755309808007,-3.54283281051394E-17,
5.1050531482244));
#5901=CARTESIAN_POINT('Ctrl Pts',(13.2929294313722,-7.43538679882562E-16,
5.30835384801295));
#5902=CARTESIAN_POINT('Ctrl Pts',(13.2929294313722,1.58838001001927,5.30835384801295));
#5903=CARTESIAN_POINT('Ctrl Pts',(13.2929294313721,4.75070700902214,3.79113267758341));
#5904=CARTESIAN_POINT('Ctrl Pts',(13.2929294313722,5.92229673021761,-1.35145276780715));
#5905=CARTESIAN_POINT('Ctrl Pts',(13.2929294313722,2.63692525117356,-5.47843127626845));
#5906=CARTESIAN_POINT('Ctrl Pts',(13.2929294313722,-2.63365377840119,-5.47140434365771));
#5907=CARTESIAN_POINT('Ctrl Pts',(13.2929294313721,-5.931030146187,-1.35365074673668));
#5908=CARTESIAN_POINT('Ctrl Pts',(13.2929294313722,-4.74512279841557,3.78960585252646));
#5909=CARTESIAN_POINT('Ctrl Pts',(13.2929294313722,-1.58838001001907,5.30835384801295));
#5910=CARTESIAN_POINT('Ctrl Pts',(13.2929294313722,-8.105381742017E-17,
5.30835384801295));
#5911=CARTESIAN_POINT('Ctrl Pts',(13.0807777815003,-7.46846041990365E-16,
5.32554717308721));
#5912=CARTESIAN_POINT('Ctrl Pts',(13.0807777815003,1.59332878169521,5.32554717308721));
#5913=CARTESIAN_POINT('Ctrl Pts',(13.0807777815003,4.76611883955128,3.80329840444592));
#5914=CARTESIAN_POINT('Ctrl Pts',(13.0807777815003,5.94141243330119,-1.35583651772828));
#5915=CARTESIAN_POINT('Ctrl Pts',(13.0807777815004,2.64544510055138,-5.49605737369199));
#5916=CARTESIAN_POINT('Ctrl Pts',(13.0807777815003,-2.64219363947527,-5.48913470660867));
#5917=CARTESIAN_POINT('Ctrl Pts',(13.0807777815003,-5.95005783185982,-1.35797739650137));
#5918=CARTESIAN_POINT('Ctrl Pts',(13.0807777815003,-4.76059800730301,3.80179912912465));
#5919=CARTESIAN_POINT('Ctrl Pts',(13.0807777815003,-1.593328781695,5.32554717308721));
#5920=CARTESIAN_POINT('Ctrl Pts',(13.0807777815003,-8.49124065459402E-17,
5.32554717308721));
#5921=CARTESIAN_POINT('',(13.0807777815003,6.93889390390723E-17,5.32554717308721));
#5922=CARTESIAN_POINT('',(14.,-5.55111512312578E-16,4.32881503754834));
#5923=CARTESIAN_POINT('Origin',(13.,-5.55111512312578E-16,4.32881503754834));
#5924=CARTESIAN_POINT('Ctrl Pts',(14.,-5.55111512312578E-16,4.32881503754834));
#5925=CARTESIAN_POINT('Ctrl Pts',(14.,1.29512055114552,4.32881503754834));
#5926=CARTESIAN_POINT('Ctrl Pts',(14.,3.87408959733844,3.09147112782124));
#5927=CARTESIAN_POINT('Ctrl Pts',(14.,4.82941464034415,-1.10207746089629));
#5928=CARTESIAN_POINT('Ctrl Pts',(14.,2.15032224109226,-4.4674124617085));
#5929=CARTESIAN_POINT('Ctrl Pts',(14.,-2.14767932513586,-4.46178544454084));
#5930=CARTESIAN_POINT('Ctrl Pts',(14.,-4.83644196168222,-1.10381765170209));
#5931=CARTESIAN_POINT('Ctrl Pts',(14.,-3.8696020468803,3.0902524576367));
#5932=CARTESIAN_POINT('Ctrl Pts',(14.,-1.29512055114551,4.32881503754834));
#5933=CARTESIAN_POINT('Ctrl Pts',(14.,1.38777878078145E-16,4.32881503754834));
#5934=CARTESIAN_POINT('Ctrl Pts',(13.0807777815003,-8.49124065459402E-17,
5.32554717308721));
#5935=CARTESIAN_POINT('Ctrl Pts',(13.0807777815003,-1.593328781695,5.32554717308721));
#5936=CARTESIAN_POINT('Ctrl Pts',(13.0807777815003,-4.76059800730301,3.80179912912465));
#5937=CARTESIAN_POINT('Ctrl Pts',(13.0807777815003,-5.95005783185982,-1.35797739650137));
#5938=CARTESIAN_POINT('Ctrl Pts',(13.0807777815003,-2.64219363947527,-5.48913470660867));
#5939=CARTESIAN_POINT('Ctrl Pts',(13.0807777815004,2.64544510055138,-5.49605737369199));
#5940=CARTESIAN_POINT('Ctrl Pts',(13.0807777815003,5.94141243330119,-1.35583651772828));
#5941=CARTESIAN_POINT('Ctrl Pts',(13.0807777815003,4.76611883955128,3.80329840444592));
#5942=CARTESIAN_POINT('Ctrl Pts',(13.0807777815003,1.59332878169521,5.32554717308721));
#5943=CARTESIAN_POINT('Ctrl Pts',(13.0807777815003,-7.46846041990365E-16,
5.32554717308721));
#5944=CARTESIAN_POINT('Ctrl Pts',(0.,0.,6.));
#5945=CARTESIAN_POINT('Ctrl Pts',(0.,6.,6.));
#5946=CARTESIAN_POINT('Ctrl Pts',(0.,6.,0.));
#5947=CARTESIAN_POINT('Ctrl Pts',(0.,6.,-6.));
#5948=CARTESIAN_POINT('Ctrl Pts',(0.,0.,-6.));
#5949=CARTESIAN_POINT('Ctrl Pts',(0.,-6.,-6.));
#5950=CARTESIAN_POINT('Ctrl Pts',(0.,-6.,0.));
#5951=CARTESIAN_POINT('Ctrl Pts',(0.,-6.,6.));
#5952=CARTESIAN_POINT('Ctrl Pts',(0.,0.,6.));
#5953=CARTESIAN_POINT('Ctrl Pts',(0.560521843011427,0.,6.));
#5954=CARTESIAN_POINT('Ctrl Pts',(0.560521843011427,6.,6.));
#5955=CARTESIAN_POINT('Ctrl Pts',(0.560521843011427,6.,0.));
#5956=CARTESIAN_POINT('Ctrl Pts',(0.560521843011427,6.,-6.));
#5957=CARTESIAN_POINT('Ctrl Pts',(0.560521843011427,0.,-6.));
#5958=CARTESIAN_POINT('Ctrl Pts',(0.560521843011427,-6.,-6.));
#5959=CARTESIAN_POINT('Ctrl Pts',(0.560521843011427,-6.,0.));
#5960=CARTESIAN_POINT('Ctrl Pts',(0.560521843011427,-6.,6.));
#5961=CARTESIAN_POINT('Ctrl Pts',(0.560521843011427,0.,6.));
#5962=CARTESIAN_POINT('Ctrl Pts',(1.68141322500985,0.,5.99124426191473));
#5963=CARTESIAN_POINT('Ctrl Pts',(1.68141322500985,5.99124426191473,5.99124426191473));
#5964=CARTESIAN_POINT('Ctrl Pts',(1.68141322500985,5.99124426191473,0.));
#5965=CARTESIAN_POINT('Ctrl Pts',(1.68141322500985,5.99124426191473,-5.99124426191473));
#5966=CARTESIAN_POINT('Ctrl Pts',(1.68141322500985,0.,-5.99124426191473));
#5967=CARTESIAN_POINT('Ctrl Pts',(1.68141322500985,-5.99124426191473,-5.99124426191473));
#5968=CARTESIAN_POINT('Ctrl Pts',(1.68141322500985,-5.99124426191473,0.));
#5969=CARTESIAN_POINT('Ctrl Pts',(1.68141322500985,-5.99124426191473,5.99124426191473));
#5970=CARTESIAN_POINT('Ctrl Pts',(1.68141322500985,0.,5.99124426191473));
#5971=CARTESIAN_POINT('Ctrl Pts',(3.36229379696641,0.,5.95186707017958));
#5972=CARTESIAN_POINT('Ctrl Pts',(3.36229379696641,5.95186707017958,5.95186707017958));
#5973=CARTESIAN_POINT('Ctrl Pts',(3.36229379696641,5.95186707017958,0.));
#5974=CARTESIAN_POINT('Ctrl Pts',(3.36229379696641,5.95186707017958,-5.95186707017958));
#5975=CARTESIAN_POINT('Ctrl Pts',(3.36229379696641,0.,-5.95186707017958));
#5976=CARTESIAN_POINT('Ctrl Pts',(3.36229379696641,-5.95186707017958,-5.95186707017958));
#5977=CARTESIAN_POINT('Ctrl Pts',(3.36229379696641,-5.95186707017958,0.));
#5978=CARTESIAN_POINT('Ctrl Pts',(3.36229379696641,-5.95186707017958,5.95186707017958));
#5979=CARTESIAN_POINT('Ctrl Pts',(3.36229379696641,0.,5.95186707017958));
#5980=CARTESIAN_POINT('Ctrl Pts',(5.60268083792211,0.,5.8541174950218));
#5981=CARTESIAN_POINT('Ctrl Pts',(5.60268083792211,5.8541174950218,5.8541174950218));
#5982=CARTESIAN_POINT('Ctrl Pts',(5.60268083792211,5.8541174950218,0.));
#5983=CARTESIAN_POINT('Ctrl Pts',(5.60268083792211,5.8541174950218,-5.8541174950218));
#5984=CARTESIAN_POINT('Ctrl Pts',(5.60268083792211,0.,-5.8541174950218));
#5985=CARTESIAN_POINT('Ctrl Pts',(5.60268083792211,-5.8541174950218,-5.8541174950218));
#5986=CARTESIAN_POINT('Ctrl Pts',(5.60268083792211,-5.8541174950218,0.));
#5987=CARTESIAN_POINT('Ctrl Pts',(5.60268083792211,-5.8541174950218,5.8541174950218));
#5988=CARTESIAN_POINT('Ctrl Pts',(5.60268083792211,0.,5.8541174950218));
#5989=CARTESIAN_POINT('Ctrl Pts',(8.40229146886765,0.,5.6817332312896));
#5990=CARTESIAN_POINT('Ctrl Pts',(8.40229146886765,5.6817332312896,5.6817332312896));
#5991=CARTESIAN_POINT('Ctrl Pts',(8.40229146886765,5.6817332312896,0.));
#5992=CARTESIAN_POINT('Ctrl Pts',(8.40229146886765,5.6817332312896,-5.6817332312896));
#5993=CARTESIAN_POINT('Ctrl Pts',(8.40229146886765,0.,-5.6817332312896));
#5994=CARTESIAN_POINT('Ctrl Pts',(8.40229146886765,-5.6817332312896,-5.6817332312896));
#5995=CARTESIAN_POINT('Ctrl Pts',(8.40229146886765,-5.6817332312896,0.));
#5996=CARTESIAN_POINT('Ctrl Pts',(8.40229146886765,-5.6817332312896,5.6817332312896));
#5997=CARTESIAN_POINT('Ctrl Pts',(8.40229146886765,0.,5.6817332312896));
#5998=CARTESIAN_POINT('Ctrl Pts',(10.6415514539881,0.,5.51919084612994));
#5999=CARTESIAN_POINT('Ctrl Pts',(10.6415514539881,5.51919084612994,5.51919084612994));
#6000=CARTESIAN_POINT('Ctrl Pts',(10.6415514539881,5.51919084612994,0.));
#6001=CARTESIAN_POINT('Ctrl Pts',(10.6415514539881,5.51919084612994,-5.51919084612994));
#6002=CARTESIAN_POINT('Ctrl Pts',(10.6415514539881,0.,-5.51919084612994));
#6003=CARTESIAN_POINT('Ctrl Pts',(10.6415514539881,-5.51919084612994,-5.51919084612994));
#6004=CARTESIAN_POINT('Ctrl Pts',(10.6415514539881,-5.51919084612994,0.));
#6005=CARTESIAN_POINT('Ctrl Pts',(10.6415514539881,-5.51919084612994,5.51919084612994));
#6006=CARTESIAN_POINT('Ctrl Pts',(10.6415514539881,0.,5.51919084612994));
#6007=CARTESIAN_POINT('Ctrl Pts',(12.320834585226,0.,5.38797909772196));
#6008=CARTESIAN_POINT('Ctrl Pts',(12.320834585226,5.38797909772196,5.38797909772196));
#6009=CARTESIAN_POINT('Ctrl Pts',(12.320834585226,5.38797909772196,0.));
#6010=CARTESIAN_POINT('Ctrl Pts',(12.320834585226,5.38797909772196,-5.38797909772196));
#6011=CARTESIAN_POINT('Ctrl Pts',(12.320834585226,0.,-5.38797909772196));
#6012=CARTESIAN_POINT('Ctrl Pts',(12.320834585226,-5.38797909772196,-5.38797909772196));
#6013=CARTESIAN_POINT('Ctrl Pts',(12.320834585226,-5.38797909772196,0.));
#6014=CARTESIAN_POINT('Ctrl Pts',(12.320834585226,-5.38797909772196,5.38797909772196));
#6015=CARTESIAN_POINT('Ctrl Pts',(12.320834585226,0.,5.38797909772196));
#6016=CARTESIAN_POINT('Ctrl Pts',(13.4402894102088,0.,5.29663777438071));
#6017=CARTESIAN_POINT('Ctrl Pts',(13.4402894102088,5.29663777438071,5.29663777438071));
#6018=CARTESIAN_POINT('Ctrl Pts',(13.4402894102088,5.29663777438071,0.));
#6019=CARTESIAN_POINT('Ctrl Pts',(13.4402894102088,5.29663777438071,-5.29663777438071));
#6020=CARTESIAN_POINT('Ctrl Pts',(13.4402894102088,0.,-5.29663777438071));
#6021=CARTESIAN_POINT('Ctrl Pts',(13.4402894102088,-5.29663777438071,-5.29663777438071));
#6022=CARTESIAN_POINT('Ctrl Pts',(13.4402894102088,-5.29663777438071,0.));
#6023=CARTESIAN_POINT('Ctrl Pts',(13.4402894102088,-5.29663777438071,5.29663777438071));
#6024=CARTESIAN_POINT('Ctrl Pts',(13.4402894102088,0.,5.29663777438071));
#6025=CARTESIAN_POINT('Ctrl Pts',(14.,0.,5.25));
#6026=CARTESIAN_POINT('Ctrl Pts',(14.,5.25,5.25));
#6027=CARTESIAN_POINT('Ctrl Pts',(14.,5.25,0.));
#6028=CARTESIAN_POINT('Ctrl Pts',(14.,5.25,-5.25));
#6029=CARTESIAN_POINT('Ctrl Pts',(14.,0.,-5.25));
#6030=CARTESIAN_POINT('Ctrl Pts',(14.,-5.25,-5.25));
#6031=CARTESIAN_POINT('Ctrl Pts',(14.,-5.25,0.));
#6032=CARTESIAN_POINT('Ctrl Pts',(14.,-5.25,5.25));
#6033=CARTESIAN_POINT('Ctrl Pts',(14.,0.,5.25));
#6034=CARTESIAN_POINT('Ctrl Pts',(13.0807777815003,0.,5.32554717308721));
#6035=CARTESIAN_POINT('Ctrl Pts',(12.7048930984832,0.,5.3560098517864));
#6036=CARTESIAN_POINT('Ctrl Pts',(11.769256523618,0.,5.43073590932876));
#6037=CARTESIAN_POINT('Ctrl Pts',(10.2737983643758,0.,5.54571882299768));
#6038=CARTESIAN_POINT('Ctrl Pts',(8.21838118120287,0.,5.69305739157869));
#6039=CARTESIAN_POINT('Ctrl Pts',(5.60268083792211,0.,5.8541174950218));
#6040=CARTESIAN_POINT('Ctrl Pts',(3.36229379696641,0.,5.95186707017958));
#6041=CARTESIAN_POINT('Ctrl Pts',(1.68141322500985,0.,5.99124426191473));
#6042=CARTESIAN_POINT('Ctrl Pts',(0.560521843011427,0.,6.));
#6043=CARTESIAN_POINT('Ctrl Pts',(0.,0.,6.));
#6044=CARTESIAN_POINT('Origin',(14.,0.,5.25));
#6045=CARTESIAN_POINT('',(14.,-4.59242549680257E-16,-3.75));
#6046=CARTESIAN_POINT('Origin',(14.,0.,0.));
#6047=CARTESIAN_POINT('Origin',(12.5,0.,3.75));
#6048=CARTESIAN_POINT('',(12.5,-4.59242549680257E-16,-3.75));
#6049=CARTESIAN_POINT('Origin',(12.5,0.,0.));
#6050=CARTESIAN_POINT('',(12.5,-1.22464681739602E-16,-1.00000001490116));
#6051=CARTESIAN_POINT('Origin',(12.5,0.,0.));
#6052=CARTESIAN_POINT('Origin',(13.25,0.,0.));
#6053=CARTESIAN_POINT('',(13.25,-4.59242549680257E-16,-3.75));
#6054=CARTESIAN_POINT('Origin',(-13.25,0.,0.));
#6055=CARTESIAN_POINT('',(-12.5,-4.59242549680257E-16,-3.75));
#6056=CARTESIAN_POINT('',(-13.25,-4.59242549680257E-16,-3.75));
#6057=CARTESIAN_POINT('Origin',(-12.5,0.,0.));
#6058=CARTESIAN_POINT('Origin',(-12.5,0.,1.00000001490116));
#6059=CARTESIAN_POINT('',(-12.5,-1.22464681739602E-16,-1.00000001490116));
#6060=CARTESIAN_POINT('Origin',(-12.5,0.,0.));
#6061=CARTESIAN_POINT('Origin',(0.,0.,0.));
#6062=CARTESIAN_POINT('',(0.,-1.22464681739602E-16,-1.00000001490116));
#6063=CARTESIAN_POINT('',(0.,0.,0.));
#6064=CARTESIAN_POINT('Origin',(0.,-2.8,0.));
#6065=CARTESIAN_POINT('',(-1.4875,-2.8,-1.82166211373169E-16));
#6066=CARTESIAN_POINT('Origin',(0.,-2.8,0.));
#6067=CARTESIAN_POINT('',(-1.,-2.8,-1.22464679914735E-16));
#6068=CARTESIAN_POINT('Origin',(0.,-2.8,0.));
#6069=CARTESIAN_POINT('Origin',(0.,-1.3,0.));
#6070=CARTESIAN_POINT('',(-1.,1.5,-1.22464679914735E-16));
#6071=CARTESIAN_POINT('',(-1.,-1.3,1.22464679914735E-16));
#6072=CARTESIAN_POINT('Origin',(0.,1.5,0.));
#6073=CARTESIAN_POINT('Origin',(0.,-0.5,0.));
#6074=CARTESIAN_POINT('',(-1.4875,-0.5,-1.82166211373169E-16));
#6075=CARTESIAN_POINT('',(-1.4875,-0.5,-1.82166211373169E-16));
#6076=CARTESIAN_POINT('Origin',(0.,-0.5,0.));
#6077=CARTESIAN_POINT('Origin',(0.,0.,0.));
#6078=CARTESIAN_POINT('',(-2.5,-0.5,-3.06161699786838E-16));
#6079=CARTESIAN_POINT('Origin',(0.,-0.5,0.));
#6080=CARTESIAN_POINT('',(-2.5,0.,-3.06161699786838E-16));
#6081=CARTESIAN_POINT('',(-2.5,0.,-3.06161699786838E-16));
#6082=CARTESIAN_POINT('Origin',(0.,0.,0.));
#6083=CARTESIAN_POINT('Origin',(0.,-0.5,0.));
#6084=CARTESIAN_POINT('Origin',(0.,0.,0.));
#6085=CARTESIAN_POINT('',(-3.75,1.5,4.59242549680257E-16));
#6086=CARTESIAN_POINT('Origin',(0.,1.5,0.));
#6087=CARTESIAN_POINT('',(-3.75,0.,4.59242549680257E-16));
#6088=CARTESIAN_POINT('',(-3.75,0.,4.59242549680257E-16));
#6089=CARTESIAN_POINT('Origin',(0.,0.,0.));
#6090=CARTESIAN_POINT('Origin',(0.,1.5,0.));
#6091=CARTESIAN_POINT('Origin',(0.,0.,0.));
#6092=CARTESIAN_POINT('',(0.,0.,0.));
#6093=CARTESIAN_POINT('Origin',(0.,2.5,0.));
#6094=CARTESIAN_POINT('',(0.9,11.5,-1.10218211923262E-16));
#6095=CARTESIAN_POINT('Origin',(0.,11.5,0.));
#6096=CARTESIAN_POINT('',(0.9,2.5,-1.10218211923262E-16));
#6097=CARTESIAN_POINT('',(0.9,2.5,-1.10218211923262E-16));
#6098=CARTESIAN_POINT('Origin',(0.,2.5,0.));
#6099=CARTESIAN_POINT('Origin',(0.,11.5,0.));
#6100=CARTESIAN_POINT('Origin',(0.,0.5,0.));
#6101=CARTESIAN_POINT('',(-2.5,1.,-3.06161699786838E-16));
#6102=CARTESIAN_POINT('Origin',(0.,1.,0.));
#6103=CARTESIAN_POINT('',(-1.5,0.,1.83697019872103E-16));
#6104=CARTESIAN_POINT('',(-2.,0.5,2.44929359829471E-16));
#6105=CARTESIAN_POINT('Origin',(0.,0.,0.));
#6106=CARTESIAN_POINT('Origin',(0.,0.,0.));
#6107=CARTESIAN_POINT('',(-2.5,2.5,3.06161699786838E-16));
#6108=CARTESIAN_POINT('Origin',(0.,2.5,0.));
#6109=CARTESIAN_POINT('',(-2.5,0.,3.06161699786838E-16));
#6110=CARTESIAN_POINT('Origin',(0.,0.,0.));
#6111=CARTESIAN_POINT('Origin',(0.,2.5,0.));
#6112=CARTESIAN_POINT('',(0.,-13.75,0.));
#6113=CARTESIAN_POINT('',(0.00788574176810664,-0.00780923887687024,23.0000000000027));
#6114=CARTESIAN_POINT('',(-9.90738067710776,-9.89168569773482,23.0000000000006));
#6115=CARTESIAN_POINT('',(9.90738067837977,9.89168569773479,23.0000000000006));
#6116=CARTESIAN_POINT('',(0.,13.75,0.));
#6117=CARTESIAN_POINT('',(1.27198814464741E-9,-13.75,4.86173068582902E-62));
#6118=CARTESIAN_POINT('',(16.2690320287715,-0.00780923887687024,16.2578799058136));
#6119=CARTESIAN_POINT('',(9.25787990671153,-9.89168569773482,23.2690320278705));
#6120=CARTESIAN_POINT('',(23.2690320287699,9.89168569773479,9.25787990581208));
#6121=CARTESIAN_POINT('',(23.0000000000027,-0.00780923887687024,-0.00788574176810523));
#6122=CARTESIAN_POINT('',(23.0000000000006,-9.89168569773482,9.90738067710776));
#6123=CARTESIAN_POINT('',(23.0000000000006,9.89168569773479,-9.90738067837977));
#6124=CARTESIAN_POINT('',(16.2578799058136,-0.00780923887687024,-16.2690320287715));
#6125=CARTESIAN_POINT('',(23.2690320278705,-9.89168569773482,-9.25787990671153));
#6126=CARTESIAN_POINT('',(9.25787990581208,9.89168569773479,-23.2690320287699));
#6127=CARTESIAN_POINT('',(-0.00788574176810382,-0.00780923887687024,-23.0000000000027));
#6128=CARTESIAN_POINT('',(9.90738067710777,-9.89168569773482,-23.0000000000006));
#6129=CARTESIAN_POINT('',(-9.90738067837976,9.89168569773479,-23.0000000000006));
#6130=CARTESIAN_POINT('',(-16.2690320287715,-0.00780923887687024,-16.2578799058136));
#6131=CARTESIAN_POINT('',(-9.25787990671153,-9.89168569773482,-23.2690320278705));
#6132=CARTESIAN_POINT('',(-23.2690320287699,9.89168569773479,-9.25787990581209));
#6133=CARTESIAN_POINT('',(-23.0000000000027,-0.00780923887687024,0.00788574176810241));
#6134=CARTESIAN_POINT('',(-23.0000000000006,-9.89168569773482,-9.90738067710777));
#6135=CARTESIAN_POINT('',(-23.0000000000006,9.89168569773479,9.90738067837976));
#6136=CARTESIAN_POINT('',(-16.2578799058136,-0.00780923887687024,16.2690320287714));
#6137=CARTESIAN_POINT('',(-23.2690320278705,-9.89168569773482,9.25787990671153));
#6138=CARTESIAN_POINT('',(-9.25787990581209,9.89168569773479,23.2690320287699));
#6139=CARTESIAN_POINT('',(-13.5107779933818,-13.9816101607704,22.9999999999934));
#6140=CARTESIAN_POINT('',(13.9816101614064,13.5107779940179,22.9999999999934));
#6141=CARTESIAN_POINT('',(6.70989322905968,-13.9816101607704,25.8170187055122));
#6142=CARTESIAN_POINT('',(26.1499473243232,13.5107779940179,6.37696461024875));
#6143=CARTESIAN_POINT('',(22.9999999999934,-13.9816101607704,13.5107779933818));
#6144=CARTESIAN_POINT('',(22.9999999999934,13.5107779940179,-13.9816101614064));
#6145=CARTESIAN_POINT('',(25.8170187055122,-13.9816101607704,-6.70989322905968));
#6146=CARTESIAN_POINT('',(6.37696461024875,13.5107779940179,-26.1499473243232));
#6147=CARTESIAN_POINT('',(13.5107779933818,-13.9816101607704,-22.9999999999934));
#6148=CARTESIAN_POINT('',(-13.9816101614064,13.5107779940179,-22.9999999999934));
#6149=CARTESIAN_POINT('',(-6.70989322905968,-13.9816101607704,-25.8170187055122));
#6150=CARTESIAN_POINT('',(-26.1499473243232,13.5107779940179,-6.37696461024875));
#6151=CARTESIAN_POINT('',(-22.9999999999934,-13.9816101607704,-13.5107779933818));
#6152=CARTESIAN_POINT('',(-22.9999999999935,13.5107779940179,13.9816101614064));
#6153=CARTESIAN_POINT('',(-25.8170187055122,-13.9816101607704,6.70989322905968));
#6154=CARTESIAN_POINT('',(-6.37696461024875,13.5107779940179,26.1499473243232));
#6155=UNCERTAINTY_MEASURE_WITH_UNIT(LENGTH_MEASURE(0.01),#6169,
'DISTANCE_ACCURACY_VALUE',
'Maximum model space distance between geometric entities at asserted c
onnectivities');
#6156=UNCERTAINTY_MEASURE_WITH_UNIT(LENGTH_MEASURE(0.01),#6169,
'DISTANCE_ACCURACY_VALUE',
'Maximum model space distance between geometric entities at asserted c
onnectivities');
#6157=UNCERTAINTY_MEASURE_WITH_UNIT(LENGTH_MEASURE(0.01),#6169,
'DISTANCE_ACCURACY_VALUE',
'Maximum model space distance between geometric entities at asserted c
onnectivities');
#6158=UNCERTAINTY_MEASURE_WITH_UNIT(LENGTH_MEASURE(0.01),#6169,
'DISTANCE_ACCURACY_VALUE',
'Maximum model space distance between geometric entities at asserted c
onnectivities');
#6159=UNCERTAINTY_MEASURE_WITH_UNIT(LENGTH_MEASURE(0.01),#6169,
'DISTANCE_ACCURACY_VALUE',
'Maximum model space distance between geometric entities at asserted c
onnectivities');
#6160=UNCERTAINTY_MEASURE_WITH_UNIT(LENGTH_MEASURE(0.01),#6169,
'DISTANCE_ACCURACY_VALUE',
'Maximum model space distance between geometric entities at asserted c
onnectivities');
#6161=UNCERTAINTY_MEASURE_WITH_UNIT(LENGTH_MEASURE(0.01),#6169,
'DISTANCE_ACCURACY_VALUE',
'Maximum model space distance between geometric entities at asserted c
onnectivities');
#6162=(
GEOMETRIC_REPRESENTATION_CONTEXT(3)
GLOBAL_UNCERTAINTY_ASSIGNED_CONTEXT((#6155))
GLOBAL_UNIT_ASSIGNED_CONTEXT((#6169,#6171,#6172))
REPRESENTATION_CONTEXT('','3D')
);
#6163=(
GEOMETRIC_REPRESENTATION_CONTEXT(3)
GLOBAL_UNCERTAINTY_ASSIGNED_CONTEXT((#6156))
GLOBAL_UNIT_ASSIGNED_CONTEXT((#6169,#6171,#6172))
REPRESENTATION_CONTEXT('','3D')
);
#6164=(
GEOMETRIC_REPRESENTATION_CONTEXT(3)
GLOBAL_UNCERTAINTY_ASSIGNED_CONTEXT((#6157))
GLOBAL_UNIT_ASSIGNED_CONTEXT((#6169,#6171,#6172))
REPRESENTATION_CONTEXT('','3D')
);
#6165=(
GEOMETRIC_REPRESENTATION_CONTEXT(3)
GLOBAL_UNCERTAINTY_ASSIGNED_CONTEXT((#6158))
GLOBAL_UNIT_ASSIGNED_CONTEXT((#6169,#6171,#6172))
REPRESENTATION_CONTEXT('','3D')
);
#6166=(
GEOMETRIC_REPRESENTATION_CONTEXT(3)
GLOBAL_UNCERTAINTY_ASSIGNED_CONTEXT((#6159))
GLOBAL_UNIT_ASSIGNED_CONTEXT((#6169,#6171,#6172))
REPRESENTATION_CONTEXT('','3D')
);
#6167=(
GEOMETRIC_REPRESENTATION_CONTEXT(3)
GLOBAL_UNCERTAINTY_ASSIGNED_CONTEXT((#6160))
GLOBAL_UNIT_ASSIGNED_CONTEXT((#6169,#6171,#6172))
REPRESENTATION_CONTEXT('','3D')
);
#6168=(
GEOMETRIC_REPRESENTATION_CONTEXT(3)
GLOBAL_UNCERTAINTY_ASSIGNED_CONTEXT((#6161))
GLOBAL_UNIT_ASSIGNED_CONTEXT((#6169,#6171,#6172))
REPRESENTATION_CONTEXT('','3D')
);
#6169=(
LENGTH_UNIT()
NAMED_UNIT(*)
SI_UNIT(.MILLI.,.METRE.)
);
#6170=(
LENGTH_UNIT()
NAMED_UNIT(*)
SI_UNIT($,.METRE.)
);
#6171=(
NAMED_UNIT(*)
PLANE_ANGLE_UNIT()
SI_UNIT($,.RADIAN.)
);
#6172=(
NAMED_UNIT(*)
SI_UNIT($,.STERADIAN.)
SOLID_ANGLE_UNIT()
);
#6173=SHAPE_DEFINITION_REPRESENTATION(#6179,#6228);
#6174=SHAPE_DEFINITION_REPRESENTATION(#6180,#6229);
#6175=SHAPE_DEFINITION_REPRESENTATION(#6181,#6230);
#6176=SHAPE_DEFINITION_REPRESENTATION(#6182,#6231);
#6177=SHAPE_DEFINITION_REPRESENTATION(#6183,#6232);
#6178=SHAPE_DEFINITION_REPRESENTATION(#6184,#6233);
#6179=PRODUCT_DEFINITION_SHAPE('',$,#6235);
#6180=PRODUCT_DEFINITION_SHAPE('',$,#6236);
#6181=PRODUCT_DEFINITION_SHAPE('',$,#6237);
#6182=PRODUCT_DEFINITION_SHAPE('',$,#6238);
#6183=PRODUCT_DEFINITION_SHAPE('',$,#6239);
#6184=PRODUCT_DEFINITION_SHAPE('',$,#6240);
#6185=PRODUCT_DEFINITION_SHAPE($,$,#140);
#6186=PRODUCT_DEFINITION_SHAPE($,$,#141);
#6187=PRODUCT_DEFINITION_SHAPE($,$,#142);
#6188=PRODUCT_DEFINITION_SHAPE($,$,#143);
#6189=PRODUCT_DEFINITION_SHAPE($,$,#144);
#6190=PRODUCT_DEFINITION_SHAPE($,$,#145);
#6191=PRODUCT_DEFINITION_SHAPE($,$,#146);
#6192=PRODUCT_DEFINITION_SHAPE($,$,#147);
#6193=PRODUCT_DEFINITION_SHAPE($,$,#148);
#6194=PRODUCT_DEFINITION_SHAPE($,$,#149);
#6195=PRODUCT_DEFINITION_SHAPE($,$,#150);
#6196=PRODUCT_DEFINITION_SHAPE($,$,#151);
#6197=PRODUCT_DEFINITION_SHAPE($,$,#152);
#6198=PRODUCT_DEFINITION_SHAPE($,$,#153);
#6199=PRODUCT_DEFINITION_SHAPE($,$,#154);
#6200=PRODUCT_DEFINITION_SHAPE($,$,#155);
#6201=PRODUCT_DEFINITION_SHAPE($,$,#156);
#6202=PRODUCT_DEFINITION_SHAPE($,$,#157);
#6203=PRODUCT_DEFINITION_SHAPE($,$,#158);
#6204=PRODUCT_DEFINITION_SHAPE($,$,#159);
#6205=PRODUCT_DEFINITION_SHAPE($,$,#160);
#6206=PRODUCT_DEFINITION_SHAPE($,$,#161);
#6207=PRODUCT_DEFINITION_SHAPE($,$,#162);
#6208=PRODUCT_DEFINITION_SHAPE($,$,#163);
#6209=PRODUCT_DEFINITION_SHAPE($,$,#164);
#6210=PRODUCT_DEFINITION_SHAPE($,$,#165);
#6211=PRODUCT_DEFINITION_SHAPE($,$,#166);
#6212=PRODUCT_DEFINITION_SHAPE($,$,#167);
#6213=PRODUCT_DEFINITION_SHAPE($,$,#168);
#6214=PRODUCT_DEFINITION_SHAPE($,$,#169);
#6215=PRODUCT_DEFINITION_SHAPE($,$,#170);
#6216=PRODUCT_DEFINITION_SHAPE($,$,#171);
#6217=PRODUCT_DEFINITION_SHAPE($,$,#172);
#6218=PRODUCT_DEFINITION_SHAPE($,$,#173);
#6219=PRODUCT_DEFINITION_SHAPE($,$,#174);
#6220=PRODUCT_DEFINITION_SHAPE($,$,#175);
#6221=PRODUCT_DEFINITION_SHAPE($,$,#176);
#6222=PRODUCT_DEFINITION_SHAPE($,$,#177);
#6223=PRODUCT_DEFINITION_SHAPE($,$,#178);
#6224=PRODUCT_DEFINITION_SHAPE($,$,#179);
#6225=PRODUCT_DEFINITION_SHAPE($,$,#180);
#6226=PRODUCT_DEFINITION_SHAPE($,$,#181);
#6227=PRODUCT_DEFINITION_SHAPE($,$,#182);
#6228=SHAPE_REPRESENTATION('',(#3399,#3758,#3759,#3760,#3761,#3762,#3763,
#3764,#3765,#3766,#3767,#3768,#3769,#3770,#3771,#3772,#3773,#3774,#3775,
#3776,#3777,#3778,#3779,#3780,#3781,#3782,#3783,#3784,#3785,#3786,#3787,
#3788,#3789,#3790,#3791,#3792,#3793,#3794,#3795,#3796,#3797,#3798,#3799,
#3800),#6162);
#6229=SHAPE_REPRESENTATION('',(#3400),#6163);
#6230=SHAPE_REPRESENTATION('',(#3446),#6164);
#6231=SHAPE_REPRESENTATION('',(#3712),#6165);
#6232=SHAPE_REPRESENTATION('',(#3729),#6166);
#6233=SHAPE_REPRESENTATION('',(#3746),#6167);
#6234=PRODUCT_DEFINITION_CONTEXT('part definition',#6254,'design');
#6235=PRODUCT_DEFINITION('Mecanum Wheel Assembly',
'Mecanum Wheel Assembly v6',#6241,#6234);
#6236=PRODUCT_DEFINITION('Internal connector','Internal connector v2',#6242,
#6234);
#6237=PRODUCT_DEFINITION('Side Panel','Side Panel v15',#6243,#6234);
#6238=PRODUCT_DEFINITION('Roller','Roller v4',#6244,#6234);
#6239=PRODUCT_DEFINITION('Roller joint','Roller joint v3',#6245,#6234);
#6240=PRODUCT_DEFINITION('miniwheel connector pin',
'miniwheel connector pin v2',#6246,#6234);
#6241=PRODUCT_DEFINITION_FORMATION('',$,#6256);
#6242=PRODUCT_DEFINITION_FORMATION('',$,#6257);
#6243=PRODUCT_DEFINITION_FORMATION('',$,#6258);
#6244=PRODUCT_DEFINITION_FORMATION('',$,#6259);
#6245=PRODUCT_DEFINITION_FORMATION('',$,#6260);
#6246=PRODUCT_DEFINITION_FORMATION('',$,#6261);
#6247=PRODUCT_RELATED_PRODUCT_CATEGORY('Mecanum Wheel Assembly v6',
'Mecanum Wheel Assembly v6',(#6256));
#6248=PRODUCT_RELATED_PRODUCT_CATEGORY('Internal connector v2',
'Internal connector v2',(#6257));
#6249=PRODUCT_RELATED_PRODUCT_CATEGORY('Side Panel v15',
'Side Panel v15',(#6258));
#6250=PRODUCT_RELATED_PRODUCT_CATEGORY('Roller v4','Roller v4',(#6259));
#6251=PRODUCT_RELATED_PRODUCT_CATEGORY('Roller joint v3',
'Roller joint v3',(#6260));
#6252=PRODUCT_RELATED_PRODUCT_CATEGORY('miniwheel connector pin v2',
'miniwheel connector pin v2',(#6261));
#6253=APPLICATION_PROTOCOL_DEFINITION('international standard',
'automotive_design',2009,#6254);
#6254=APPLICATION_CONTEXT(
'Core Data for Automotive Mechanical Design Process');
#6255=PRODUCT_CONTEXT('part definition',#6254,'mechanical');
#6256=PRODUCT('Mecanum Wheel Assembly','Mecanum Wheel Assembly v6',$,(#6255));
#6257=PRODUCT('Internal connector','Internal connector v2',$,(#6255));
#6258=PRODUCT('Side Panel','Side Panel v15',$,(#6255));
#6259=PRODUCT('Roller','Roller v4',$,(#6255));
#6260=PRODUCT('Roller joint','Roller joint v3',$,(#6255));
#6261=PRODUCT('miniwheel connector pin','miniwheel connector pin v2',$,
(#6255));
#6262=PRESENTATION_STYLE_ASSIGNMENT((#6263));
#6263=SURFACE_STYLE_USAGE(.BOTH.,#6264);
#6264=SURFACE_SIDE_STYLE('',(#6265));
#6265=SURFACE_STYLE_FILL_AREA(#6266);
#6266=FILL_AREA_STYLE('Steel - Satin',(#6267));
#6267=FILL_AREA_STYLE_COLOUR('Steel - Satin',#6268);
#6268=COLOUR_RGB('Steel - Satin',0.627450980392157,0.627450980392157,0.627450980392157);
ENDSEC;
END-ISO-10303-21;
